lottery_id,lottery_name,lottery_status,address,borough,postcode,deadline,unit_type,ami_tier,income_range_min,income_range_max,date_applied,application_status,documents_submitted,eligibility_interview_date,notes
2069,Hooper Street Apartments,Tenant Selection,301 HOOPER STREET,Brooklyn,11211,2021-04-07,Studio/2BR/3BR,LI,76351,122160,,Not Applied,,,
2069,Hooper Street Apartments,Tenant Selection,293 HOOPER STREET,Brooklyn,11211,2021-04-07,2BR,LI,76351,122160,,Not Applied,,,
2244,KB25 - Waiting List,Tenant Selection,325 EAST 25 STREET,Manhattan,10010,2021-09-24,Studio/1BR/2BR,LI/Mod,76351,183240,,Not Applied,,,
2322,The Victoria Tower Residences,Tenant Selection,230 WEST 126 STREET,Manhattan,10027,2022-01-10,Studio/1BR/2BR,VLI/LI,35641,122160,,Not Applied,,,
2432,Capstone Condominiums,Tenant Selection,940 Myrtle Ave,Brooklyn,11206,2022-01-21,Studio/1BR/2BR,LI,76351,122160,,Not Applied,,,
2973,524 East 14th Street Waiting List,Tenant Selection,524 EAST 14 STREET,Manhattan,10009,2022-08-01,Studio/1BR/2BR,LI,76351,122160,,Not Applied,,,
2943,Park 79 Apartments,Tenant Selection,117 WEST 79 STREET,Manhattan,10024,2022-08-05,Studio,VLI,35641,76350,,Not Applied,,,
3170,435 West 31st Street Waiting List,Tenant Selection,435 WEST 31 STREET,Manhattan,10001,2022-10-17,Studio/1BR/2BR/3BR,VLI/LI,35641,122160,,Not Applied,,,
3198,555 Tenth Avenue - Waiting List,Tenant Selection,555 10 AVENUE,Manhattan,10018,2022-10-27,Studio/1BR/2BR/3BR,VLI/LI,35641,122160,,Not Applied,,,
3183,416 and 420 Kent Avenue Waiting List,Tenant Selection,416 KENT AVENUE,Brooklyn,11249,2022-11-14,Studio/1BR/2BR,VLI/LI,35641,122160,,Not Applied,,,
3183,416 and 420 Kent Avenue Waiting List,Tenant Selection,420 KENT AVENUE,Brooklyn,11249,2022-11-14,Studio/1BR/2BR,LI,76351,122160,,Not Applied,,,
3134,8 Marcy Avenue Apartments,Tenant Selection,8 Marcy Ave,Brooklyn,11211,2022-12-12,Studio/1BR/2BR,LI,76351,122160,,Not Applied,,,
3352,60 Fulton Street Apartments - Waiting list,Tenant Selection,56 FULTON STREET,Manhattan,10038,2023-01-23,Studio/1BR/2BR,VLI/LI,35641,122160,,Not Applied,,,
3370,American Copper - Waiting List,Tenant Selection,626 1 AVENUE,Manhattan,10016,2023-01-23,Studio/1BR/2BR/3BR,LI,76351,122160,,Not Applied,,,
3546,30th and 11th Apartments,Tenant Selection,606 WEST 30 STREET,Manhattan,10001,2023-06-26,Studio/1BR/2BR,VLI/LI,35641,122160,,Not Applied,,,
3855,Enclave at The Cathedral Waitlist,Tenant Selection,400 WEST 113 STREET,Manhattan,10025,2023-09-18,Studio/1BR/2BR,LI,76351,122160,,Not Applied,,,
3081,605 West 42nd Street Apartments - Waiting List,Tenant Selection,605 WEST 42 STREET,Manhattan,10036,2023-09-25,Studio/1BR/2BR,VLI/LI,35641,122160,,Not Applied,,,
3826,88 East 127th Street Apartments,Tenant Selection,88 E 127th St,Manhattan,10035,2023-10-09,Studio/1BR/2BR,VLI,35641,76350,,Not Applied,,,
3986,Virginia House Senior Residences,Tenant Selection,124 EAST 112 STREET,Manhattan,10029,2023-10-19,Studio/1BR,VLI,35641,76350,,Not Applied,,,
4167,Emerald Green - Waiting List,Tenant Selection,320 WEST 38 STREET,Manhattan,10018,2024-01-12,Studio/1BR/2BR,VLI,35641,76350,,Not Applied,,,
4387,221 West 29th Street Waitlist,Tenant Selection,221 WEST 29 STREET,Manhattan,10001,2024-02-05,Studio/1BR/2BR,VLI/LI,35641,122160,,Not Applied,,,
4129,LINDEN GROVE SENIOR RESIDENCES,Tenant Selection,223 Linden St,Brooklyn,11221,2024-02-09,Studio/1BR,VLI,35641,76350,,Not Applied,,,
4444,21 West End - Waiting List,Tenant Selection,21 WEST END AVENUE,Manhattan,10023,2024-02-12,Studio/1BR/2BR/3BR,VLI,35641,76350,,Not Applied,,,
4372,266 West 96th Street Apartments,Tenant Selection,266 W 96th St,Manhattan,10025,2024-02-16,Studio/1BR/2BR/3BR,LI,76351,122160,,Not Applied,,,
4461,42 West 33rd Street Waiting List,Tenant Selection,42 WEST 33 STREET,Manhattan,10001,2024-02-20,Studio/1BR/2BR,LI,76351,122160,,Not Applied,,,
4349,1638 Park Avenue Apartments,Tenant Selection,1638 Park Ave,Manhattan,10029,2024-03-18,Studio/1BR/2BR,VLI/LI,35641,122160,,Not Applied,,,
4452,633 Marcy Avenue Apartment - Waiting List,Tenant Selection,633 MARCY AVENUE,Brooklyn,11206,2024-03-25,1BR/2BR,LI,76351,122160,,Not Applied,,,
4505,The MiMa - Waiting List,Tenant Selection,450 WEST 42 STREET,Manhattan,10036,2024-04-01,Studio/1BR/2BR,VLI/LI,35641,122160,,Not Applied,,,
4316,Rheingold Senior Residences,Tenant Selection,15 Montieth St,Brooklyn,11206,2024-04-15,Studio/1BR,VLI,35641,76350,,Not Applied,,,
4586,645 East 9th Street Apartments,Tenant Selection,645 E 9th St,Manhattan,10009,2024-04-19,1BR/2BR,LI,76351,122160,,Not Applied,,,
4405,312 West 43rd Street Apartments,Tenant Selection,312 W 43rd St,Manhattan,10036,2024-04-22,Studio/1BR/2BR,VLI/LI,35641,122160,,Not Applied,,,
4574,451 Tenth Avenue Apartments,Tenant Selection,451 10 AVENUE,Manhattan,10018,2024-06-10,Studio/1BR/2BR,VLI/LI,35641,122160,,Not Applied,,,
4817,Amana NYC,Tenant Selection,112 Seaman Ave,Manhattan,10034,2024-06-25,Studio/1BR/2BR,LI,76351,122160,,Not Applied,,,
4727,1510 BROADWAY APARTMENTS,Tenant Selection,1510 BROADWAY,Brooklyn,11221,2024-07-18,Studio/1BR/2BR/3BR,ELI,0,35640,,Not Applied,,,
4846,828 Metropolitan Avenue Apartments,Tenant Selection,828 Metropolitan Ave,Brooklyn,11211,2024-08-09,Studio/1BR/2BR,VLI/LI,35641,122160,,Not Applied,,,
4709,606 West 57th Street - Waiting List,Tenant Selection,606 WEST 57 STREET,Manhattan,10019,2024-08-12,Studio/1BR/2BR/3BR,VLI/LI,35641,122160,,Not Applied,,,
4741,339 West 38TH Street Apartments,Tenant Selection,341 WEST 38 STREET,Manhattan,10018,2024-08-19,Studio/1BR/2BR,VLI/LI,35641,122160,,Not Applied,,,
4932,ATTORNEY STREET APARTMENTS,Tenant Selection,165 Broome St,Manhattan,10002,2024-08-28,Studio/1BR/2BR/3BR,ELI,0,35640,,Not Applied,,,
5182,VICTORY PLAZA Senior - Waiting List,Tenant Selection,11 WEST  118 STREET,Manhattan,10026,2024-09-19,Studio/1BR,VLI,35641,76350,,Not Applied,,,
4804,597 Grand Street Apartments,Tenant Selection,597 Grand St,Brooklyn,11211,2024-09-20,Studio/1BR/2BR,LI,76351,122160,,Not Applied,,,
4761,83rd and 2nd Apartments,Tenant Selection,300 E 83rd St,Manhattan,10028,2024-09-30,Studio/1BR/2BR,LI,76351,122160,,Not Applied,,,
5221,527 Grand Avenue Apartments,Tenant Selection,527 Grand St,Brooklyn,11211,2024-10-02,1BR/2BR,VLI/LI,35641,122160,,Not Applied,,,
5064,550 10th Avenue Apartments,Tenant Selection,550 10 AVENUE,Manhattan,10018,2024-10-09,Studio/1BR/2BR,LI,76351,122160,,Not Applied,,,
4993,160 Madison Avenue Waiting List,Tenant Selection,160 MADISON AVENUE,Manhattan,10016,2024-11-06,Studio/1BR/2BR,VLI,35641,76350,,Not Applied,,,
5258,The Welz,Tenant Selection,159 Boerum St,Brooklyn,11206,2024-11-18,Studio/1BR/2BR,LI,76351,122160,,Not Applied,,,
5050,Riverton Square Waiting List,Tenant Selection,2156 MADISON AVENUE,Manhattan,10037,2024-12-06,1BR/2BR,LI,76351,122160,,Not Applied,,,
5421,525 W 52nd Street - Waiting List,Tenant Selection,525 WEST 52 STREET,Manhattan,10019,2025-01-03,Studio/1BR/2BR,LI,76351,122160,,Not Applied,,,
5446,566 Grand Street Apartments,Tenant Selection,568 Grand Street,Brooklyn,11211,2025-01-03,Studio/1BR/2BR,LI,76351,122160,,Not Applied,,,
5392,Ray Harlem,Tenant Selection,2035 5th Ave,Manhattan,10035,2025-02-03,Studio/1BR/2BR,VLI/LI,35641,122160,,Not Applied,,,
5339,Tryon North,Tenant Selection,4778 Broadway,Manhattan,10034,2025-02-03,Studio/1BR/2BR,VLI/LI,35641,122160,,Not Applied,,,
5365,250 East 83rd Street Apartments,Tenant Selection,250 E 83rd St,Manhattan,10028,2025-02-10,Studio/1BR/2BR,VLI/LI,35641,122160,,Not Applied,,,
5482,NORTH COVE APARTMENTS,Tenant Selection,375 WEST  207 STREET,Manhattan,10034,2025-02-11,Studio/1BR/2BR,ELI,0,35640,,Not Applied,,,
5527,The Smile - Waiting List,Tenant Selection,158 EAST  126 STREET,Manhattan,10035,2025-02-28,Studio/1BR/2BR,LI,76351,122160,,Not Applied,,,
5734,Maison 78 AKA 356 East 78th Street Apartments,Tenant Selection,1487 1st Ave.,Manhattan,10075,2025-04-14,Studio/1BR/2BR,LI,76351,122160,,Not Applied,,,
6801,25 Water Street Apartments,Tenant Selection,25 WATER STREET,Manhattan,10004,2025-05-05,Studio/1BR/2BR/3BR,VLI/LI,35641,122160,,Not Applied,,,
6866,Riseboro TPT Ten,Tenant Selection,135 MENAHAN STREET,Brooklyn,11221,2025-05-06,Studio/1BR/2BR/3BR,LI,76351,122160,,Not Applied,,,
6866,Riseboro TPT Ten,Tenant Selection,160 BLEECKER STREET,Brooklyn,11221,2025-05-06,1BR/2BR,VLI/LI,35641,122160,,Not Applied,,,
6866,Riseboro TPT Ten,Tenant Selection,115 LINDEN STREET,Brooklyn,11221,2025-05-06,Studio/1BR,VLI/LI,35641,122160,,Not Applied,,,
6866,Riseboro TPT Ten,Tenant Selection,301 HARMAN STREET,Brooklyn,11237,2025-05-06,1BR/2BR,VLI/LI,35641,122160,,Not Applied,,,
6821,1026 Third Avenue Apartments,Tenant Selection,1026 3rd Ave,Manhattan,10065,2025-05-16,Studio/1BR/2BR,VLI/LI,35641,122160,,Not Applied,,,
7021,555 West 45th Street Apartments,Tenant Selection,555 W 45th St,Manhattan,10036,2025-05-19,Studio/1BR/2BR,LI,76351,122160,,Not Applied,,,
6842,The Houston aka 280 East Houston Street,Tenant Selection,280 EAST HOUSTON STREET,Manhattan,10002,2025-05-27,Studio/1BR/2BR,VLI/LI,35641,122160,,Not Applied,,,
6873,Miramar aka West 206th Street Apartments,Tenant Selection,407 WEST 206 STREET,Manhattan,10034,2025-06-02,Studio/1BR/2BR/3BR,VLI/LI,35641,122160,,Not Applied,,,
6873,Miramar aka West 206th Street Apartments,Tenant Selection,405 WEST 206 STREET,Manhattan,10034,2025-06-02,Studio/1BR/2BR/3BR,VLI/LI,35641,122160,,Not Applied,,,
7028,Bushwick Alliance,Tenant Selection,272 Jefferson St,Brooklyn,11237,2025-06-11,2BR,VLI/LI,35641,122160,,Not Applied,,,
7028,Bushwick Alliance,Tenant Selection,332 ELDERT STREET,Brooklyn,11237,2025-06-11,1BR/2BR,VLI/LI,35641,122160,,Not Applied,,,
7028,Bushwick Alliance,Tenant Selection,63 STOCKHOLM STREET,Brooklyn,11221,2025-06-11,Studio/1BR/2BR,VLI/LI,35641,122160,,Not Applied,,,
7052,The Hart,Tenant Selection,1038 Broadway,Brooklyn,11221,2025-06-27,Studio/1BR,LI/Mod,76351,183240,,Not Applied,,,
7113,185 Chrystie Street Apartments,Tenant Selection,183-185 Chrystie St,Manhattan,10002,2025-07-28,1BR/2BR,VLI/LI,35641,122160,,Not Applied,,,
7006,Williamsburg Wharf A1 aka 482 Kent Avenue,Tenant Selection,482 Kent Ave,Brooklyn,11249,2025-07-28,Studio/1BR/2BR,LI,76351,122160,,Not Applied,,,
7080,55 Broad Street Apartments,Tenant Selection,55 BROAD STREET,Manhattan,10004,2025-08-04,Studio/1BR/2BR/3BR,VLI/LI,35641,122160,,Not Applied,,,
7092,300 East 50th Street Apartments,Tenant Selection,300 E 50th St,Manhattan,10022,2025-08-21,Studio/1BR/2BR/3BR,LI,76351,122160,,Not Applied,,,
7131,335 8th Avenue Apartments,Tenant Selection,335 8 AVENUE,Manhattan,10001,2025-08-26,Studio/1BR/2BR,LI,76351,122160,,Not Applied,,,
7214,81A Malcolm X Boulevard,Tenant Selection,81A Malcolm X Blvd,Brooklyn,11221,2025-09-12,1BR,LI,76351,122160,,Not Applied,,,
7212,554 West 46th Street Apartments,Tenant Selection,554 W 46th St,Manhattan,10036,2025-09-16,Studio/1BR/2BR,LI,76351,122160,,Not Applied,,,
7175,Inwood Living,Tenant Selection,3880 9 AVENUE,Manhattan,10034,2025-10-06,Studio/1BR/2BR,VLI/LI,35641,122160,,Not Applied,,,
7250,330 Melrose Street Apartments,Tenant Selection,330 Melrose Street,Brooklyn,11237,2025-10-24,Studio,VLI/LI,35641,122160,,Not Applied,,,
7178,570 Washington Street Senior Apartments,Tenant Selection,570 WASHINGTON STREET,Manhattan,10014,2025-10-27,Studio/1BR/2BR,VLI,35641,76350,,Not Applied,,,
7235,250 West 49th Street Apartments,Tenant Selection,250 W 49th St,Manhattan,10019,2025-11-03,Studio/1BR/2BR,LI,76351,122160,,Not Applied,,,
7226,1601 DeKalb,Tenant Selection,1601 DEKALB AVENUE,Brooklyn,11237,2025-11-05,Studio/1BR/2BR/3BR,VLI/LI,35641,122160,,Not Applied,,,
7284,313 East 17th Street Apartments,Tenant Selection,313 EAST 17 STREET,Manhattan,10003,2025-12-15,Studio/1BR/2BR,VLI/LI,35641,122160,,Not Applied,,,
7286,The East,Tenant Selection,644 EAST 14 STREET,Manhattan,10009,2025-12-16,Studio/1BR/2BR,LI,76351,122160,,Not Applied,,,
7298,The Andrea,Tenant Selection,280 8th Ave,Manhattan,10001,2026-01-13,Studio/1BR/2BR,VLI/LI,35641,122160,,Not Applied,,,
7401,107 South 6th Street Apartments,Tenant Selection,107 SOUTH 6 STREET,Brooklyn,11249,2026-01-22,Studio/1BR/2BR,VLI/LI,35641,122160,,Not Applied,,,
7237,Williamsburg Wharf A3,Tenant Selection,470 Kent Ave,Brooklyn,11249,2026-01-23,Studio/1BR/2BR,LI,76351,122160,,Not Applied,,,
7278,622 11th Avenue Apartments,Tenant Selection,622 11th Ave,Manhattan,10036,2026-01-26,Studio/1BR/2BR,LI,76351,122160,,Not Applied,,,
7369,The Sophia Apartments,Tenant Selection,5055 BROADWAY,Manhattan,10034,2026-01-27,1BR/2BR,VLI/LI,35641,122160,,Not Applied,,,
7393,449 Humboldt Street Apartments,Tenant Selection,449 HUMBOLDT STREET,Brooklyn,11211,2026-02-11,1BR,LI,76351,122160,,Not Applied,,,
5549,IMPACCT Myrtle Residences,Tenant Selection,778 MYRTLE AVENUE,Brooklyn,11206,2026-02-16,Studio/1BR/2BR,VLI/LI,35641,122160,,Not Applied,,,
7314,37th and 1st Apartments,Tenant Selection,650 1 AVENUE,Manhattan,10016,2026-02-18,Studio/1BR/2BR,VLI/LI,35641,122160,,Not Applied,,,
7326,11 Gerry Street Apartments,Tenant Selection,11 GERRY STREET,Brooklyn,11206,2026-03-04,1BR/2BR/3BR/4BR,VLI/LI,35641,122160,,Not Applied,,,
7438,107 Mott Street Apartments,Tenant Selection,107 Mott St,Manhattan,10013,2026-03-12,1BR,LI,76351,122160,,Not Applied,,,
7372,The Lotus,Tenant Selection,255 E 39th St,Manhattan,10016,2026-03-30,Studio/1BR/2BR,LI,76351,122160,,Not Applied,,,
7416,Morningside ANCP,Tenant Selection,321 WEST  116 STREET,Manhattan,10026,2026-04-13,2BR/3BR,LI,76351,122160,,Not Applied,,,
7416,Morningside ANCP,Tenant Selection,357 WEST 115 STREET,Manhattan,10026,2026-04-13,2BR/3BR,LI,76351,122160,,Not Applied,,,
7488,74 West 126th Street Apartments,Tenant Selection,74 WEST 126 STREET,Manhattan,10027,2026-04-20,Studio,VLI/LI,35641,122160,,Not Applied,,,
7456,Forte Living,Tenant Selection,205 E 110th St,Manhattan,10029,2026-04-27,Studio/1BR/2BR,VLI/LI,35641,122160,,Not Applied,,,
7492,West Harlem Renaissance,Active,103-109 W 141st St,Manhattan,10030,2026-05-28,1BR/3BR,VLI/LI,35641,122160,,Not Applied,,,
7492,West Harlem Renaissance,Active,121-123 W 144th St,Manhattan,10030,2026-05-28,Studio/1BR,VLI/LI,35641,122160,,Not Applied,,,
7551,477 Central Avenue Apartments,Tenant Selection,477 CENTRAL AVENUE,Brooklyn,11221,2026-06-02,1BR/2BR,LI,76351,122160,,Not Applied,,,
7469,Aria Platt 7,Tenant Selection,7-13 Platt St,Manhattan,10038,2026-06-08,Studio/1BR/2BR,LI,76351,122160,,Not Applied,,,
7537,Two Waterline Square at 400 West 61st Street - Waiting List,Tenant Selection,400 WEST 31 STREET,Manhattan,10001,2026-06-09,Studio/1BR/2BR,LI,76351,122160,,Not Applied,,,
7540,One Waterline Square - Waiting List,Tenant Selection,675 WEST   59 STREET,Manhattan,10019,2026-06-11,Studio/1BR/2BR/3BR,LI,76351,122160,,Not Applied,,,
7474,Las Raices Apartments,Tenant Selection,338 E 117th St,Manhattan,10035,2026-06-16,Studio/1BR/3BR,VLI/LI,35641,122160,,Not Applied,,,
7474,Las Raices Apartments,Tenant Selection,1761 Park Ave,Manhattan,10035,2026-06-16,Studio/1BR/2BR,VLI/LI,35641,122160,,Not Applied,,,
7474,Las Raices Apartments,Tenant Selection,505 E 118th St,Manhattan,10035,2026-06-16,Studio/1BR/2BR/3BR,VLI/LI,35641,122160,,Not Applied,,,
7474,Las Raices Apartments,Tenant Selection,303 EAST 102 STREET,Manhattan,10029,2026-06-16,Studio/2BR,VLI/LI,35641,122160,,Not Applied,,,
7563,Three Waterline Square aka 635 West 59th Street - Waiting List,Active,635 WEST   59 STREET,Manhattan,10019,2026-06-23,1BR/2BR/3BR,VLI/LI,35641,122160,,Not Applied,,,
7523,WILLOW TREE RESIDENCES,Active,225 E 45th St,Manhattan,10017,2026-07-03,Studio,LI,76351,122160,,Not Applied,,,
7589,534 Third Avenue Apartments,Active,534 3rd Ave,Manhattan,10016,2026-07-07,Studio/1BR/2BR,VLI/LI,35641,122160,,Not Applied,,,
7584,343 Himrod Street Apartments,Active,343 Himrod St,Brooklyn,11237,2026-07-20,2BR,VLI/LI,35641,122160,,Not Applied,,,
7548,RIALTO WEST,Active,509 W 48th St,Manhattan,10036,2026-07-20,Studio/1BR/2BR/3BR,VLI/LI,35641,122160,,Not Applied,,,
7522,223 East 117th Street aka PETER JAY SHARP RESIDENCE,Active,223 EAST  117 STREET,Manhattan,10035,2026-07-23,Studio,LI,76351,122160,,Not Applied,,,