Fiscal Year,Provider Type,Site Name,Sponsor/Vendor,Geriatric Mental Health (GMH) Service Site,Site Type,DFTA ID,Site Address,Address Line 2,Borough,Zip Code,Community District,City Council District,X Coordinate,Y Coordinate,Latitude,Longitude,BIN,BBL,Census Tract (2020),Neighborhood Tabulation Area (NTA) (2020)
2023,Caregiver,PSS,PSS,,Main,1K1,325 East 156 Street,,Bronx,10451,201,17,1006947,238560,40.821439,-73.917995,2091224,2024160001,69,BX0102
2023,Older Adult Center,CCNS Pete McGuinness OAC,Catholic Charities Neighborhood Services Inc,,Main Site,C1711,715 Leonard Street,,Brooklyn,11222,301,33,997343,204877,40.729007,-73.95276,3333076,3025740053,575,BK0101
2023,Older Adult Center,Polish & Slavic Ctr Krakus OAC,Polish & Slavic Center Inc,Yes,Main Site,C5501,176 Java Street,,Brooklyn,11222,301,33,997116,205855,40.731692,-73.953577,3064615,3025510014,575,BK0101
2023,Older Adult Center,CCNS Northside OAC,Catholic Charities Neighborhood Services Inc,,Main Site,C1710,179 North 6th Street,,Brooklyn,11211,301,33,996076,200387,40.716685,-73.957339,3062100,3023280025,553,BK0102
2023,Older Adult Center,"Southside Los Sures ""David Santiago""",Southside United Housing Development Fund Corp,,Main Site,C7101,201 South 4th Street,,Brooklyn,11211,301,34,995295,198272,40.710881,-73.96016,3321304,3024320025,523,BK0102
2023,Older Adult Center,Bergen Basin Independence Older Adult Center,Bergen Basin Community Development Corporation,,Main Site,C0802,114 Taylor Street,,Brooklyn,11249,301,33,994314,196314,40.705508,-73.963702,3059905,3021760001,545,BK0103
2023,Older Adult Center,Congregation Yetev Lev --Williamsburg Satmar,Congregation Yetev Lev DSatmar,,Main Site,C2301,125 Heyward Street,,Brooklyn,11206,301,33,996407,194919,40.701676,-73.956155,3060997,3022250042,533,BK0103
2023,Elder Justice,JASA Elder Justice Brooklyn North,JASA,,Main Site,1.00E+04,204 Graham Ave,,Brooklyn,11206,301,34,999926,197572,40.708953,-73.943458,3344974,3030260001,49301,BK0104
2023,Grandparents Resource Center,GRC - MAP - Bushwick Houses,Grandparents Resource Center,,Satellite,DFTA04,50 Humboldt St,,Brooklyn,11206,301,34,1000675,195469,40.703179,-73.940761,3338434,3031290001,489,BK0104
2023,Naturally Occurring Retirement Community (NORC),JASA BUSHWICK HYLAN NORC,Jewish Association for Services for the Aged,,Main Site,N68-02,50 HUMBOLDT STREET,,Brooklyn,11206,301,34,1000675,195469,40.703179,-73.940761,3338434,3031290001,489,BK0104
2023,Naturally Occurring Retirement Community (NORC),LINDSAY PARK NORC,St Nick`s Alliance Corp.,,Main Site,N64,31 LEONARD STREET,,Brooklyn,11206,301,34,999205,195869,40.70428,-73.946062,3327972,3030770001,491,BK0104
2023,Older Adult Center,Borinquen Plaza,RiseBoro Community Partnership Inc,Yes,Main Site,W2001,80 Seigel Street,,Brooklyn,11206,301,34,999839,195901,40.704366,-73.943775,3071447,3030960030,491,BK0104
2023,Older Adult Center,JASA Williamsburg Older Adult Center,The Jewish Association For Services For The Aged,,Main Site,C8311,202 Graham Avenue,,Brooklyn,11206,301,34,999930,197545,40.708879,-73.943443,3344974,3030260001,49301,BK0104
2023,Older Adult Center,St Nicks Alliance Cooper Park Social Club,St Nicks Alliance Corp.,,Main Site,C7501,288 Frost Street,,Brooklyn,11211,301,34,1000922,201174,40.718837,-73.939856,3327829,3028670001,44901,BK0104
2023,Older Adult Center,St Nicks Alliance Swinging Sixties OAC,St Nicks Alliance Corp.,,Main Site,C7502,211 Ainslie Street,,Brooklyn,11211,301,34,999372,199036,40.712972,-73.945453,3069039,3027700001,495,BK0104
2023,Case Management Agency,CCNS BENSON RIDGE,CCNS,,Corporate Office,2MH,191 JORALEMON STREET,,Brooklyn,11201,310,43,978477,170243,40.692671,-73.991785,3002244,3002550008,9,BK0201
2023,Case Management Agency,CCNS SOUTHWEST,CCNS,,Corporate Office,4MF,191 JORALEMON STREET,,Brooklyn,11201,412,27,1046080,197638,40.692671,-73.991785,3002244,3002550008,9,BK0201
2023,Legal Services,"Brooklyn Legal Services, Inc.","Brooklyn Legal Services, Inc.",,Main Site,20I,"105 Court Street, 3rd Floor",,Brooklyn,11201,302,33,986517,190951,40.690793,-73.991825,3002702,3002710023,9,BK0201
2023,Older Adult Center,CCNS St Charles Jubilee OAC,Catholic Charities Neighborhood Services Inc,,Main Site,C1719,55 Pierrepont Street,,Brooklyn,11201,302,33,985604,192769,40.695783,-73.995117,3001825,3002367502,501,BK0201
2023,Case Management Agency,HEIGHTS & HILLS,HEIGHTS & HILLS,,Main,2ME,81 WILLOUGHBY ST,Ste 302,Brooklyn,11201,302,33,988201,191458,40.692184,-73.985753,3000350,3001480046,11,BK0202
2023,Grandparents Resource Center,GRC - MAP - Ingersoll Communitiy Center,Grandparents Resource Center,,Satellite,DFTA07,177 Myrtle Avenue,,Brooklyn,11201,302,35,989157,191979,40.693614,-73.982305,3257034,3020500001,1501,BK0202
2023,Older Adult Center,RAICES  Farragut OAC Satellite,Spanish Speaking Elderly Council RAICES Inc,,Affiliated,C7207,228 York Street,,Brooklyn,11201,302,35,989307,194781,40.701304,-73.981762,3325909,3000710001,23,BK0202
2023,Older Adult Center,Times Plaza Center OAC,Spanish Speaking Elderly Council RAICES Inc,,Main Site,C7205,460 Atlantic Avenue,,Brooklyn,11217,302,33,988903,189313,40.686296,-73.983223,3000937,3001840025,41,BK0202
2023,Older Adult Center,SAGE Center Brooklyn at Stonewall House,Services and Advocacy for Gay Lesbian Bisexual and Transgend,,Main Site,C6903,271 Myrtle Avenue,,Brooklyn,11201,302,35,990339,191921,40.693454,-73.978042,,,2901,BK0203
2023,Older Adult Center,Willoughby OAC,"Fort Greene Council, Inc.",,Main Site,C3504,105 North Portland Avenue,,Brooklyn,11205,302,35,990873,192405,40.694782,-73.976116,3399809,3020410001,18501,BK0203
2023,Older Adult Center,Grace Agard Harewood OAC,"Fort Greene Council, Inc.",Yes,Main Site,C3501,966 Fulton Street,,Brooklyn,11238,302,35,994740,187927,40.682487,-73.962178,3057638,3020140026,201,BK0204
2023,Older Adult Center,CCNS New Age OAC,Catholic Charities Neighborhood Services Inc,,Main Site,C1713,54 MacDonough Street,,Brooklyn,11216,303,36,999676,187362,40.680929,-73.944383,3053461,3018540025,269,BK0301
2023,Older Adult Center,Wayside Out Tompkins Louis Armstrong Center,Wayside Out-Reach Development Inc,,Affiliated,C9006,360 Nostrand Avenue,,Brooklyn,11216,303,36,997849,189683,40.687303,-73.950965,3350437,3018020051,243,BK0301
2023,Older Adult Center,Wayside Out Tompkins Park Senior Center,Wayside Out-Reach Development Inc,,Main Site,C9005,550 Greene Avenue,,Brooklyn,11216,303,36,998456,190180,40.688666,-73.948775,3050417,3017980040,251,BK0301
2023,Older Adult Center,Brevoort Senior Club,RiseBoro Community Partnership Inc,,Affiliated,W2002,280 Ralph Avenue,,Brooklyn,11233,303,41,1005842,186953,40.679794,-73.922153,3325173,3016880001,381,BK0302
2023,Older Adult Center,Maria Lawton OAC,"Fort Greene Council, Inc.",,Main Site,C3509,400 Hart Street,,Brooklyn,11206,303,36,1002373,192413,40.694788,-73.934645,3341752,3015950024,287,BK0302
2023,Older Adult Center,Stuyvesant Gardens Senior Club,RiseBoro Community Partnership Inc,,Affiliated,W2009,150 Malcolm X Boulevard,,Brooklyn,11221,303,36,1003623,190063,40.688335,-73.930144,3044658,3016360024,293,BK0302
2023,Older Adult Center,Stuyvesant Heights OAC,"Fort Greene Council, Inc.",,Main Site,C3510,562-74 Madison Street,,Brooklyn,11221,303,36,1002195,189383,40.686471,-73.935295,3045125,3016450001,293,BK0302
2023,Older Adult Center,Sumner Senior Club,RiseBoro Community Partnership Inc,,Affiliated,W2010,862 Park Avenue,,Brooklyn,11206,303,36,1000683,193794,40.698582,-73.940736,3324728,3015800001,28502,BK0302
2023,Case Management Agency,RiseBoro Community Partnership,RiseBoro Community Partnership,,Corporate Office,2MP,555 BUSHWICK AVENUE,,Brooklyn,11206,304,34,1006461,191294,40.699372,-73.935647,3071908,3031510012,391,BK0401
2023,Older Adult Center,Diana Jones ISC,RiseBoro Community Partnership Inc,Yes,Main Site,W2003,9 Noll Street,,Brooklyn,11206,304,34,1002086,194371,40.700163,-73.935675,3387594,3031450100,391,BK0401
2023,Older Adult Center,Ridgewood Bushwick,RiseBoro Community Partnership Inc,Yes,Main Site,W2006,319 Stanhope Street,,Brooklyn,11237,304,37,1006893,195354,40.70285,-73.918336,3074237,3032590023,443,BK0401
2023,Case Management Agency,RiseBoro Community Partnership,RiseBoro Community Partnership,,Main,2MP,1175 GATES AVENUE,,Brooklyn,11221,304,34,1006461,191294,40.691707,-73.919907,3076253,3033310025,399,BK0402
2023,Older Adult Center,Hope Gardens MultiService,RiseBoro Community Partnership Inc,Yes,Main Site,W2004,195 Linden Street,,Brooklyn,11221,304,37,1007131,192629,40.69537,-73.917486,3076116,3033240019,417,BK0402
2023,Older Adult Center,Palmetto Gardens Senior Club,RiseBoro Community Partnership Inc,,Affiliated,W2005,85 Palmetto Street,,Brooklyn,11221,304,34,1006757,191255,40.691599,-73.91884,3076429,3033400020,399,BK0402
2023,Older Adult Center,Roundtable Senior,RiseBoro Community Partnership Inc,Yes,Main Site,W2007,1175 Gates Avenue,,Brooklyn,11206,304,34,1006461,191294,40.691707,-73.919907,3076253,3033310025,399,BK0402
2023,Older Adult Center,Cypress Hills Fulton Street Senior Citizens Ctr,Cypress Hills-Fulton Street Senior Citizens Center Inc,,Main Site,C2801,3208 Fulton Street,,Brooklyn,11208,305,37,1018428,187894,40.682337,-73.876771,3092631,3041400013,1178,BK0501
2023,Grandparents Resource Center,GRC - MAP - Boulevard Houses,Grandparents Resource Center,,Satellite,DFTA02,807 Schenck Avenue,#1F,Brooklyn,11207,305,42,1016570,179974,40.660605,-73.883508,3324292,3043550001,1110,BK0503
2023,Older Adult Center,Bergen Basin Penn Wortman Older Adult Center,Bergen Basin Community Development Corporation,,Main Site,C0806,895 Pennsylvania Avenue,,Brooklyn,11207,305,42,1015145,178282,40.655966,-73.888652,3324011,3043690001,1104,BK0503
2023,Older Adult Center,Bergen Basin Abe Stark Older Adult Center,Bergen Basin Community Development Corporation,Yes,Main Site,C0801,103-15 Farragut Road,,Brooklyn,11236,318,42,1012196,175984,40.649668,-73.89929,3229152,3081520201,1098,BK0503
2023,Naturally Occurring Retirement Community (NORC),SPRING CREEK NORC,"Spring Creek Senior Partners, Inc",,Main Site,N63,160 SCHROEDERS AVENUE,,Brooklyn,11239,305,42,1017657,175651,40.648735,-73.879612,3343606,3044520200,105801,BK0504
2023,Older Adult Center,Bergen Basin Vandalia Older Adult Center,Bergen Basin Community Development Corporation,Yes,Main Site,C0807,47 Vandalia Avenue,,Brooklyn,11239,305,42,1015673,176036,40.649799,-73.88676,3348859,3044310100,105804,BK0504
2023,Older Adult Center,JASA Starrett City Older Adult Center,The Jewish Association For Services For The Aged,Yes,Main Site,C8308,1540 Van Siclen Avenue,,Brooklyn,11239,305,42,1018212,175462,40.648214,-73.877613,3343608,3044520200,105801,BK0504
2023,Older Adult Center,Cypress Hills Adult Social Club,Cypress Hills-Fulton Street Senior Citizens Center Inc,,Affiliated,C2802,475 Fountain Avenue,,Brooklyn,11208,305,42,1019480,182777,40.668288,-73.873005,3337041,3042920061,1210,BK0505
2023,Older Adult Center,Teresa Moore OAC,"Fort Greene Council, Inc.",,Main Site,C3513,2702 Linden Boulevard,,Brooklyn,11208,305,42,1021835,183116,40.669208,-73.864514,3326995,3044880001,1214,BK0505
2023,Grandparents Resource Center,GRC - MAP - Red Hook Senior Center,Grandparents Resource Center,,Satellite,DFTA12,120 W 9th Street,,Brooklyn,11231,306,38,983706,185534,40.675925,-74.001961,3339412,3005380001,85,BK0601
2023,Older Adult Center,Eileen Dugan Senior Center,American Italian Coalition Of Organizations Inc,,Main Site,W1101,378 Court Street,,Brooklyn,11231,306,39,985251,187518,40.681371,-73.996391,3004823,3003510031,65,BK0601
2023,Older Adult Center,RAICES  Gowanus OAC Satellite,Spanish Speaking Elderly Council RAICES Inc,,Affiliated,C7208,420 Baltic Street,,Brooklyn,11217,306,33,987361,188347,40.683646,-73.988783,3336072,3004040001,71,BK0601
2023,Older Adult Center,Red Hook NSC,Spanish Speaking Elderly Council RAICES Inc,,Main Site,C7201,120 West 9th Street,,Brooklyn,11231,306,38,983706,185534,40.675925,-74.001961,3339412,3005380001,85,BK0601
2023,Older Adult Center,Wyckoff Gardens NSC,Spanish Speaking Elderly Council RAICES Inc,,Main Site,C7202,280 Wyckoff Street,,Brooklyn,11217,306,33,988704,188245,40.683365,-73.983941,3336056,3003940001,127,BK0601
2023,Older Adult Center,Park Slope Ctr for Successful Aging,"HEIGHTS AND HILLS, INC.",,Main Site,C4001,463A 7th Street,,Brooklyn,11218,306,39,989465,182800,40.668419,-73.981201,3021748,3009950051,153,BK0602
2023,Older Adult Center,Prospect Hill NSC,St John-St Matthew Emanuel Lutheran Church,,Main Site,C7401,283 Prospect Avenue,,Brooklyn,11215,307,39,987256,180943,40.663323,-73.989165,3337801,3010530073,14102,BK0701
2023,Older Adult Center,Sunset Park OAC,Sunset Park Health Council Inc,Yes,Main Site,C8002,4520 4th Avenue,,Brooklyn,11220,307,38,981518,175765,40.649111,-74.009845,3324372,3007460039,80,BK0702
2023,Older Adult Center,United Neighborhood Senior Citizens Ctr,United Senior Citizens Of Sunset Park Inc,Yes,Main Site,C8601,475 53rd Street,,Brooklyn,11220,307,38,980707,173852,40.64386,-74.012767,3013917,3008070046,76,BK0702
2023,Older Adult Center,BCA 6th Avenue Older Adult Center,Brooklyn Chinese-American Association,,Main Site,C1203,545 60th Street,,Brooklyn,11200,307,38,980049,172034,40.638869,-74.015137,3337343,3008640001,102,BK0703
2023,Older Adult Center,Albany OAC,"Fort Greene Council, Inc.",,Main Site,C3506,196 Albany Avenue,,Brooklyn,11213,308,36,1001178,184795,40.67388,-73.938974,3031082,3012300044,343,BK0802
2023,Older Adult Center,CCNS St Louis OAC,Catholic Charities Neighborhood Services Inc,,Main Site,C1715,230 Kingston Avenue,,Brooklyn,11213,308,35,1000344,184044,40.671821,-73.941982,3032045,3012500025,339,BK0802
2023,Older Adult Center,Grant Sq OAC,"Fort Greene Council, Inc.",,Main Site,C3508,19 Rogers Avenue,,Brooklyn,11216,308,36,997379,185896,40.676909,-73.952667,3030302,3012120006,315,BK0802
2023,Older Adult Center,Shalom,Crown Heights Preservation Corp,,Main Site,C9801,483 Albany Avenue,,Brooklyn,11203,309,41,1000903,180972,40.663388,-73.939975,3038418,3014267501,331,BK0901
2023,Older Adult Center,Christopher Blenman OAC,"Fort Greene Council, Inc.",Yes,Main Site,C3505,720 East New York Avenue,,Brooklyn,11203,309,41,1001197,180572,40.662289,-73.938916,3106612,3047950016,87401,BK0902
2023,Older Adult Center,St Gabriels Episcopal Church NSC,Saint Gabriels Episcopal Church,,Main Site,C7301,331 Hawthorne Street,,Brooklyn,11225,309,40,998340,178978,40.657919,-73.949217,3000000,3048140071,804,BK0902
2023,Case Management Agency,CCNS BENSON RIDGE,CCNS,,Main,2MH,6823 FIFTH AVENUE,3RD FL,Brooklyn,11220,310,43,978477,170243,40.633953,-74.020799,3145313,3058650001,130,BK1001
2023,Older Adult Center,Bay Ridge Ctr for Health and Wellness,Bay Ridge Center Inc,,Main Site,W1202,411 Ovington Ave,,Brooklyn,11209,310,43,977777,170070,40.633477,-74.023321,3145772,3058730089,130,BK1001
2023,Older Adult Center,Bay Ridge Ctr for Life Long Learning,Bay Ridge Center Inc,,Main Site,W1201,411 Ovington Ave,,Brooklyn,11209,310,43,977777,170070,40.633477,-74.023321,3145772,3058730089,130,BK1001
2023,Older Adult Center,Shore Hill Older Adult Center,Sunset Park Health Council Inc,,Main Site,C8001,9000 Shore Road,,Brooklyn,11209,310,43,973098,165933,40.622118,-74.040172,3322532,3060780010,5201,BK1001
2023,Older Adult Center,Bensonhurst Senior Center,Edith And Carl Marks Jewish Community House Of Bensonhurst,,Main Site,C3201,7802 Bay Parkway,,Brooklyn,11214,311,44,987239,160193,40.606369,-73.989235,3162352,3062640030,270,BK1101
2023,Older Adult Center,CCNS The Lodge OAC,Catholic Charities Neighborhood Services Inc,,Main Site,C1717,7711 18th Avenue,,Brooklyn,11214,311,47,985003,162276,40.612087,-73.997288,3161485,3062490006,274,BK1101
2023,Older Adult Center,Homecrest Bensonhurtst OAC & Ave T Brooklyn,Homecrest Community Services Inc,,Main Site,C4201,7907 New Utrecht Ave,,Brooklyn,11214,311,43,983991,162346,40.612279,-74.000933,3162717,3062720007,276,BK1101
2023,Older Adult Center,Sephardic MSSCC House of Jacob Senior Center,Sephardic Multi-Services Senior Citizen Center Inc,,Main Site,C6802,6222 23rd Avenue,,Brooklyn,11204,311,44,990470,162992,40.61405,-73.977597,3172161,3065510045,436,BK1101
2023,Older Adult Center,CCNS Narrows OAC,Catholic Charities Neighborhood Services Inc,,Main Site,C1714,930 53rd Street,,Brooklyn,11219,312,38,983647,171514,40.637443,-74.002173,3343065,3056660012,116,BK1201
2023,Older Adult Center,CPC Brooklyn Senior Center,Chinese-American Planning Council Inc,,Main Site,C2101,4101 8th Avenue,,Brooklyn,11232,312,38,984654,174657,40.64607,-73.998544,3018218,3009230009,9202,BK1201
2023,Older Adult Center,Agudath Israel of America Boro Park Senior Citizens Center,Agudath Israel Of America Community Services Inc,,Main Site,C0103,5602 11th Avenue,,Brooklyn,11219,312,44,984055,170143,40.63368,-74.000703,3139989,3056880036,216,BK1202
2023,Older Adult Center,AMICO 59th St Senior Citizen Ctr,American Italian Coalition Of Organizations Inc,Yes,Main Site,C0401,5901 13th Avenue,,Brooklyn,11219,312,44,984799,168559,40.629332,-73.998022,3141065,3057120001,192,BK1202
2023,Older Adult Center,Boro Park Y OAC,Young Mens and Young Womens Hebrew Association of Boro Park,,Main Site,C9601,4912 14th Avenue,,Brooklyn,11219,312,44,987009,170103,40.63357,-73.99006,3328617,3056420042,236,BK1202
2023,Older Adult Center,Council of Peoples Organization: Satellite,"Council of Peoples Organization, Inc",,Main Site,C2702,1814 Coney Island Avenue,,Brooklyn,11230,312,44,994516,162745,40.613368,-73.963024,3174033,3065920041,442,BK1204
2023,Older Adult Center,JCCGCI Marlboro Older Adult Center,Jewish Community Council Of Greater Coney Island Inc,,Main Site,C4706,2298 West 8th Street,,Brooklyn,11223,313,47,990230,154988,40.592081,-73.978468,3322179,3071400016,382,BK1301
2023,Naturally Occurring Retirement Community (NORC),JASA CONEY ISLAND ACTIVE AGING NORC,Jewish Association for Services for the Aged,,Main Site,N68-03,2950 WEST 35TH STREET,,Brooklyn,11224,313,47,984113,148341,40.573838,-74.000493,3189511,3070460022,342,BK1302
2023,Naturally Occurring Retirement Community (NORC),JASA TRUMPS UNITED NORC,Jewish Association for Services for the Aged,,Main Site,N68-05,458 NEPTUNE AVENUE,,Brooklyn,11224,313,48,992343,150508,40.579782,-73.970866,3196580,3072740001,35602,BK1302
2023,Naturally Occurring Retirement Community (NORC),JASA WARBASSE CARES NORC,Jewish Association for Services for the Aged,,Main Site,N68-04,2844 OCEAN PARKWAY,,Brooklyn,11235,313,47,993020,150785,40.580542,-73.968428,3320735,3072530001,35601,BK1302
2023,Older Adult Center,JASA Luna Park Annex,The Jewish Association For Services For The Aged,Yes,Affiliated,C8307,2880 West 12th Street,,Brooklyn,11224,313,47,989910,149620,40.577347,-73.979625,3196559,3072660060,350,BK1302
2023,Older Adult Center,JASA Scheuer Coney Island OAC,The Jewish Association For Services For The Aged,Yes,Main Site,C8306,3601 Surf Avenue,,Brooklyn,11224,313,47,983809,148088,40.573144,-74.001587,3321762,3070450031,342,BK1302
2023,Older Adult Center,JCCGCI Coney Island Seaside Older Adult Center (ISC),Jewish Community Council Of Greater Coney Island Inc,Yes,Main Site,C4701,3001 West 37th Street,,Brooklyn,11224,313,47,983553,148100,40.573177,-74.002509,3189617,3070650001,340,BK1302
2023,Transportation,JCC Project Relief,"JCC Of Greater Coney Island, Inc.",,Main Site,246,3001 West 37th Street,,Brooklyn,11224,313,47,983553,148100,40.573177,-74.002509,3189617,3070650001,340,BK1302
2023,Caregiver,JASA Brooklyn,JASA,,Main,2K2,161 Corbin Place,,Brooklyn,11235,315,48,996993,149870,40.578026,-73.954127,3245719,3087190073,61004,BK1303
2023,Case Management Agency,JASA SOUTH BKLYN,JASA,,Main,2MJ,3161 BRIGHTON 6 STREET,,Brooklyn,11235,313,48,995055,149006,40.575657,-73.961105,3245130,3086930012,36002,BK1303
2023,Case Management Agency,JASA SHEEPSHEAD BAY,JASA,,Main,2MK,161 CORBIN PLACE,,Brooklyn,11235,315,48,996993,149870,40.578026,-73.954127,3245719,3087190073,61004,BK1303
2023,Older Adult Center,JASA Senior Alliance Older Adult Center,The Jewish Association For Services For The Aged,Yes,Main Site,C8307,161 Corbin Place,,Brooklyn,11235,313,47,989910,149620,40.578026,-73.954127,3245719,3087190073,61004,BK1303
2023,Case Management Agency,JASA STOREFRONT,JASA,,Main,2MG,2211 CHURCH AVE,3RD FL,Brooklyn,11226,314,40,995856,176246,40.650424,-73.958175,3116881,3050890071,79602,BK1401
2023,Older Adult Center,Hazel Brooks OAC,"Fort Greene Council, Inc.",,Main Site,C3514,961 Ocean Avenue,,Brooklyn,11226,314,40,995663,172044,40.638891,-73.958877,3120264,3052060062,51601,BK1401
2023,Older Adult Center,Young at Heart Senior Center at the Flatbush YMCA,YMCA Of Greater New York,,Main Site,C9303,1401 Flatbush Avenue,,Brooklyn,11210,314,45,997700,171178,40.636511,-73.951539,3120877,3052280008,78801,BK1401
2023,Older Adult Center,JCCGCI Marien-Heim Older Adult Center,Jewish Community Council Of Greater Coney Island Inc,,Main Site,C4705,870 Ocean Parkway,,Brooklyn,11230,312,44,992284,167790,40.627218,-73.971057,3170453,3065080006,46201,BK1402
2023,Older Adult Center,Agudath Israel Brookdale Senior Center,Agudath Israel Of America Community Services Inc,,Main Site,C0101,817 Avenue H,,Brooklyn,11230,314,40,992942,168537,40.629268,-73.968686,3170160,3064960039,460,BK1402
2023,Older Adult Center,Council of Peoples Organization: Halal Senior Center,"Council of Peoples Organization, Inc.",,Affiliated,C2701,1075-1077 Coney Island Avenue,,Brooklyn,11230,314,45,993558,169230,40.631169,-73.966466,3178919,3066860080,528,BK1402
2023,Older Adult Center,Dorchester Senior Citizens Center OAC,Dorchester Senior Citizens Center Inc,Yes,Main Site,C2901,1419 Dorchester Road,,Brooklyn,11226,314,40,994050,172073,40.638972,-73.964689,3118688,3051570035,520,BK1402
2023,Older Adult Center,JCCGCI Midwood Older Adult Center,Jewish Community Council Of Greater Coney Island Inc,,Main Site,C4707,1625 Ocean Avenue,,Brooklyn,11230,314,45,996536,166015,40.622341,-73.955743,3208316,3076200025,760,BK1403
2023,Older Adult Center,Young Israel Programs Midwood,Young Israel Programs Inc,,Main Site,C9402,1694 Ocean Avenue,,Brooklyn,11230,314,48,996630,165325,40.620447,-73.955405,3180733,3067390044,538,BK1403
2023,Older Adult Center,Council Ctr for Senior Citizens,"Brooklyn Section National Council Of Jewish Women, Inc.",Yes,Main Site,C1301,1001 Quentin road,,Brooklyn,11223,315,44,994573,160700,40.607755,-73.962822,3176314,3066420045,420,BK1501
2023,Older Adult Center,JCCGCI Kings Highway Older Adult Center,Jewish Community Council Of Greater Coney Island Inc,,Main Site,C4704,1879 East 3rd Street,,Brooklyn,11223,315,47,992596,159367,40.604098,-73.969944,3178594,3066810225,41402,BK1501
2023,Older Adult Center,JCCGCI Ocean Parkway Older Adult Center,Jewish Community Council Of Greater Coney Island Inc,,Main Site,C4708,1960 East 7th Street,,Brooklyn,11223,315,47,993946,158998,40.603084,-73.965083,3178703,3066820045,418,BK1501
2023,Older Adult Center,SBH Older Adult Center - Senior Pavilion,SBH Community Service Network Inc,,Main Site,C6601,1963 McDonald Avenue,,Brooklyn,11223,315,44,991952,159634,40.604832,-73.972263,3397113,3066580062,422,BK1501
2023,Older Adult Center,Sephardic Multi Services Senior Citizens Center Inc,Sephardic Multi-Services Senior Citizen Center Inc,,Main Site,C6801,485 Kings Highway,,Brooklyn,11223,315,44,992121,159425,40.604258,-73.971654,3177186,3066580048,422,BK1501
2023,Older Adult Center,JCCGCI Jay-Harama Older Adult Center,Jewish Community Council Of Greater Coney Island Inc,Yes,Main Site,C4703,2600 Ocean Avenue,,Brooklyn,11229,315,48,997806,157205,40.598158,-73.951186,3199766,3073520032,578,BK1502
2023,Older Adult Center,CCNS The Bay OAC,Catholic Charities Neighborhood Services Inc,,Main Site,C1706,3643 Nostrand Avenue,,Brooklyn,11229,315,46,1000684,156044,40.594966,-73.940825,3344554,3074051001,572,BK1503
2023,Older Adult Center,Saratoga Sq Senior,RiseBoro Community Partnership Inc,Yes,Affiliated,W2008,930 Halsey Street,,Brooklyn,11233,316,41,1007276,189062,40.685579,-73.916976,3339097,3014950013,373,BK1601
2023,Grandparents Resource Center,GRC - MAP - Brownsville Social Club,Grandparents Resource Center,,Satellite,DFTA03,528 Mother Gaston Boulevard,,Brooklyn,11212,316,41,1010349,181916,40.665956,-73.905923,3325326,3035610001,912,BK1602
2023,Older Adult Center,CCNS Riverway OAC (ISC),Catholic Charities Neighborhood Services Inc,Yes,Main Site,C1708,230 Riverdale Avenue,,Brooklyn,11212,316,42,1009768,180140,40.661083,-73.908024,3413856,3036030025,916,BK1602
2023,Older Adult Center,Marcus Garvey,"Fort Greene Council, Inc.",,Affiliated,C3502,1440 East New York Avenue,,Brooklyn,11212,316,41,1007947,183625,40.670654,-73.914575,3080727,3034960013,902,BK1602
2023,Older Adult Center,Seth Low Social Clubs,"Fort Greene Council, Inc.",,Affiliated,C3503,137 Belmont Avenue,,Brooklyn,11212,316,41,1010556,183100,40.669205,-73.905172,3327015,3037270001,908,BK1602
2023,Older Adult Center,Wayside Out  Glenmore Plaza Social Club,Wayside Out-Reach Development Inc,,Affiliated,C9008,1777 Pitkin Avenue,,Brooklyn,11212,316,37,1009893,183450,40.670168,-73.907561,3080766,3035070001,906,BK1602
2023,Older Adult Center,Wayside Out Brownsville Social Club,Wayside Out-Reach Development Inc,,Affiliated,C9002,528 Mother Gaston Blvd,,Brooklyn,11212,316,41,1010349,181916,40.665956,-73.905923,3325326,3035610001,912,BK1602
2023,Older Adult Center,Wayside Out Langston Hughes Social Club,Wayside Out-Reach Development Inc,,Affiliated,C9004,301 Sutter Avenue,,Brooklyn,11212,316,41,1009475,182409,40.667312,-73.909072,3348344,3035260021,906,BK1602
2023,Older Adult Center,Wayside Out Rosetta Gaston Senior Center,Wayside Out-Reach Development Inc,,Main Site,C9001,460 Dumont Avenue,,Brooklyn,11212,316,42,1011376,181620,40.66514,-73.902222,3328133,3037970001,910,BK1602
2023,Older Adult Center,Wayside Out Tilden Senior Center,Wayside Out-Reach Development Inc,,Main Site,C9003,630 Mother Gaston Boulevard,,Brooklyn,11212,316,41,1010529,181011,40.663471,-73.905278,3326549,3035760001,912,BK1602
2023,Older Adult Center,Wayside Out Van Dyke II Senior Center,Wayside Out-Reach Development Inc,,Main Site,C9007,430 Dumont Avenue,,Brooklyn,11212,316,41,1011075,181562,40.664982,-73.903308,3328126,3037940001,910,BK1602
2023,Older Adult Center,Remsen Sarita Jean OAC,"Fort Greene Council, Inc.",Yes,Main Site,C3512,3304 Clarendon Road,,Brooklyn,11210,317,45,999320,173699,40.643428,-73.945697,3111409,3049500001,830,BK1702
2023,Case Management Agency,REC ROOMS CASE MGT - SPECIAL SERVICES,REC ROOMS CASE MGT - SPECIAL SERVICES,,Main,2MF,1304 EAST 57 ST,2ND FL,Brooklyn,11234,318,46,1006360,165660,40.621348,-73.920355,3345504,3078810033,690,BK1801
2023,Older Adult Center,Bergen Basin Midwood Older Adult Center,Bergen Basin Community Development Corporation,,Main Site,C0804,2164 Ralph Avenue,,Brooklyn,11234,318,46,1007052,167015,40.625065,-73.917858,3218178,3078390001,692,BK1801
2023,Older Adult Center,CCNS Glenwood OAC,Catholic Charities Neighborhood Services Inc,Yes,Main Site,C1718,5701 Avenue H,,Brooklyn,11234,318,45,1006023,170010,40.633288,-73.921555,3331006,3079780001,94402,BK1801
2023,Older Adult Center,JASA HES Older Adult Center,The Jewish Association For Services For The Aged,,Main Site,C8301,9502 Seaview Avenue,,Brooklyn,11236,318,46,1014443,169844,40.632808,-73.89122,3235056,3083180008,102801,BK1803
2023,Older Adult Center,Bergen Basin Marine Park Older Adult Center,Bergen Basin Community Development Corporation,Yes,Main Site,C0803,3000 Fillmore Avenue,,Brooklyn,11234,318,46,1001613,161009,40.608592,-73.937467,3239888,3084960001,666,BK1891
2023,Grandparents Resource Center,GRC - MAP - Patterson/Eastside Settlement House,Grandparents Resource Center,,Satellite,DFTA09,308 East 145th Street,,Bronx,10451,201,8,1005791,236285,40.815197,-73.922179,2091115,2023240001,51,BX0101
2023,Older Adult Center,Bronxworks E Roberts Moore,Bronxworks,,Main Site,C1102,515 Jackson Avenue,,Bronx,10455,201,8,1009329,235252,40.812353,-73.909401,2091284,2025570083,35,BX0101
2023,Older Adult Center,East Side House Borinquen Court Mitchel OAC,East Side House Inc,Yes,Main Site,C3101,295 East 138th Street,,Bronx,10454,201,8,1004727,234559,40.810463,-73.926028,2129115,2023140015,39,BX0101
2023,Older Adult Center,Mill Brook OAC,West Side Federation for Senior and Supportive Housing Inc,,Main Site,C9103,570 East 137th Street,,Bronx,10454,201,8,1007042,232933,40.805994,-73.917671,2128429,2025480002,2701,BX0101
2023,Older Adult Center,Patterson Older Adult Centers,East Side House Inc,,Affiliated,C3103,308 East 145th Street,,Bronx,10451,201,8,1005791,236285,40.815197,-73.922179,2091115,2023240001,51,BX0101
2023,Legal Services,"Bronx Legal Services, Inc.","Bronx Legal Services, Inc.",,Main Site,1AA,"349 East 149th Street, 10th Floor",,Bronx,10451,201,17,1006405,236822,40.81667,-73.919959,2000933,2023317501,65,BX0102
2023,Older Adult Center,Betances,Institute For The Puerto Rican Hispanic Elderly Inc,Yes,Main Site,W1601,607 Concord Avenue,,Bronx,10455,201,8,1009819,236051,40.814544,-73.907628,2114666,2026420022,73,BX0102
2023,Older Adult Center,Leon OAC,The Neighborhood Self-Help By Older Persons Project Inc,,Main Site,C8402,735 East 152nd Street,,Bronx,10455,201,17,1009759,236579,40.815994,-73.907843,2091979,2026540002,79,BX0102
2023,Older Adult Center,PSS Andrew Jackson,Presbyterian Senior Services,,Main Site,W1903,325 East 156th Street,,Bronx,10451,201,17,1006947,238560,40.821439,-73.917995,2091224,2024160001,69,BX0102
2023,Older Adult Center,SEBCO Senior Center,SEBCO Development Inc,,Main Site,C6701,887 Southern Boulevard,,Bronx,10459,202,17,1013714,237647,40.818913,-73.89355,2005752,2027220040,89,BX0201
2023,Caregiver,Neighborhood SHOPP,Neighborhood SHOPP,,Main,1K5,975 Kelly Street,Ste 401,Bronx,10459,202,17,1013068,238790,40.822052,-73.895879,2114693,2027037501,87,BX0202
2023,Case Management Agency,NEIGHBORHOOD SHOPP,Neighborhood SHOPP,,Corporate Office,1M9,975 Kelly Street,Suite 401,Bronx,10459,203,17,1014646,243217,40.822052,-73.895879,2114693,2027037501,87,BX0202
2023,Elder Justice,"SHOPP Violence, Intervention and Prevention *(VIP) Elder Justice Program North *(VIP) Elder Justice Program South",Neighborhood Self Help by Older Persons Project,,Main Site,1.00E+03,975 Kelly Street,,Bronx,10459,202,17,1013068,238790,40.822052,-73.895879,2114693,2027037501,87,BX0202
2023,Naturally Occurring Retirement Community (NORC),NEIGHBORHOOD SHOPP NORC -LAFAYETTE ESTATES,Neighborhood Self-Help by Older Persons Project Inc,,Main Site,N69,953 SOUTHERN BLVD,,Bronx,10459,202,17,1014228,238583,40.82148,-73.891688,2005787,2027240186,159,BX0202
2023,Older Adult Center,PSS Davidson,Presbyterian Senior Services,Yes,Main Site,W1902,950 Union Avenue,,Bronx,10459,203,17,1011423,239065,40.822812,-73.901821,2005015,2026780001,12901,BX0202
2023,Older Adult Center,Arturo Schomburg,Institute For The Puerto Rican Hispanic Elderly Inc,,Main Site,W1606,1315 Franklin Avenue,,Bronx,10456,203,16,1011469,242435,40.832062,-73.901641,2009713,2029310086,149,BX0301
2023,Grandparents Resource Center,GRC - MAP - Butler/Hodson Senior Center,Grandparents Resource Center,,Satellite,DFTA05,1320 Webster Ave,,Bronx,10456,203,16,1009559,243208,40.834189,-73.90854,2092074,2028940001,14701,BX0302
2023,Older Adult Center,William Hodson Community Center Inc,William Hodson Community Center Inc,,Main Site,C9201,1320 Webster Avenue,,Bronx,10456,203,16,1009559,243208,40.834189,-73.90854,2092074,2028940001,14701,BX0302
2023,Case Management Agency,NEIGHBORHOOD SHOPP,Neighborhood SHOPP,,Main,1M9,910 EAST 172 STREET,2ND FL,Bronx,10460,203,17,1014646,243217,40.834198,-73.890157,2010507,2029770103,155,BX0303
2023,Older Adult Center,SHOPP Casa Boricua (OAC),The Neighborhood Self-Help By Older Persons Project Inc,Yes,Main Site,W2301,910 E 172nd Street,,Bronx,10460,203,17,1014646,243217,40.834198,-73.890157,2010507,2029770103,155,BX0303
2023,Older Adult Center,Hope of Israel Senior Citizens Center,Hope of Israel Senior Citizens Center Inc,,Main Site,C4301,1068 Gerard Avenue,,Bronx,10452,204,16,1005776,242454,40.83213,-73.922213,2002944,2024780007,195,BX0401
2023,Older Adult Center,MBSCC Concourse Plaza Wellness Center for Older Adults,Mid-Bronx Senior Citizens Council Inc,,Main Site,C5001,900 Grand Concourse,,Bronx,10451,204,16,1005759,240731,40.827401,-73.92228,2002802,2024600001,18301,BX0401
2023,Transportation,Mid-Bronx  Senior Citizen Council,"Mid Bronx Senior Citizens Council, Inc.",,Main Site,106,900 Grand Concourse Avenue,,Bronx,10451,204,16,1005759,240731,40.827401,-73.92228,2002802,2024600001,18301,BX0401
2023,Older Adult Center,PSS Highbridge,Presbyterian Senior Services,,Main Site,W1908,1181 Nelson Avenue,,Bronx,10452,204,16,1004808,244312,40.837232,-73.925706,2003301,2025160051,199,BX0402
2023,Older Adult Center,PSS Highbridge Gardens,Presbyterian Senior Services,,Main Site,W1909,1145 University Avenue,,Bronx,10452,204,16,1004095,244255,40.837077,-73.928282,2095219,2025270032,193,BX0402
2023,Older Adult Center,Bronxworks East Concourse (My Spot/Mi Rincon OAC),Bronxworks,,Main Site,C1103,236 East Tremont Ave,,Bronx,10457,205,15,1010654,248582,40.848936,-73.904562,2007599,2028040021,23302,BX0502
2023,Older Adult Center,Bronxworks Morris (ISC),Bronxworks,,Main Site,C1106,80 East 181st Street,,Bronx,10453,205,14,1010752,250819,40.855076,-73.904199,2013953,2031780032,241,BX0502
2023,Older Adult Center,Bronxworks Twin Parks West,Bronxworks,,Main Site,C1108,355 E 183 Street,,Bronx,10458,205,15,1013022,251301,40.856391,-73.895991,2092394,2031430155,38303,BX0503
2023,Older Adult Center,SAGE Center Bronx at Crotona Pride House,Services and Advocacy for Gay Lesbian Bisexual and Transgend,,Main Site,C6901,1784 Prospect Avenue,,Bronx,10457,206,17,1014136,245772,40.841212,-73.891989,2128766,2029527501,367,BX0602
2023,Older Adult Center,Thomas Guess OAC,The Neighborhood Self-Help By Older Persons Project Inc,Yes,Main Site,C8401,2070 Clinton Avenue,,Bronx,10457,206,15,1015209,247968,40.847236,-73.888101,2012652,2030940014,371,BX0602
2023,Older Adult Center,RAIN Mt Carmel OAC,Regional Aid For Interim Needs Inc,,Main Site,C5808,2405 Southern Boulevard,,Bronx,10462,206,15,1017016,250352,40.853773,-73.881558,2013061,2031150005,393,BX0603
2023,Older Adult Center,Sister Annunciata Bethell OAC,Bedford Park-Multi Service Center for Senior Citizens Inc,,Main Site,C0701,243 East 204th Street,,Bronx,10458,207,11,1016204,257795,40.874205,-73.884457,2017363,2033110146,413,BX0702
2023,Older Adult Center,MMCC-CDC Older Adult Center Main Building,Child Development Center of the Mosholu-Montefior Comm Ctr,,Main Site,C2002,3450 Dekalb Avenue,,Bronx,10467,207,11,1017094,260449,40.881486,-73.881226,2096396,2033270001,421,BX0703
2023,Naturally Occurring Retirement Community (NORC),AMALGAMATED PK RESEVOIR NORC,YM-YWHA of The Bronx/Riverdale,,Main Site,N74,98 VAN CORTLANDT PARK SOUTH,,Bronx,10463,208,11,1014217,261731,40.885015,-73.891625,2015482,2032520287,281,BX0801
2023,Older Adult Center,MMCC-CDC Older Adult Center Marble Hill,Child Development Center of the Mosholu-Montefior Comm Ctr,,Main Site,C2003,5365 Broadway,,Bronx,10463,208,10,1009724,258464,40.876062,-73.907886,1082782,1022150623,309,BX0802
2023,Older Adult Center,New Beginnings (Riverdale Y),Young Mens and Young Womens Hebrew Association of the Bronx,Yes,Main Site,C9701,5625 Arlington Avenue,,Bronx,10471,208,11,1009921,269011,40.905009,-73.907133,2086312,2059520374,323,BX0803
2023,Older Adult Center,RSS Center for Ageless Living,Riverdale Senior Services Inc,,Main Site,C6101,2600 Netherland Avenue,,Bronx,10463,208,11,1007568,259439,40.878744,-73.915679,2083247,2057220475,29302,BX0803
2023,Older Adult Center,Bronx River,Institute For The Puerto Rican Hispanic Elderly Inc,,Main Site,W1602,1619 East 174 Street,,Bronx,10472,209,18,1018523,243132,40.83395,-73.876147,2092909,2038860002,62,BX0901
2023,Older Adult Center,Bronxworks Soundview,Bronxworks,,Main Site,C1107,391 Bronx River Avenue,,Bronx,10473,209,18,1021068,236050,40.814629,-73.867422,2127010,2035150040,2001,BX0902
2023,Older Adult Center,SHOPP Soundview Social Club,The Neighborhood Self-Help By Older Persons Project Inc,,Affiliated,W2302,1674 Seward Avenue,,Bronx,10473,209,18,1020279,237416,40.818255,-73.869832,2092638,2035510001,2001,BX0902
2023,Grandparents Resource Center,GRC - MAP - Castle Hill Senior Center,Grandparents Resource Center,,Satellite,DFTA06,625 Castle Hill Avenue,,Bronx,10473,209,18,1026263,237972,40.819754,-73.848209,2092673,2035700001,86,BX0903
2023,Older Adult Center,Kips Bay Castle Hill OAC,Kips Bay Boys And Girls Club,,Main Site,C4801,625 Castle Hill Avenue,,Bronx,10473,209,18,1026263,237972,40.819754,-73.848209,2092673,2035700001,86,BX0903
2023,Naturally Occurring Retirement Community (NORC),CENTER LIGHT PARKCHESTER ENHANCED NORC,Centerlight Health System,,Main Site,N51,1525 UNIONPORT ROAD,,Bronx,10462,209,18,1023848,244100,40.836585,-73.856898,2096653,2039387501,212,BX0904
2023,Older Adult Center,RAIN Parkchester OAC,Regional Aid For Interim Needs Inc,,Main Site,C5810,1380 Metropolitan Avenue,,Bronx,10462,209,18,1022697,243572,40.835141,-73.861061,2096674,2039387501,212,BX0904
2023,Older Adult Center,RAIN Parkchester One Stop,Regional Aid For Interim Needs Inc,,Affiliated,C5811,1380 Metropolitan Avenue,,Bronx,10462,209,18,1022697,243572,40.835141,-73.861061,2096674,2039387501,212,BX0904
2023,Older Adult Center,YMCA - Glebe Older Adult Community Hub,YMCA Of Greater New York,,Main Site,C9301,2125 Glebe Avenue,,Bronx,10462,210,18,1025656,243562,40.8351,-73.850368,2041406,2039630043,20601,BX1001
2023,Case Management Agency,JASA BRONX CASE MANAGEMENT,JASA,,Satellite,1MB,3000 MIDDLETOWN ROAD,,Bronx,10461,210,13,1031200,246773,40.843886,-73.830311,2074861,2054000047,264,BX1002
2023,Older Adult Center,JASA Throggs Neck Older Adult Center,The Jewish Association For Services For The Aged,Yes,Main Site,C8309,2705 Schley Avenue,,Bronx,10465,210,13,1032115,238678,40.821662,-73.827061,2080423,2055680050,144,BX1002
2023,Older Adult Center,Northeast Bronx,Northeast Bronx Senior Citizens Inc,,Main Site,C5201,2968 Bruckner Boulevard,,Bronx,10465,210,13,1032327,243133,40.833889,-73.826264,2097558,2054200002,164,BX1002
2023,Older Adult Center,PSS City Island,Presbyterian Senior Services,,Main Site,W1910,116 City Island Avenue,,Bronx,10464,210,13,1043964,245785,40.841097,-73.784187,2082432,2056400010,51601,BX1003
2023,Older Adult Center,RAIN Middletown OAC,Regional Aid For Interim Needs Inc,,Main Site,C5807,3035 Middletown Road,,Bronx,10461,210,13,1031616,246945,40.844355,-73.828806,2046141,2041710024,26602,BX1003
2023,Case Management Agency,JASA BRONX CASE MANAGEMENT,JASA,,Main,1MB,135 EINSTEIN LOOP,RM 34,Bronx,10475,210,13,1031200,246773,40.864263,-73.822023,2095160,2051350210,30202,BX1004
2023,Naturally Occurring Retirement Community (NORC),JASA CO OP CITY NORC,Jewish Association for Services for the Aged,,Main Site,N68-01,2049 BARTOW AVENUE,,Bronx,10475,210,12,1031537,256077,40.86942,-73.829027,2097466,2051410100,46205,BX1004
2023,Older Adult Center,JASA Bartow (Coop City NSC),The Jewish Association For Services For The Aged,Yes,Main Site,W2201,2049 Bartow Avenue,,Bronx,10475,210,12,1031537,256077,40.86942,-73.829027,2097466,2051410100,46205,BX1004
2023,Older Adult Center,JASA Dreiser,The Jewish Association For Services For The Aged,,Main Site,W2202,177 Dreiser Loop,,Bronx,10475,210,12,1031368,258870,40.877087,-73.829619,2097469,2051410500,46207,BX1004
2023,Older Adult Center,JASA Einstein,The Jewish Association For Services For The Aged,,Main Site,W2203,135 Einstein Loop,,Bronx,10475,210,12,1033478,254202,40.864263,-73.822023,2095160,2051350210,30202,BX1004
2023,Case Management Agency,RAIN MULTI SERVICES FOR SENIORS,RAIN MULTI SERVICES FOR SENIORS,,Corporate Office,1MA,811 MORRIS PARK AVE,,Bronx,10462,212,12,1021015,258045,40.846052,-73.862177,2043661,2040540005,232,BX1101
2023,Older Adult Center,Bronx House Weinberg Neighborhood Senior Center,Bronx House Inc,,Main Site,C1001,990 Pelham Parkway South,,Bronx,10461,211,13,1022880,251465,40.856804,-73.860354,2088568,2043287501,248,BX1102
2023,Older Adult Center,RAIN Eastchester Latin Soul Café OAC,Regional Aid For Interim Needs Inc,,Main Site,C5804,1246 Burke Avenue,,Bronx,10469,211,12,1025446,256694,40.871144,-73.851046,2093501,2045810001,348,BX1103
2023,Transportation,RAIN Eastchester,"Regional Aid For Interim Needs, Inc.",,Main Site,196,1246 Burke Avenue,,Bronx,10462,211,12,1025446,256694,40.871144,-73.851046,2093501,2045810001,348,BX1103
2023,Naturally Occurring Retirement Community (NORC),PELHAM PARKWAY HOUSES NORC,Bronx House Inc.,,Main Site,N50,2435 WILLIAMSBRIDGE RD,,Bronx,10469,211,13,1023612,253390,40.862084,-73.857697,,,324,BX1104
2023,Older Adult Center,JASA Sue Ginsburg,The Jewish Association For Services For The Aged,,Affiliated,C8303,975 Waring Avenue,,Bronx,10469,211,13,1023048,253072,40.861214,-73.859738,2093415,2044440001,324,BX1104
2023,Older Adult Center,PSS Parkside,Presbyterian Senior Services,,Main Site,W1901,644 Adee Avenue,,Bronx,10467,211,15,1020452,256149,40.86967,-73.869106,2101742,2045420100,33601,BX1104
2023,Older Adult Center,RAIN Boston Road OAC,Regional Aid For Interim Needs Inc,Yes,Main Site,C5802,2424 Boston Road,,Bronx,10467,211,13,1021145,253258,40.861733,-73.866616,2093401,2044310001,330,BX1104
2023,Case Management Agency,RAIN MULTI SERVICES FOR SENIORS,RAIN MULTI SERVICES FOR SENIORS,,Main,1MA,3377A WHITE PLAINS RD,1st Fl.,Bronx,10467,212,12,1021015,258045,40.874872,-73.86706,2087299,2046240037,374,BX1201
2023,Older Adult Center,RAIN Gunhill OAC,Regional Aid For Interim Needs Inc,,Main Site,C5805,3377 White Plains Road,,Bronx,10462,212,12,1021015,258045,40.874872,-73.86706,2087299,2046240037,374,BX1201
2023,Older Adult Center,JASA Bay Eden Older Adult Center,The Jewish Association For Services For The Aged,Yes,Main Site,C8302,1220 East 229th Street,,Bronx,10466,212,12,1027883,261386,40.884011,-73.842204,2093741,2049050360,460,BX1202
2023,Older Adult Center,RAIN Boston East OAC,Regional Aid For Interim Needs Inc,,Main Site,C5801,3450 Boston Road,,Bronx,10469,212,12,1026130,258579,40.876315,-73.848561,2060739,2047370105,364,BX1202
2023,Older Adult Center,RAIN Boston Secor OAC,Regional Aid For Interim Needs Inc,,Main Site,C5803,3540 Bivona Street,,Bronx,10475,212,12,1030366,261032,40.883026,-73.833227,2093877,2052630070,46209,BX1202
2023,Older Adult Center,RAIN Nereid OAC,Regional Aid For Interim Needs Inc,Yes,Main Site,C5809,720 Nereid Avenue,,Bronx,10466,212,11,1024732,266535,40.898158,-73.853568,2069882,2050460033,434,BX1203
2023,Caregiver,HMH Citywide Asian-American,HMH,,Main,6K1,100 Gold Street,,Manhattan,10038,101,1,983139,198077,40.710353,-74.004007,1001289,1000940025,1501,MN0101
2023,Legal Services,"Mobilization for Justice, Inc.","Mobilization for Justice, Inc.",,Main office,32V,100 William Street,,Manhattan,10038,101,1,982177,197401,40.708497,-74.007477,1001116,1000680036,1502,MN0101
2023,Older Adult Center,HMH City Hall Older Adult Center,Hamilton Madison House Inc,Yes,Main Site,C3801,100 Gold Street,,Manhattan,10038,101,1,983139,198077,40.710353,-74.004007,1001289,1000940025,1501,MN0101
2023,Case Management Agency,NEW YORK FOUNDATION CASE MANAGEMENT,NEW YORK FOUNDATION CASE MANAGEMENT,,Main,3M8,11 PARK PLACE,Ste. 1111,Manhattan,10007,101,1,981950,198979,40.712828,-74.008296,1001399,1001240004,21,MN0102
2023,Grandparents Resource Center,NYC Aging Grandparents Resource Center,Grandparents Resource Center,,Main,DFTA17,2 Lafayette Street,2nd Floor,Manhattan,10007,101,1,983256,199305,40.713723,-74.003586,1001672,1001550001,31,MN0102
2023,Older Adult Center,Independence Plaza,"Greenwich House, Inc",,Main Site,W1503,310 Greenwich Street,,Manhattan,10013,101,1,981293,200719,40.717604,-74.010667,1083243,1001420025,39,MN0102
2023,Caregiver,Visions,Visions,,Main,6K5,500 Greenwich Street,3rd Floor,Manhattan,10013,102,3,981706,203619,40.725564,-74.009178,1076084,1005957501,37,MN0201
2023,Older Adult Center,CPC Project Open Door Neighborhood Senior Center,Chinese-American Planning Council Inc,,Main Site,C2104,168 Grand Street,,Manhattan,10013,102,1,984725,201479,40.71969,-73.998286,1075959,1004727501,41,MN0201
2023,Older Adult Center,NYFSC Mott Street Older Adult Center,New York Foundation For Senior Citizens Inc,Yes,Main Site,C5103,180 Mott Street,,Manhattan,10012,102,1,985394,201795,40.720558,-73.995873,1007156,1004790001,41,MN0201
2023,Older Adult Center,Center on the Square,"Greenwich House, Inc",,Main Site,W1501,20 Washington Square North,,Manhattan,10011,102,1,984886,205884,40.731781,-73.997705,1008851,1005510008,63,MN0202
2023,Older Adult Center,JCW Workforce Center,"Greenwich House, Inc",,Main Site,W1504,27 Barrow Street,,Manhattan,10014,102,3,983388,206141,40.732486,-74.00311,1010159,1005900056,67,MN0203
2023,Older Adult Center,Our Lady of Pompeii,"Greenwich House, Inc",,Main Site,W1502,25 Carmine Street,,Manhattan,10014,102,3,983431,205300,40.730178,-74.002955,1009904,1005860020,67,MN0203
2023,Older Adult Center,Westbeth,"Greenwich House, Inc",,Main Site,W1505,55 Bethune Street,,Manhattan,10014,102,3,981896,207769,40.736955,-74.008494,1012047,1006390001,79,MN0203
2023,Caregiver,HMH,HMH,,Main,3K4,50 Madison Street,,Manhattan,10038,103,1,984853,198662,40.711958,-73.997825,1077420,1001110100,25,MN0301
2023,Naturally Occurring Retirement Community (NORC),CONFUCIOUS PLAZA NORC,Hamilton Madison House Inc,,Main Site,N53-03,185 PARK ROW,,New York,10002,103,1,984218,199093,40.713141,-74.000115,1077407,1001170001,27,MN0301
2023,Naturally Occurring Retirement Community (NORC),HAMILTON MADISON ALFRED SMITH HOUSES NORC,Hamilton Madison House Inc,,Main Site,N53-01,50 MADISON STREET,,New York,10038,103,1,984853,198662,40.711958,-73.997825,1077420,1001110100,25,MN0301
2023,Naturally Occurring Retirement Community (NORC),HAMILTON MADISON KNICKERBOCKER NORC,Hamilton Madison House Inc,,Main Site,N53-02,36 MONROE STREET G1,,New York,10002,103,1,985700,198509,40.711538,-73.99477,1077591,1002530001,8,MN0301
2023,Older Adult Center,CPC NY Chinatown Neighborhood Senior Center,Chinese-American Planning Council Inc,,Main Site,C2103,55 Chrystie Street,,Manhattan,10002,103,1,985714,200312,40.716487,-73.994719,1003915,1003030027,16,MN0301
2023,Older Adult Center,Educational Alliance Weinberg Older Adult Center,The Educational Alliance Inc,,Main Site,C8103,197 East Broadway,,Manhattan,10002,103,1,987493,199483,40.714211,-73.988302,1003704,1002850029,6,MN0301
2023,Older Adult Center,NYFSC LaGuardia Older Adult Center,New York Foundation For Senior Citizens Inc,,Main Site,C5102,280 Cherry Street,,Manhattan,10002,103,1,987449,198450,40.711376,-73.988461,1003211,1002560014,6,MN0301
2023,Naturally Occurring Retirement Community (NORC),EDUCATIONAL ALLIANCE CO OP VILLAGE NORC,The Educational Alliance Inc,,Main Site,N66,465 GRAND STREET,,New York,10002,103,1,988677,199819,40.715133,-73.984031,1004056,1003150070,1401,MN0302
2023,Naturally Occurring Retirement Community (NORC),HENRY STREET VLADECK CARES NORC,Henry Street Settlement,,Main Site,N55,351 MADISON STREET,,New York,10002,103,2,989026,199166,40.71334,-73.982772,1083404,1002670024,202,MN0302
2023,Naturally Occurring Retirement Community (NORC),MASARYK TOWER NORC,United Jewish Council of the East Side Inc,,Main Site,N71,75 COLUMBIA STREET,,New York,10002,103,2,989798,200706,40.717567,-73.979986,1082666,1003330001,2201,MN0302
2023,Naturally Occurring Retirement Community (NORC),VILLAGE VIEW NORC,University Settlement Society of New York Inc,,Main Site,N72,189 ALLEN STREET,,New York,10002,103,1,987309,202369,40.722133,-73.988964,1005537,1004170001,3601,MN0302
2023,Naturally Occurring Retirement Community (NORC),VISION URBANA NORC,Vision Urbana Inc.,,Main Site,N73,75 DELANCEY STREET,,New York,10002,103,1,987004,201266,40.719105,-73.990065,,,18,MN0302
2023,Older Adult Center,BRC Senior Center,Bowery Residents Committee Inc,,Main Site,C0901,30 Delancy Street,,Manhattan,10002,103,1,986393,201516,40.719792,-73.992269,1079081,1004200001,18,MN0302
2023,Older Adult Center,Good Companions,Henry Street Settlement,,Main Site,C4102,334 Madison Street,,Manhattan,10002,103,2,988897,199139,40.713266,-73.983237,1077526,1002600001,202,MN0302
2023,Older Adult Center,Grand St Settlement Grand Coalition of Older Adults OAC,Grand Street Settlement Inc,,Main Site,C3701,80 Pitt Street,,Manhattan,10002,103,2,989115,200983,40.718328,-73.98245,1084357,1003380001,2201,MN0302
2023,Older Adult Center,UJCES Lunch Club OAC,United Jewish Council Of The East Side Inc,,Main Site,C8502,15 Willett Street,,Manhattan,10002,103,1,988969,200011,40.71566,-73.982977,1088884,1003360005,12,MN0302
2023,Older Adult Center,University Settlement OAC,University Settlement Society of New York,,Main Site,C8701,189 Allen Street,,Manhattan,10002,103,1,987309,202369,40.722133,-73.988964,1005537,1004170001,3601,MN0302
2023,Older Adult Center,Educational Alliance Sirovich Older Adult Center,The Educational Alliance Inc,Yes,Main Site,C8101,331 East 12th Street,,Manhattan,10002,103,2,988396,205475,40.730657,-73.985041,1006502,1004540052,4001,MN0303
2023,Older Adult Center,Meltzer Social Club,University Settlement Society of New York,,Affiliated,C8702,94 East 1st Street,,Manhattan,10009,103,2,987742,202622,40.722827,-73.987402,1005743,1004290021,3002,MN0303
2023,Older Adult Center,Polish Slavic Ctr JP II Older Adult Center,Polish & Slavic Center Inc,,Main Site,C5503,103 East 7th Street,,Manhattan,10009,103,2,988403,204027,40.726683,-73.985016,1005851,1004350049,32,MN0303
2023,Older Adult Center,UJCES Lillian Wald OAC Center,United Jewish Council Of The East Side Inc,,Main Site,C8501,12 Avenue D,,Manhattan,10009,103,2,990246,201761,40.720462,-73.978369,1078045,1003560001,20,MN0303
2023,Naturally Occurring Retirement Community (NORC),HUDSON GUILD ELLIOTT-CHELSEA NORC,Hudson Guild,,Main Site,N67,441 W. 26TH STREET,,New York,10001,104,3,983747,212229,40.749196,-74.001815,1012827,1007240010,97,MN0401
2023,Naturally Occurring Retirement Community (NORC),PENN SOUTH NORC,Penn South Social Services Inc,,Main Site,N58,290 9TH AVENUE,,New York,10001,104,3,984376,212130,40.748925,-73.999545,1082794,1007510001,97,MN0401
2023,Older Adult Center,Hudson Guild,Hudson Guild Inc,,Main Site,C8201,119 West 19th Street,,Manhattan,10011,104,3,985530,209164,40.740784,-73.995381,1014730,1007950028,87,MN0401
2023,Older Adult Center,Visions Center on Aging OAC,Visions/Services for the Blind and Visually Impaired,Yes,Main Site,C8801,135 West 23rd Street,,Manhattan,10011,104,3,985936,210112,40.743386,-73.993916,1014949,1007990021,91,MN0401
2023,Older Adult Center,FIND Aid Clinton OAC,Find Aid For The Aged,,Main Site,C3301,530 West 55th Street,,Manhattan,10019,104,6,986857,219174,40.768258,-73.990588,1027059,1010830015,13502,MN0402
2023,Older Adult Center,FIND Aid Coffeehouse Center,Find Aid For The Aged,,Main Site,C3302,331 West 42nd Street,,Manhattan,10036,104,3,986793,215319,40.757677,-73.990821,1083731,1010330049,12101,MN0402
2023,Older Adult Center,Lifelong Learning Center @ Encore West,Encore Community Services,,Main Site,W1402,755 10th Avenue,,Manhattan,10019,104,3,986678,218155,40.765461,-73.991235,1087482,1010800030,13501,MN0402
2023,Transportation,NY Foundation Project CART,"New York Foundation For Senior Citizens, Inc.",,Main Site,367,404 West 54th Street,,Manhattan,10019,104,3,987675,218423,40.766197,-73.987636,1026769,1010630035,133,MN0402
2023,Caregiver,SAGE LGTBQ,SAGE,,Main,6K3,305 Seventh Avenue,15th Floor,Manhattan,10001,105,3,986008,211362,40.746817,-73.993655,1015060,1008037502,95,MN0501
2023,Older Adult Center,Edie Windsor SAGE Center,Services and Advocacy for Gay Lesbian Bisexual and Transgend,Yes,Main Site,C6904,305 7th Avenue,,Manhattan,10001,105,3,986008,211362,40.746817,-73.993655,1015060,1008037502,95,MN0501
2023,Case Management Agency,SELFHELP CASE MANAGEMENT - Project Pilot,SELFHELP,,Main,3M9,520 EIGHTH AVE,18th FL,Manhattan,10018,105,3,986351,213838,40.753612,-73.992417,1083624,1007860001,109,MN0502
2023,Case Management Agency,JASA BRONX CASE MANAGEMENT,JASA,,Corporate Office,1MB,247  WEST 37TH ST.,9th Fl,Manhattan,10018,210,13,1031200,246773,40.753475,-73.990594,1014454,1007870011,109,MN0502
2023,Case Management Agency,JASA STOREFRONT,JASA,,Corporate Office,2MG,247  WEST 37TH ST.,9th Fl,Manhattan,10018,314,40,995856,176246,40.753475,-73.990594,1014454,1007870011,109,MN0502
2023,Case Management Agency,SELFHELP QUEENS NORTH,SELFHELP,,Main,4ME,520 EIGHTH AVE,5TH FL,Manhattan,10018,407,20,1034030,213216,40.753612,-73.992417,1083624,1007860001,109,MN0502
2023,Legal Services,Jewish Association for Services for the Aged,Jewish Association for Services for the Aged,,Main Site,40A,"247 West 37th Street, 9th Floor",,Manhattan,10018,105,3,986856,213788,40.753475,-73.990594,1014454,1007870011,109,MN0502
2023,Older Adult Center,FIND Aid Woodstock OAC,Find Aid For The Aged,Yes,Main Site,C3304,127 West 43rd Street,,Manhattan,10036,105,4,988557,214662,40.755873,-73.984454,1022613,1009960014,119,MN0502
2023,Older Adult Center,"Stein Senior Center, Inc",Stein Senior Center Inc,,Main Site,C7801,204 East 23rd Street,,Manhattan,10010,106,2,989029,208389,40.738655,-73.982755,1019664,1009030056,64,MN0602
2023,Older Adult Center,Senior Center @ St Peter's Church,Lenox Hill Neighborhood House Inc,,Main Site,W1802,619 Lexington Avenue,,Manhattan,10022,106,4,992355,215692,40.758698,-73.970744,1036474,1013087501,100,MN0604
2023,Naturally Occurring Retirement Community (NORC),LINCOLN SQUARE NORC,Goddard-Riverside Community Center,,Main Site,N52-01,250 W. 66TH STREET,,New York,10023,107,6,988279,221720,40.775246,-73.985453,1030342,1011570001,15101,MN0701
2023,Older Adult Center,FIND Aid Hamilton OAC,Find Aid For The Aged,Yes,Main Site,C3303,141 West 73rd Street,,Manhattan,10023,107,6,989920,222951,40.778624,-73.979527,1030011,1011450012,157,MN0701
2023,Older Adult Center,Goddard Riverside LSNC OAC @ West 65th St,Goddard-Riverside Community Center,,Main Site,C3601,250 West 65th Street,,Manhattan,10023,107,6,987881,221634,40.77501,-73.98689,1030340,1011560020,15101,MN0701
2023,Naturally Occurring Retirement Community (NORC),GODDARD RIVERSIDE WEST SIDE NORC,Goddard-Riverside Community Center,,Main Site,N52-02,593 COLUMBUS AVENUE,,New York,10024,107,6,992307,226445,40.788212,-73.970904,1079511,1012020001,173,MN0702
2023,Older Adult Center,Goddard Riverside OAC at West 88th Street,Goddard-Riverside Community Center,,Main Site,C3602,593 Columbus Avenue,,Manhattan,10024,107,6,992307,226445,40.788212,-73.970904,1079511,1012020001,173,MN0702
2023,Older Adult Center,JASA Club 76 Older Adult Center,The Jewish Association For Services For The Aged,,Main Site,C8304,120 West 76th Street,,Manhattan,10023,107,6,990415,223577,40.780342,-73.977739,1030146,1011470042,161,MN0702
2023,Older Adult Center,ABSW OAC,Association Of Black Social Workers Inc,,Main Site,C0601,221 West 107th Street,,Manhattan,10025,107,7,993499,231361,40.801704,-73.966593,1075379,1018790017,195,MN0703
2023,Older Adult Center,Center at the Red Oak,West Side Federation for Senior and Supportive Housing Inc,Yes,Main Site,C9101,135 West 106th Street,,Manhattan,10025,107,7,994090,230711,40.799919,-73.964459,1055957,1018610010,193,MN0703
2023,Caregiver,Lenox Hill,Lenox Hill,,Main,3K3,331 EAST 70TH STREET,,Manhattan,10021,108,5,995898,218691,40.766925,-73.95795,1044838,1014450014,12601,MN0801
2023,Case Management Agency,LENOX HILL CASE MANAGEMENT,LENOX HILL CASE MANAGEMENT,,Main,3MA,331 EAST 70TH STREET,,Manhattan,10021,108,5,995898,218691,40.766925,-73.95795,1044838,1014450014,12601,MN0801
2023,Elder Justice,Weill Cornell Enhanced Multidisciplinary Teams,New York City Elder Abuse Center at Weill Cornell,,Main Site,620,525 East 68th Street,,Manhattan,10065,108,5,996646,217680,40.764149,-73.955251,1084781,1014800001,116,MN0801
2023,Older Adult Center,Carter Burden Luncheon Club,"The Carter Burden Center For The Aging, Inc D/B/A Carter Burd",,Main Site,C1601,351 East 74th Street,,Manhattan,10021,108,5,996383,219673,40.76962,-73.956197,1044930,1014490020,134,MN0801
2023,Older Adult Center,CBN Roosevelt Island Senior Center,"The Carter Burden Center For The Aging, Inc D/B/A Carter Burd",Yes,Main Site,C1605,546 Main Street,,Manhattan,10044,108,5,998175,216839,40.761839,-73.949734,1083202,1013730030,23803,MN0801
2023,Older Adult Center,Center @ Lenox Hill (ISC),Lenox Hill Neighborhood House Inc,Yes,Main Site,W1801,343 East 70th Street,,Manhattan,10021,108,5,996053,218604,40.766686,-73.95739,1044841,1014450023,12601,MN0801
2023,Grandparents Resource Center,GRC - MAP - Tompkins TA,Grandparents Resource Center,,Satellite,DFTA15,736 Park Ave,,Brooklyn,10021,108,4,994151,220004,40.770531,-73.964255,,,130,MN0802
2023,Naturally Occurring Retirement Community (NORC),STANLEY M ISAACS NORC,Stanley M Isaacs Neighborhood Center Inc,,Main Site,N65,415 E. 93RD STREET,,New York,10128,108,5,999451,223786,40.780904,-73.945112,1082367,1015730001,152,MN0803
2023,Older Adult Center,Stanley Isaacs NSC/Holmes Older Adult Center,"Stanley M Isaacs Neighborhood Center, Inc",,Main Site,C7601,415 East 93rd Street,,Manhattan,10128,108,5,999451,223786,40.780904,-73.945112,1082367,1015730001,152,MN0803
2023,Naturally Occurring Retirement Community (NORC),MORNINGSIDE MRHS NORC,Morningside Retirement & Health Services Inc,,Main Site,N57,100 LASALLE STREET,,New York,10027,109,7,995583,235664,40.813512,-73.959058,1084114,1019780001,211,MN0901
2023,Older Adult Center,Jackie Robinson,Charles A Walburg Multi-Service Organization Inc,,Main Site,C9901,1301 Amsterdam Avenue,,Manhattan,10027,109,7,996080,235111,40.811994,-73.957264,1084095,1019640001,20901,MN0901
2023,Older Adult Center,PSS Manhattanville,Presbyterian Senior Services,,Main Site,W1905,530 West 133rd Street,,Manhattan,10027,109,7,996850,237346,40.818127,-73.954478,1084130,1019840001,219,MN0902
2023,Older Adult Center,Hamilton Grange NSC,Convent Avenue Baptist Church,,Main Site,C2401,420 West 145th Street,,Manhattan,10032,109,7,999269,239646,40.824436,-73.945733,1060948,1020500042,227,MN0903
2023,Older Adult Center,Canaan Senior Service Center,Canaan Baptist Church Of Christ,,Main Site,C1501,1428 5th Avenue,,Manhattan,10035,110,9,999167,231162,40.80115,-73.946121,1051430,1016000021,190,MN1001
2023,Older Adult Center,Food Bank For New York City OAC,Food Bank For New York City,,Main Site,C3401,252 West 116th Street,,Manhattan,10026,110,9,996760,232264,40.804178,-73.954813,1055248,1018310060,218,MN1001
2023,Older Adult Center,PSS King Towers,Presbyterian Senior Services,,Main Site,W1907,50 Lenox Avenue,,Manhattan,10026,110,9,997700,230594,40.799593,-73.951421,1083312,1015960001,186,MN1001
2023,Grandparents Resource Center,GRC - MAP - Polo Grounds Houses,Grandparents Resource Center,,Satellite,DFTA10,2965 Frederick Douglas Boulevard,,Manhattan,10039,110,9,1001823,241763,40.830242,-73.9365,1084520,1021060003,24302,MN1002
2023,Grandparents Resource Center,GRC - MAP - St. Nicholas Senior Center,Grandparents Resource Center,,Satellite,DFTA13,210 West 131st Street,,Manhattan,10027,110,9,999159,235471,40.812977,-73.94614,1081515,1019330050,224,MN1002
2023,Older Adult Center,ARC XVI A Philip Randolph Center (ARC Ft Washington NSC),ARC XVI Fort Washington Inc,Yes,Main Site,C0501,108 West 146 Street,,Manhattan,10039,110,9,1001876,238520,40.821341,-73.936317,1060189,1020140036,232,MN1002
2023,Older Adult Center,ARC XVI Central Harlem Center,ARC XVI Fort Washington Inc,Yes,Main Site,C0502,120 West 140th Street,,Manhattan,10030,110,9,1001059,237149,40.817579,-73.939272,1060054,1020080013,230,MN1002
2023,Older Adult Center,Central Harlem Kennedy,"Central Harlem Senior Citizens Centers, Inc.",Yes,Main Site,C1901,34 W. 134th Street,,Manhattan,10037,110,9,1000957,235372,40.812702,-73.939645,1083985,1017300016,212,MN1002
2023,Older Adult Center,Central Harlem St Nick,"Central Harlem Senior Citizens Centers, Inc.",,Affiliated,C1902,210 W. 131st Street,,Manhattan,10027,110,9,999159,235471,40.812977,-73.94614,1081515,1019330050,224,MN1002
2023,Older Adult Center,PSS Harlem,Presbyterian Senior Services,Yes,Main Site,W1906,127 West 127th Street,,Manhattan,10027,110,9,999338,234200,40.809488,-73.945496,1057904,1019120012,224,MN1002
2023,Older Adult Center,RJ Rangel OAC,Cothoa Luncheon Club Inc,,Affiliated,C2604,159-36 Harlem River Drive,,Manhattan,10039,110,9,1002111,242901,40.833365,-73.935456,1084184,1021060320,24302,MN1002
2023,Older Adult Center,SAGE Center Harlem,Services and Advocacy for Gay Lesbian Bisexual and Transgend,,Main Site,C6902,220 West 143rd Street,,Manhattan,10030,110,9,1000544,238322,40.8208,-73.94113,1086084,1020280016,232,MN1002
2023,Transportation,Whist Transportation,"ARC XVI Fort Washington, Inc.",,Main Site,309,108 West 146th Street,,Manhattan,10033,110,9,1001876,238520,40.821341,-73.936317,1060189,1020140036,232,MN1002
2023,Elder Justice,Community Elder Mistreatment and Abuse Program (CEMAPP),Carter Burden Network Inc,,Main Site,1.00E+06,312 East 109th Street,,Manhattan,10029,111,8,1000731,227941,40.792306,-73.94048,1074278,1016800045,170,MN1101
2023,Naturally Occurring Retirement Community (NORC),UNION SETTLEMENT FRANKLIN PLAZA NORC,Union Settlement Association Inc,,Main Site,N70,2090 SECOND AVENUE,,New York,10029,111,8,1000386,227678,40.791585,-73.941726,1081081,1016780001,170,MN1101
2023,Older Adult Center,Carver,Institute For The Puerto Rican Hispanic Elderly Inc,,Main Site,W1603,55 East 102 Street,,Manhattan,10029,111,8,997859,227405,40.79084,-73.950853,1082659,1016080023,168,MN1101
2023,Older Adult Center,CBN Leonard Covello (ISC) Senior Program,"The Carter Burden Center For The Aging, Inc D/B/A Carter Burd",Yes,Main Site,C1603,312 East 109th Street,,Manhattan,10029,111,8,1000731,227941,40.792306,-73.94048,1074278,1016800045,170,MN1101
2023,Older Adult Center,Gaylord White OAC,Union Settlement Association,,Main Site,W2401,2029 2nd Avenue,,Manhattan,10029,111,8,999954,226908,40.789473,-73.943288,1080669,1016540011,170,MN1101
2023,Older Adult Center,Lehman Village Senior Program (Social Club),"The Carter Burden Center For The Aging, Inc D/B/A Carter Burd",,Affiliated,C1604,1641 Madison Avenue,,Manhattan,10029,111,8,998685,229227,40.79584,-73.947866,1078867,1016150023,17401,MN1101
2023,Grandparents Resource Center,GRC - MAP - James Weldon Johnson,Grandparents Resource Center,,Satellite,DFTA08,1833 Lexington Avenue,,Manhattan,10029,111,8,1000067,229612,40.796894,-73.942874,1082335,1016400021,182,MN1102
2023,Grandparents Resource Center,GRC - MAP - Wagner Senior Center,Grandparents Resource Center,,Satellite,DFTA16,435 East 120th Street,,Manhattan,10035,111,8,1003026,230032,40.798041,-73.932186,1081287,1018080001,192,MN1102
2023,Older Adult Center,Casabe Senior Houses aka East Harlem NSC,East Harlem Council For Human Services Inc,,Main Site,C3001,150 East 121st Street,,Manhattan,10035,111,8,1001128,231365,40.801704,-73.939037,1054378,1017690021,196,MN1102
2023,Older Adult Center,Central Harlem  Lincoln,"Central Harlem Senior Citizens Centers, Inc.",,Affiliated,C1903,60 E 135th Street,,Manhattan,10035,111,9,1002261,234975,40.81161,-73.934935,1081120,1017570020,210,MN1102
2023,Older Adult Center,Central Harlem SC Ctr Beatrice Lewis,"Central Harlem Senior Citizens Centers, Inc.",Yes,Main Site,C1904,2322 Third Avenue,,Manhattan,10035,111,9,1002173,232372,40.804465,-73.93526,1054497,1017750033,242,MN1102
2023,Older Adult Center,Corsi OAC,Union Settlement Association,,Main Site,W2405,307 E 116th Street,,Manhattan,10029,111,8,1001530,229628,40.796935,-73.93759,1079357,1016880045,188,MN1102
2023,Older Adult Center,Wagner Satellite,Union Settlement Association,,Affiliated,W2404,435 East 120th Street,,Manhattan,10035,111,8,1003026,230032,40.798041,-73.932186,1081287,1018080001,192,MN1102
2023,Older Adult Center,Cothoa Luncheon Club,Cothoa Luncheon Club Inc,Yes,Main Site,C2601,2005 Amsterdam Avenue,,Manhattan,10032,112,10,1000590,243250,40.834326,-73.940952,1062531,1021090003,245,MN1201
2023,Older Adult Center,M M Bethune,Cothoa Luncheon Club Inc,,Main Site,C2603,1970 Amsterdam Avenue,,Manhattan,10032,112,7,1000372,242869,40.83328,-73.94174,1076742,1021160033,241,MN1201
2023,Older Adult Center,Riverstone Senior Life Services OAC,"Riverstone Senior Life Services, Inc.",Yes,Main Site,C6201,99 Fort Washington Avenue,,Manhattan,10032,112,7,999818,244774,40.83851,-73.943738,1063346,1021360235,247,MN1201
2023,Case Management Agency,ISABELLA,ISABELLA,,Main,3MB,515 AUDOBON AVENUE,,Manhattan,10040,112,10,1004193,250706,40.854783,-73.927909,1063861,1021600001,277,MN1202
2023,Naturally Occurring Retirement Community (NORC),ISABELLA GERIATRIC FT GEORGE VISTAS NORC,Isabella Geriatric Center Inc,,Main Site,N56,17 FT. GEORGE HILL,,New York,10040,112,10,1004304,251769,40.8577,-73.927505,1064067,1021700131,283,MN1202
2023,Older Adult Center,Agudath Israel Moriah Older Adult Luncheon Club,Agudath Israel Of America Community Services Inc,,Main Site,C0102,90 Bennett Avenue,,Manhattan,10033,112,10,1002127,250061,40.853017,-73.935379,1064436,1021800172,271,MN1202
2023,Older Adult Center,ARC XVI Ft Washington Center,ARC XVI Fort Washington Inc,Yes,Main Site,C0503,516-520 W 181th Street,,Manhattan,10033,112,10,1003160,248393,40.848436,-73.93165,1063614,1021520067,269,MN1202
2023,Older Adult Center,Center for Adults Living Well @ the Y (OAC),Young Mens and Womens Hebrew Assoc Washington Heights Inwood,,Main Site,C9501,54 Nagle Avenue,,Manhattan,10040,112,10,1003854,252604,40.859993,-73.929129,1064146,1021720064,285,MN1202
2023,Older Adult Center,Washington Heights Neighborhood Senior Center (STAR OAC),Washington Heights Community Service Inc,,Main Site,C8901,650 West 187th Street,,Manhattan,10033,112,10,1002925,250303,40.853679,-73.932494,1075520,1021670056,271,MN1202
2023,Older Adult Center,NYFSC Dyckman Older Adult Center,New York Foundation For Senior Citizens Inc,,Main Site,C5101,3754 10th Avenue,,Manhattan,10034,112,10,1005940,252916,40.860844,-73.921587,1080032,1022160001,299,MN1203
2023,Older Adult Center,RAIN Inwood OAC,Regional Aid For Interim Needs Inc,,Main Site,C5806,84 Vermilyea Avenue,,Manhattan,10034,112,10,1005512,254735,40.865838,-73.923128,1064905,1022340029,291,MN1203
2023,Older Adult Center,Astoria NSC,Spanish Speaking Elderly Council RAICES Inc,,Main Site,C7209,21-21 30th Drive,,Queens,11102,401,22,1003940,219137,40.768135,-73.928916,4006319,4005500007,79,QN0102
2023,Older Adult Center,RAICES Astoria Social Club,Spanish Speaking Elderly Council RAICES Inc,,Affiliated,C7210,4-05 Astoria Boulevard,,Queens,11102,401,22,1002678,220889,40.772947,-73.933467,4430787,4004900101,87,QN0102
2023,Older Adult Center,CCNS DellaMonica- Steinway OAC,Catholic Charities Neighborhood Services Inc,,Main Site,C1702,23-11 31st Road,,Queens,11106,401,22,1003968,218289,40.765808,-73.928818,4619746,4005690017,75,QN0103
2023,Older Adult Center,HANAC Harmony JVL Innovative Older Adult Center,"HANAC, Inc.",Yes,Main Site,C3902,27-40 Hoyt Avenue South,,Queens,11102,401,22,1006464,220495,40.771857,-73.9198,4537921,4008390001,69,QN0103
2023,Transportation,HANAC East-West Connection,"HANAC, Inc.",,Main Site,446,27-40 Hoyt Avenue South,,Queens,11102,401,22,1006464,220495,40.771857,-73.9198,4537921,4008390001,69,QN0103
2023,Naturally Occurring Retirement Community (NORC),SELFHELP BOULEVARD GARDENS NORC,SELFHELP Community Services Inc,,Main Site,N62-01,51-42 30th AVENUE,,Queens,11377,401,22,1010573,216002,40.759513,-73.904983,4431254,4011110001,295,QN0104
2023,Grandparents Resource Center,GRC - MAP - Queensbridge/Riis Neighborhood Senior Center,Grandparents Resource Center,,Satellite,DFTA11,10-25 41st Avenue,,Queens,11101,401,26,999397,214526,40.755488,-73.945328,4433386,4004700100,25,QN0105
2023,Naturally Occurring Retirement Community (NORC),HANAC QUEENSVIEW NORC,"HANAC, Inc.",,Main Site,N54,33-34 CRESCENT STREET,,Queens,11106,401,22,1003720,216940,40.762105,-73.929717,4430862,4005570003,45,QN0105
2023,Older Adult Center,Queensbridge Center,Jacob A RIIS Neighborhood Settlement,,Main Site,C4601,10-25 41st Avenue,,Queens,11101,401,26,999397,214526,40.755488,-73.945328,4433386,4004700100,25,QN0105
2023,Caregiver,Sunnyside,Sunnyside,,Main,4K1,43-31 39th Street,,Sunnyside,11104,402,26,1004780,210778,40.74519,-73.925909,4436677,4001910005,17901,QN0202
2023,Case Management Agency,SUNNYSIDE COMMUNITY SERVICES,SUNNYSIDE COMMUNITY SERVICES,,Main,4MB,43-31 39TH STREET,,Queens,11104,402,26,1004780,210778,40.74519,-73.925909,4436677,4001910005,17901,QN0202
2023,Elder Justice,Sunnyside Community Services Elder Justice Program,Sunnyside Community Services,,Main Site,1.00E+07,43-31 39th Street,,Queens,11104,402,26,1004780,210778,40.74519,-73.925909,4436677,4001910005,17901,QN0202
2023,Older Adult Center,Sunnyside Community Services OAC,Sunnyside Community Services Inc,,Main Site,C7901,43-39 39th Street,,Queens,11104,402,26,1004775,210745,40.745099,-73.925927,4436676,4001910005,17901,QN0202
2023,Naturally Occurring Retirement Community (NORC),SELFHELP BIG SIX NORC,SELFHELP Community Services Inc,,Main Site,N62-02,61-10 QUEENS BLVD.,,Queens,11377,402,26,1011067,209384,40.741347,-73.903226,4437383,4023140100,245,QN0203
2023,Naturally Occurring Retirement Community (NORC),SELFHELP NORTHRIDGE 11-BRULENE NORC,SELFHELP Community Services Inc,,Main Site,N62-03,33-45 90TH STREET,,Queens,11372,403,25,1018146,214327,40.75489,-73.877655,4431400,4014380001,27702,QN0301
2023,Older Adult Center,CCNS Catherine Sheridan OAC,Catholic Charities Neighborhood Services Inc,,Main Site,C1703,35-24 83rd Street,,Queens,11372,403,25,1016472,213107,40.751548,-73.883703,4437136,4014560001,283,QN0301
2023,Older Adult Center,QCH Queens Center for Gay Seniors (QCGS) OAC,"Queens Community House, Inc.",,Main Site,C5604,37-06 77th Street,,Queens,11372,403,25,1015000,212143,40.748907,-73.88902,4029864,4012870010,287,QN0301
2023,Older Adult Center,Golden Phoenix 1 (ELMCOR NSC),Elmcor Youth & Adult Activities Inc,,Main Site,W1301,98-19 Astoria Boulevard,,Queens,11369,403,21,1019961,217028,40.762296,-73.871089,4032768,4013720045,367,QN0302
2023,Older Adult Center,Florence E Smith OAC,Corona Congregational Church,,Main Site,C2501,102-19 34th Avenue,,Queens,11368,403,21,1021378,214642,40.755742,-73.865988,4042602,4017170033,379,QN0303
2023,Older Adult Center,Golden Phoenix 2 (Elmcor Lefrak NSC),Elmcor Youth & Adult Activities Inc,Yes,Main Site,W1302,95-18 Northern Boulevard,,Queens,11372,403,21,1019473,215049,40.756866,-73.872861,4042344,4017100010,37502,QN0303
2023,Older Adult Center,Golden Phoenix 4,Elmcor Youth & Adult Activities Inc,,Main Site,CC101,33-16 108th Street,,Queens,11368,403,21,1022776,215259,40.757429,-73.860938,4042761,4017220012,381,QN0303
2023,Older Adult Center,Korean Community Services Corona OAC,Korean Community Services of Metropolitan New York Inc,,Main Site,C4901,37-06 111th Street,,Queens,11368,403,21,1023796,213990,40.753941,-73.857264,4430244,4017780027,40102,QN0303
2023,Older Adult Center,Elmhurst,Institute For The Puerto Rican Hispanic Elderly Inc,,Main Site,W1604,75-01 Broadway Avenue,,Queens,11373,404,25,1014672,211146,40.746172,-73.890208,4036730,4014860013,267,QN0401
2023,Older Adult Center,Italian Senior Citizens  Center Inc,"Italian Senior Citizens Center, Inc.",,Main Site,C4501,83-20 Queens Boulevard,,Queens,11373,404,25,1017592,207883,40.737205,-73.879686,4057291,4024760017,475,QN0401
2023,Older Adult Center,Corona OAC,Spanish Speaking Elderly Council RAICES Inc,,Main Site,C7203,107-24 Corona Avenue,,Queens,11368,404,21,1024234,210205,40.743551,-73.855705,4431694,4019420053,439,QN0402
2023,Older Adult Center,Golden Phoenix 3 (Elmcor Lefrak NSC),Elmcor Youth & Adult Activities Inc,Yes,Main Site,45D01,96-05 Horace Harding Expressway,,Queens,11368,404,21,1021855,206861,40.734383,-73.864309,4047337,4019180114,455,QN0402
2023,Older Adult Center,Selfhelp Maspeth,SELFHELP Community Services Inc,Yes,Main Site,W2105,69-61 Grand Avenue,,Queens,11378,405,30,1013753,204167,40.727019,-73.893556,4058561,4025010032,49302,QN0501
2023,Older Adult Center,Peter Cardella Older Adult Center,Peter Cardella Senior Citizen Center Inc,Yes,Main Site,C5401,68-52 Fresh Pond Road,,Queens,11385,405,30,1013176,195734,40.703874,-73.895674,4085200,4035350024,583,QN0502
2023,Older Adult Center,"Ridgewood Older Adult Center And Services, Inc",Ridgewood Older Adult Center And Services Inc,,Main Site,C5901,5914 70th Avenue,,Queens,11385,405,30,1011971,194755,40.701191,-73.900024,4084122,4035080009,583,QN0502
2023,Older Adult Center,Middle Village OAC,Rabbi Israel Meyer Hacohen Rabbinical Seminary Of America,,Main Site,C5701,69-10 75th Street,,Queens,11379,405,30,1018444,197712,40.709285,-73.876664,4091868,4037860020,619,QN0504
2023,Older Adult Center,QCH Rego Park OAC,"Queens Community House, Inc.",,Main Site,C5605,97-30 Queens Blvd,,Queens,11374,406,29,1023251,204899,40.728991,-73.859284,4072142,4030840014,69701,QN0601
2023,Case Management Agency,"QUEENS COMMUNITY HOUSE, INC","QUEENS COMMUNITY HOUSE, INC",,Corporate Office,4MD,119-45 Union Turnpike,5th Fl,Queens,11375,406,29,1030726,199417,40.713909,-73.832351,4312087,4033477501,76902,QN0602
2023,Case Management Agency,"QUEENS COMMUNITY HOUSE, INC","QUEENS COMMUNITY HOUSE, INC",,Main,4MD,108-25 62ND DRIVE,,Queens,11375,406,29,1030726,199417,40.73591,-73.850212,4432108,4021590015,745,QN0602
2023,Naturally Occurring Retirement Community (NORC),FOREST HILLS COMMUNITY HOUSE NORC,Queens Community House Inc.,,Main Site,N59,108-03 62ND DRIVE,,Queens,11375,406,29,1025589,207353,40.735716,-73.850833,4432109,4021590002,745,QN0602
2023,Older Adult Center,Selfhelp Austin St,SELFHELP Community Services Inc,,Main Site,W2101,106-06 Queens Boulevard,,Queens,11375,406,29,1026567,202401,40.72212,-73.847335,4077479,4032370040,711,QN0602
2023,Older Adult Center,Young Israel Programs Forest Hills,Young Israel Programs Inc,,Main Site,C9401,68-07 Burns Street,,Queens,11375,406,29,1025370,202121,40.721357,-73.851655,4077448,4032340089,711,QN0602
2023,Older Adult Center,HANAC Angelo Petromelis Older Adult Center,"HANAC, Inc.",,Main Site,C3901,13-28 123rd Street,,Queens,11356,407,19,1027236,225741,40.786179,-73.844772,4096960,4039970035,947,QN0701
2023,Naturally Occurring Retirement Community (NORC),SAMUEL FIELD Y CLEARVIEW GARDENS NORC,Samuel Field YM & YWHA Inc,,Main Site,N61-01,163-59 17TH AVENUE,,Queens,11357,407,19,1039919,224600,40.782976,-73.798982,4444920,4057300001,1017,QN0703
2023,Older Adult Center,Samuel Field Y Bay Terrace Older Adult Center,Samuel Field YM & YWHA Inc,,Main Site,C6502,212-00 23rd Avenue,,Queens,11360,407,19,1045701,224057,40.781448,-73.778109,4132408,4059000050,99704,QN0703
2023,Older Adult Center,Selfhelp Clearview,SELFHELP Community Services Inc,Yes,Main Site,W2103,208-11 26th Avenue,,Queens,11360,407,19,1044130,222207,40.776381,-73.783798,4130866,4058630250,99704,QN0703
2023,Case Management Agency,SELFHELP QUEENS NORTH,SELFHELP,,Main,4ME,45-25 KISSENA BLVD,,Queens,11355,407,20,1034030,213216,40.751765,-73.820331,4117390,4052000052,1205,QN0705
2023,Older Adult Center,Korean Community Services Flushing + Satellite MN9,Korean Community Services of Metropolitan New York Inc,,Main Site,C4902,42-15 166th Street,,Queens,11358,407,19,1039564,216006,40.75939,-73.800335,4439629,4053970006,1185,QN0705
2023,Older Adult Center,Selfhelp Benjamin Rosenthal,SELFHELP Community Services Inc,Yes,Main Site,W2102,45-25 Kissena Boulevard,,Queens,11355,407,20,1034030,213216,40.751765,-73.820331,4117390,4052000052,1205,QN0705
2023,Older Adult Center,CPC Nan Shan Neighborhood Senior Center,Chinese-American Planning Council Inc,,Main Site,C2102,133-14 41st Avenue,,Queens,11355,407,20,1030744,215109,40.756979,-73.832178,4617434,4050410005,84902,QN0707
2023,Older Adult Center,RAICES Bland Social Club,Spanish Speaking Elderly Council RAICES Inc,,Affiliated,C7204,40-15 College Point Boulevard,,Queens,11354,407,20,1030200,215408,40.757803,-73.83414,4443443,4050370008,871,QN0707
2023,Older Adult Center,Selfhelp Latimer,SELFHELP Community Services Inc,,Main Site,W2104,34-30 137th Street,,Queens,11354,407,20,1031359,218413,40.766044,-73.829935,4443410,4049510008,88902,QN0707
2023,Older Adult Center,Young Israel Programs Queens Valley II,Young Israel Programs Inc,,Main Site,C9403,141-55 77th Avenue,,Queens,11367,408,24,1034194,202054,40.721128,-73.819822,4143547,4066280084,77903,QN0801
2023,Older Adult Center,QCH Pomonok OAC,"Queens Community House, Inc.",Yes,Main Site,C5603,67-09 Kissena Boulevard,,Queens,11367,408,24,1035596,207123,40.735033,-73.814726,4455430,4067920030,122702,QN0802
2023,Naturally Occurring Retirement Community (NORC),SELFHELP FRESH MEADOWS NORC,SELFHELP Community Services Inc,,Main Site,N62-04,67-00 192ND STREET,,Queens,11365,408,23,1044792,208157,40.737813,-73.781534,4444040,4071170003,134701,QN0803
2023,Older Adult Center,JASA Holliswood Older Adult Center,The Jewish Association For Services For The Aged,,Main Site,C8305,86-25 Francis Lewis Boulevard,,Queens,11427,408,23,1049357,203482,40.724948,-73.765107,4226088,4106000019,49201,QN0804
2023,Older Adult Center,India Home Desi Senior Center,India Home Inc,,Main Site,C4401,85-37 168th Street,,Queens,11432,408,24,1040710,199197,40.713247,-73.796339,4210720,4098510017,454,QN0805
2023,Older Adult Center,QCH Kew Gardens Community Center OAC,"Queens Community House, Inc.",Yes,Main Site,C5602,80-02 Kew Gardens Road,,Queens,11415,409,29,1031238,199337,40.713686,-73.830505,4312089,4033480037,773,QN0901
2023,Older Adult Center,CCNS Ozone Park OAC,Catholic Charities Neighborhood Services Inc,,Main Site,C1705,103-02 101 Avenue,,Queens,11416,409,28,1028686,189255,40.686027,-73.839777,4198392,4094210001,112,QN0904
2023,Older Adult Center,CCNS Woodhaven-Richmond Hill OAC,Catholic Charities Neighborhood Services Inc,,Main Site,C1716,89-02 91St Street,,Queens,11421,409,32,1025031,190862,40.690455,-73.852946,4185709,4089720004,18,QN0905
2023,Older Adult Center,CCNS Howard Beach OAC,Catholic Charities Neighborhood Services Inc,,Main Site,C1704,155-55 CrossBay Boulevard,,Queens,11414,410,32,1028319,181365,40.664372,-73.841152,4442269,4115880075,884,QN1003
2023,Older Adult Center,CCNS Bayside OAC,Catholic Charities Neighborhood Services Inc,,Main Site,C1701,221-15 Horace Harding Expressway,,Queens,11364,411,23,1051701,212502,40.749688,-73.756559,4161696,4075270065,138501,QN1102
2023,Naturally Occurring Retirement Community (NORC),SAMUEL FIELD Y DEEPDALE GARDENS NORC,Samuel Field YM & YWHA Inc,,Main Site,N61-02,57-17 MARATHON PARKWAY,,Queens,11362,411,23,1058693,216068,40.75942,-73.731285,4459800,4083370001,152902,QN1103
2023,Older Adult Center,Sam Field Older Adult Center,Samuel Field YM & YWHA Inc,,Main Site,C6501,58-20 Little Neck Parkway,,Queens,11362,411,23,1060952,216861,40.761577,-73.723122,4173029,4083520051,152902,QN1103
2023,Case Management Agency,CCNS SOUTHWEST,CCNS,,Main,4MF,183-16 JAMAICA AVE,2ND FL,Queens,11423,412,27,1046080,197638,40.708932,-73.776983,4438800,4103520058,444,QN1201
2023,Older Adult Center,Allen AME Theodora Jackson Center,Allen AME Church,Yes,Main Site,C0201,92-47 165th Street,,Queens,11433,412,27,1041350,195973,40.704393,-73.794058,4216225,4101550029,444,QN1201
2023,Older Adult Center,Allen International Towers Affiliate,Allen AME Church,,Affiliated,C0202,90-20 170th Street,,Queens,11432,412,27,1042311,197500,40.708578,-73.790579,4209721,4098020041,460,QN1201
2023,Older Adult Center,Allen Shelton Affiliate,Allen AME Church,,Affiliated,C0203,89-09 162nd Street,,Queens,11432,412,24,1039961,196763,40.706571,-73.799061,4208882,4097610036,44601,QN1201
2023,Older Adult Center,CCNS Hillcrest OAC,Catholic Charities Neighborhood Services Inc,,Main Site,C1707,91-34 182nd Place,,Queens,11423,412,27,1045678,197893,40.709634,-73.778431,4211802,4099000001,470,QN1201
2023,Transportation,Allen Transportation,Allen Cmmunity Senior Citizens Center,,Main Site,44Z,92-47 165th Street,,Queens,11433,412,27,1041350,195973,40.704393,-73.794058,4216225,4101550029,444,QN1201
2023,Older Adult Center,Allen AME Community Senior Citizens Center,Allen AME Church,yes,Main Site,C0204,166-01 Linden Boulevard,,Queens,11434,412,27,1044388,190756,40.690054,-73.783147,4435290,4123220001,266,QN1202
2023,Older Adult Center,Brooks Senior Center,Brooks Senior Center,,Main Site,C1401,143-22 109th Avenue,,Queens,11435,412,28,1038730,190200,40.688564,-73.803554,4257866,4119330001,196,QN1202
2023,Older Adult Center,Allen AME Rockaway Blvd Senior Center,Allen AME Church,,Main Site,C0205,123-10 143rd Street,,Queens,11436,412,28,1040913,185089,40.674522,-73.795725,4261337,4120390044,182,QN1203
2023,Naturally Occurring Retirement Community (NORC),ROCHDALE VILLAGE NORC,Rochdale Village Social Services Inc,,Main Site,N60,169-65 137TH AVENUE,,Queens,11434,412,28,1047873,184414,40.672622,-73.770641,4436348,4124950002,33405,QN1204
2023,Older Adult Center,Robert Couche,Merrill Park Civic Association of Springfield Gardens Inc,Yes,Main Site,CC301,137-57 Farmers Boulevard,,Queens,11434,412,31,1049677,184378,40.67251,-73.764138,4280089,4130200013,330,QN1204
2023,Older Adult Center,Rochdale Village SC,Rochdale Village Social Services Inc,Yes,Main Site,C6301,169-65 137th Avenue,,Queens,11434,412,28,1047873,184414,40.672622,-73.770641,4436348,4124950002,33405,QN1204
2023,Case Management Agency,SNAP,SNAP,,Main,4MG,80-45 WINCHESTER BLVD.,BLDG #4 CBU #29,Queens,11427,413,23,1057959,208147,40.737685,-73.734021,4537294,4078800400,1567,QN1302
2023,Older Adult Center,SNAP Eastern Queens OAC,Services Now for Adult Persons Inc,Yes,Main Site,C7001,80-45 Winchester Boulevard,,Queens,11427,413,23,1057959,208147,40.737685,-73.734021,4537294,4078800400,1567,QN1302
2023,Older Adult Center,Alpha Phi Alpha Senior Citizens Center Inc,Alpha Phi Alpha Senior Citizens Center Inc,,Main Site,C0301,220-01 Linden Boulevard,,Queens,11411,413,27,1056347,192629,40.695105,-73.740004,4244354,4113210006,596,QN1304
2023,Caregiver,SNAP,SNAP,,Main,4K3,133-33 Brookville Blvd,,Rosefale,11422,413,31,1058382,185090,40.674396,-73.732749,4279577,4129800001,61602,QN1307
2023,Older Adult Center,SNAP Brookville OAC,Services Now for Adult Persons Inc,,Main Site,C7002,133-33 Brookville Boulevard,,Queens,11422,413,31,1058382,185090,40.674396,-73.732749,4279577,4129800001,61602,QN1307
2023,Case Management Agency,JASA QUEENS,JASA,,Main,4MH,131 BEACH 19TH STREET,,Queens,11691,414,31,1052790,155696,40.593761,-73.753207,4301622,4158100055,99802,QN1401
2023,Elder Justice,JASA Elder Justice Queens South,JASA,,Main Site,1.00E+04,131 Beach 19th Street,,Queens,11691,301,34,999926,197572,40.593761,-73.753207,4301622,4158100055,99802,QN1401
2023,Older Adult Center,JASA Brookdale Village,The Jewish Association For Services For The Aged,Yes,Main Site,W2204,131 Beach 19th Street,,Queens,11691,414,31,1052790,155696,40.593761,-73.753207,4301622,4158100055,99802,QN1401
2023,Older Adult Center,JASA Roy Reuther,The Jewish Association For Services For The Aged,,Main Site,W2205,711 Seagirt Avenue,,Queens,11691,414,31,1055848,156519,40.595996,-73.742187,4298968,4156100001,101002,QN1401
2023,Older Adult Center,Young Israel Wavecrest & Bayswater Senior League,Young Israel Programs Inc,,Main Site,C9404,2716 Healy Avenue,,Queens,11691,414,31,1049300,159471,40.604149,-73.765737,4300494,4157220041,100804,QN1401
2023,Older Adult Center,CCNS Seaside OAC,Catholic Charities Neighborhood Services Inc,,Main Site,C1709,320 Beach 94th Street,,Queens,11693,414,32,1034992,153444,40.5877,-73.817309,4303571,4161260004,94202,QN1402
2023,Older Adult Center,Ocean Bay CDC Older Adult Center,Ocean Bay Community Development Corp,,Main Site,C5301,74-16 Beach Channel Drive,,Queens,11693,414,31,1039107,154563,40.590746,-73.802484,4303280,4160790036,94202,QN1402
2023,Older Adult Center,JASA Rockaway Park,The Jewish Association For Services For The Aged,,Main Site,W2206,106-20 Shore Front Parkway,,Queens,11694,414,32,1032385,150897,40.580723,-73.826713,4303818,4161770035,938,QN1403
2023,Case Management Agency,"COMMUNITY AGENCY FOR SENIOR CITIZENS, INC","COMMUNITY AGENCY FOR SENIOR CITIZENS, INC",,Main,5M4,120 STUYVESANT PLACE,STE 409,Staten Island,10301,501,49,962837,173644,40.643264,-74.077159,5000084,5000080060,3,SI0101
2023,Elder Justice,CASC Elder Justice Program,Community Agency for Senior Citizens,,Main Site,1.00E+09,120 Stuyvesant Place,,Staten Island,10301,501,49,962837,173644,40.643264,-74.077159,5000084,5000080060,3,SI0101
2023,Older Adult Center,CASC Cassidy Coles NSC,Community Agency for Senior Citizens Inc,Yes,Main Site,C2201,125 Cassidy Place,,Staten Island,10301,501,49,957472,173148,40.641888,-74.096489,5001762,5000710011,81,SI0101
2023,Transportation,CASC Transportation,"Community Agency for Senior Citizens, Inc.",,Main Site,538,"120 Stuyvesant Pl., Suite 409",,Staten Island,10301,501,49,962837,173644,40.643264,-74.077159,5000084,5000080060,3,SI0101
2023,Grandparents Resource Center,GRC - MAP - Stapleton Senior Center,Grandparents Resource Center,,Satellite,DFTA14,"189 Gordon St, Staten Island, NY 10304",,Staten Island,10304,501,49,961254,166308,40.623124,-74.082838,5108860,5005450100,29,SI0102
2023,Older Adult Center,Stapelton OAC,Jewish Community Center Of Staten Island Inc,,Main Site,W1703,189 Gordon Street,,Staten Island,10304,501,49,961254,166308,40.623124,-74.082838,5108860,5005450100,29,SI0102
2023,Older Adult Center,CASC New Lane NSC,Community Agency for Senior Citizens Inc,,Main Site,C2202,70 New Lane,,Staten Island,10301,501,49,966965,162546,40.612811,-74.062256,5042254,5028320068,6,SI0103
2023,Older Adult Center,West Brighton Neighborhood Senior Center,"Catholic Charities Of Staten Island, Inc.",Yes,Main Site,C1802,230 Broadway,,Staten Island,10310,501,49,951632,171187,40.636486,-74.117523,5095818,5001960001,13301,SI0104
2023,Older Adult Center,Anderson Neighborhood Senior Center,"Catholic Charities Of Staten Island, Inc.",,Main Site,C1801,120 Anderson Avenue,,Staten Island,10302,501,49,946941,170626,40.634927,-74.134422,5024253,5010360019,213,SI0106
2023,Older Adult Center,Arrochar OAC,Staten Island Community Services Friendship Clubs Inc,Yes,Main Site,C7702,44 Bionia Avenue,,Staten Island,10305,502,50,963317,156684,40.596713,-74.075377,5133958,5032700025,64,SI0201
2023,Older Adult Center,New Dorp Beach OAC,Staten Island Community Services Friendship Clubs Inc,,Main Site,C7704,128 Cedar Grove Avenue,,Staten Island,10306,595,50,956373,143850,40.561467,-74.100329,5113475,5041050050,12804,SI0202
2023,Older Adult Center,Center for Livelong Development (Bernikow OAC),Jewish Community Center Of Staten Island Inc,Yes,Main Site,W1701,1466 Manor Road,,Staten Island,10314,502,50,949347,155877,40.594916,-74.125393,5141743,5009550100,181,SI0203
2023,Older Adult Center,Todt Hill OAC,Staten Island Community Services Friendship Clubs Inc,,Main Site,C7705,184 Schmidts Lane,,Staten Island,10314,502,49,951194,161195,40.609058,-74.119053,5108960,5007060001,173,SI0203
2023,Older Adult Center,Great Kills OAC,Staten Island Community Services Friendship Clubs Inc,,Main Site,C7701,11 Sampson Avenue,,Staten Island,10308,503,51,942620,140646,40.552619,-74.149806,5062569,5046240500,14605,SI0302
2023,Older Adult Center,Mount Loretto OAC,Staten Island Community Services Friendship Clubs Inc,,Main Site,C7703,6581 Hylan Boulevard,,Staten Island,10309,503,51,922815,124827,40.509084,-74.22093,5123970,5076640001,198,SI0304
2023,Caregiver,JCC of SI,JCC of SI,,Main,5K1,1297 Arthur Kill Road,Ground floor,Staten Island,10312,503,51,933190,145298,40.565339,-74.183774,5077603,5059000105,22801,SI0391
2023,Older Adult Center,Avis South Shore OAC,Jewish Community Center Of Staten Island Inc,Yes,Main Site,W1702,1297 Arthur Kill Road,,Staten Island,10312,503,51,933190,145298,40.565339,-74.183774,5077603,5059000105,22801,SI0391
2023,Older Adult Center,PSS Morrisania Air Rights,Presbyterian Senior Services,,Main Site,W1904,3135 Park Ave East,,Bronx,10451,204,16,1007176,239548,40.82415,-73.917164,2100990,2024209078,173,BX0401
2023,Elder Justice,Met Council Elder Justice Program,Metropolitan NY Coordinating Council on Jewish Poverty,,Satellite,1.00E+05,8635 21st Avenue,,Brooklyn,11214,311,47,985131,158792,40.602524,-73.996827,3166996,3063780019,290,BK1101
2023,Older Adult Center,Hugh Gilroy OAC,"Fort Greene Council, Inc.",,Main Site,C3511,447 Kingsborough,,Brooklyn,11233,308,41,1005073,185294,40.675242,-73.924931,3035751,3013440175,307,BK0802
2023,Older Adult Center,Bergen Basin Mill Basin Older Adult Center,Bergen Basin Community Development Corporation,,Main Site,C0805,2075 East 68th Street,,Brooklyn,11234,318,46,1009173,164758,40.618864,-73.910226,3237201,3084090001,696.02,BK1802
2023,Caregiver,Heights and Hills,Heights and Hills,,Main,2K4,81 Willioughby Street,Ste 302,Brooklyn,11201,302,33,988201,191458,40.692184,-73.985753,3000350,3001480046,11,BK0202
2023,Elder Justice,Elderly Crime Victims Resource Center,NYC Aging,,Main Site,DFTA01,2 Lafayette Street,,Manhattan,10007,101,1,983256,199305,40.713723,-74.003586,1001672,1001550001,31,MN0102
2023,Older Adult Center,Encore at St Malachy's,Encore Community Services,Yes,Main Site,W1401,239 West 49th Sreet,,Manhattan,10019,105,3,988319,216582,40.759807,-73.98603,1076193,1010197502,125,MN0502
2023,Older Adult Center,Frederick Douglass Social Club,West Side Federation for Senior and Supportive Housing Inc,,Affiliated,C9102,868 Amersterdam Avenue,,Manhattan,10025,107,7,993284,230073,40.798169,-73.967371,1079429,1018740029,191,MN0703
2023,Older Adult Center,Polo Grounds Satellite,Cothoa Luncheon Club Inc,,Affiliated,C2602,2965 Frederick Douglass Boulevard,,Manhattan,10039,110,9,1001823,241763,40.821619,-73.94282,1060771,1020440009,259,MN1002
2023,Older Adult Center,HANAC Ravenswood Older Adult Center,"HANAC, Inc.",,Main Site,C3903,34-35A 12th Street,,Queens,11106,401,26,1001534,217348,40.76323,-73.937607,4430802,4005230002,43,QN0105
2023,Older Adult Center,Woodside Older Adult Center,Samaritan Daytop Village Inc,,Main Site,C6401,50-37 Newtown Road,,Queens,11377,401,26,1008895,213891,40.753724,-73.911047,4430993,4007360002,163,QN0104
2023,Older Adult Center,QCH Forest Hills OAC,"Queens Community House, Inc.",,Main Site,C5601,108-25 62nd Drive,,Queens,11375,406,29,1025761,207424,40.73591,-73.850212,4432108,4021590015,745,QN0602
