rank,priority,venue,sponsor,sponsor_center_count,address,borough,zip,phone,type,dfta_id,status,date_contacted,booking_contact,email,website,notes
1,HIGH,PSS HARLEM,PRESBYTERIAN SENIOR SERVICES,10,127 West 127th Street,Manhattan,10027,212-222-3132,Senior Center (DFTA),W1906,,,,,,Sponsor: PRESBYTERIAN SENIOR SERVICES | Hours: 08:00-04:00 Mon-Fri
2,HIGH,PSS KING TOWERS,PRESBYTERIAN SENIOR SERVICES,10,50 Lenox Avenue,Manhattan,10026,646-861-2077,Senior Center (DFTA),W1907,,,,,,Sponsor: PRESBYTERIAN SENIOR SERVICES | Hours: 08:00-04:00 Mon-Fri
3,HIGH,PSS MANHATTANVILLE,PRESBYTERIAN SENIOR SERVICES,10,530 West 133rd Street,Manhattan,10027,212-862-5562,Senior Center (DFTA),W1905,,,,,,Sponsor: PRESBYTERIAN SENIOR SERVICES | Hours: 08:00-04:00 Mon-Fri
4,HIGH,RAIN INWOOD OAC,REGIONAL AID FOR INTERIM NEEDS INC,10,84 Vermilyea Avenue,Manhattan,10034,212-567-3200,Senior Center (DFTA),C5806,,,,Info@RainInc.org,https://www.raininc.org,Sponsor: REGIONAL AID FOR INTERIM NEEDS INC | Hours: 08:00-04:00 Mon-Fri
5,HIGH,JASA CLUB 76 OLDER ADULT CENTER,THE JEWISH ASSOCIATION FOR SERVICES FOR THE AGED,18,120 West 76th Street,Manhattan,10023,212-712-0170,Senior Center (DFTA),C8304,,,,help@jasa.org,https://www.jasa.org,Sponsor: THE JEWISH ASSOCIATION FOR SERVICES FOR THE AGED | Hours: 09:00-05:00 Mon-Fri
6,MEDIUM,ARC XVI A. PHILIP RANDOLPH OAC,ARC XVI FORT WASHINGTON INC,4,108 West 146 Street,Manhattan,10039,212-281-1349,Senior Center (DFTA),C0501,,,,,,Sponsor: ARC XVI FORT WASHINGTON INC | Hours: 09:00-05:00 Mon-Fri
7,MEDIUM,ARC XVI CENTRAL HARLEM CENTER,ARC XVI FORT WASHINGTON INC,4,120 West 140th Street,Manhattan,10030,347-919-5072,Senior Center (DFTA),C0502,,,,,,Sponsor: ARC XVI FORT WASHINGTON INC | Hours: 09:00-05:00 Mon-Fri
8,MEDIUM,ARC XVI FORT WASHINGTON OAC,ARC XVI FORT WASHINGTON INC,4,516 W 181th Street,Manhattan,10033,212-781-5700,Senior Center (DFTA),C0503,,,,,,Sponsor: ARC XVI FORT WASHINGTON INC | Hours: 09:00-05:00 Mon-Fri
9,MEDIUM,ARCXVI FT WASHINGTONINC,ARC XVI FORT WASHINGTON INC,4,108 WEST 146 STREET,Manhattan,10039,212-281-1349,Senior Center (DFTA),3YE01,,,,,,Sponsor: ARC XVI FORT WASHINGTON INC | Hours: - Mon-Fri
10,MEDIUM,CARTER BURDEN LUNCHEON CLUB & SOCIAL SERVICE UNIT,CARTER BURDEN NETWORK INC.,4,351 East 74th Street,Manhattan,10021,646-937-3520,Senior Center (DFTA),C1601,,,,contactus@carterburdennetwork.org,https://www.carterburdennetwork.org,Sponsor: CARTER BURDEN NETWORK INC. | Hours: 08:00-04:00 Mon-Fri
11,MEDIUM,CBN LEONARD COVELLO SENIOR PROGRAM,CARTER BURDEN NETWORK INC.,4,312 East 109th Street,Manhattan,10029,212-423-9665,Senior Center (DFTA),C1603,,,,contactus@carterburdennetwork.org,https://www.carterburdennetwork.org,Sponsor: CARTER BURDEN NETWORK INC. | Hours: 08:00-04:00 Mon-Fri
12,MEDIUM,CBN ROOSEVELT ISLAND SENIOR CENTER,CARTER BURDEN NETWORK INC.,4,546 Main Street,Manhattan,10044,212-980-1888,Senior Center (DFTA),C1605,,,,contactus@carterburdennetwork.org,https://www.carterburdennetwork.org,Sponsor: CARTER BURDEN NETWORK INC. | Hours: 09:00-05:00 Mon-Fri
13,MEDIUM,LEHMAN VILLAGE SENIOR PROGRAM (SOCIAL CLUB),CARTER BURDEN NETWORK INC.,4,1641 Madison Avenue,Manhattan,10029,646-370-5642,Senior Center (DFTA),C1604,,,,contactus@carterburdennetwork.org,https://www.carterburdennetwork.org,Sponsor: CARTER BURDEN NETWORK INC. | Hours: 08:00-04:00 Mon-Fri
14,MEDIUM,CPC NY CHINATOWN NEIGHBORHOOD SENIOR CENTER,CHINESE AMERICAN PLANNING COUNCIL INC,4,55 Chrystie Street,Manhattan,10002,212-233-8930,Senior Center (DFTA),C2103,,,,,https://www.cpcnyc.org,Sponsor: CHINESE AMERICAN PLANNING COUNCIL INC | Hours: 09:00-05:00 Mon-Fri
15,MEDIUM,CPC PROJECT OPEN DOOR NEIGHBORHOOD SENIOR CENTER,CHINESE AMERICAN PLANNING COUNCIL INC,4,168 Grand Street,Manhattan,10013,212-431-9026,Senior Center (DFTA),C2104,,,,,https://www.cpcnyc.org,Sponsor: CHINESE AMERICAN PLANNING COUNCIL INC | Hours: 09:00-05:00 Mon-Fri
16,MEDIUM,FIND AID CLINTON OAC,FIND AID FOR THE AGED,4,530 West 55th Street,Manhattan,10019,212-757-2026,Senior Center (DFTA),C3301,,,,,,Sponsor: FIND AID FOR THE AGED | Hours: 09:00-05:00 Mon-Fri
17,MEDIUM,FIND AID COFFEEHOUSE CENTER,FIND AID FOR THE AGED,4,331 West 42nd Street,Manhattan,10036,646-545-4621,Senior Center (DFTA),C3302,,,,,,Sponsor: FIND AID FOR THE AGED | Hours: 09:00-05:00 Mon-Fri
18,MEDIUM,FIND AID HAMILTON OAC,FIND AID FOR THE AGED,4,141 W 73rd Street,Manhattan,10023,212-787-7710,Senior Center (DFTA),C3303,,,,,,Sponsor: FIND AID FOR THE AGED | Hours: 09:00-05:00 Mon-Fri
19,MEDIUM,FIND AID WOODSTOCK OAC,FIND AID FOR THE AGED,4,127 West 43rd Street,Manhattan,10036,212-575-0693,Senior Center (DFTA),C3304,,,,,,Sponsor: FIND AID FOR THE AGED | Hours: 09:00-05:00 Mon-Fri
20,MEDIUM,CENTER ON THE SQ,GREENWICH HOUSE INC.,4,20 Washington Square North,Manhattan,10011,212-777-3555,Senior Center (DFTA),W1501,,,,info@greenwichhouse.org,https://greenwichhouse.org,Sponsor: GREENWICH HOUSE INC. | Hours: 09:00-05:00 Mon-Fri
21,MEDIUM,INDEPENDENCE PLAZA,GREENWICH HOUSE INC.,4,310 Greenwich Street,Manhattan,10013,212-267-0499,Senior Center (DFTA),W1503,,,,info@greenwichhouse.org,https://greenwichhouse.org,Sponsor: GREENWICH HOUSE INC. | Hours: 09:00-05:00 Mon-Fri
22,MEDIUM,OUR LADY OF POMPEII,GREENWICH HOUSE INC.,4,25 Carmine Street,Manhattan,10014,212-989-3620,Senior Center (DFTA),W1502,,,,info@greenwichhouse.org,https://greenwichhouse.org,Sponsor: GREENWICH HOUSE INC. | Hours: 09:00-05:00 Mon-Fri
23,MEDIUM,WESTBETH,GREENWICH HOUSE INC.,4,155 Bank Street,Manhattan,10014,212-255-5191,Senior Center (DFTA),W1505,,,,info@greenwichhouse.org,https://greenwichhouse.org,Sponsor: GREENWICH HOUSE INC. | Hours: 00:00-00:00 Mon-Fri
24,MEDIUM,CARVER,INSTITUTE FOR THE PUERTO RICAN HISPANIC ELDERLY INC,6,55 East 102nd Street,Manhattan,10029,212-289-2709,Senior Center (DFTA),W1603,,,,,https://iprhe.org,Sponsor: INSTITUTE FOR THE PUERTO RICAN HISPANIC ELDERLY INC | Hours: 08:00-04:00 Mon-Fri
25,MEDIUM,EDIE WINDSOR SAGE CENTER,SERVICES AND ADVOCACY FOR GAYLESBIANBISEXUAL AND TRANSGEND,4,305 7th Avenue,Manhattan,10001,646-576-8669,Senior Center (DFTA),C6904,,,,info@sageusa.org,https://www.sageusa.org,Sponsor: SERVICES AND ADVOCACY FOR GAYLESBIANBISEXUAL AND TRANSGEND | Hours: 11:00-08:00 Mon-Fri
26,MEDIUM,SAGE CENTER HARLEM,SERVICES AND ADVOCACY FOR GAYLESBIANBISEXUAL AND TRANSGEND,4,220 West 143rd Street,Manhattan,10030,929-458-0170,Senior Center (DFTA),C6902,,,,info@sageusa.org,https://www.sageusa.org,Sponsor: SERVICES AND ADVOCACY FOR GAYLESBIANBISEXUAL AND TRANSGEND | Hours: 09:00-05:00 Mon-Fri
27,MEDIUM,CORSI OAC,UNION SETTLEMENT ASSOCIATION,5,307 E 116th Street,Manhattan,10029,212-828-6756,Senior Center (DFTA),W2405,,,,info@unionsettlement.org,https://www.unionsettlement.org,Sponsor: UNION SETTLEMENT ASSOCIATION | Hours: 08:00-04:00 Mon-Fri
28,MEDIUM,GAYLORD WHITE OAC,UNION SETTLEMENT ASSOCIATION,5,2029 Second Avenue,Manhattan,10029,212-828-6055,Senior Center (DFTA),W2401,,,,info@unionsettlement.org,https://www.unionsettlement.org,Sponsor: UNION SETTLEMENT ASSOCIATION | Hours: 09:00-05:00 Mon-Fri
29,MEDIUM,JEFFERSON OAC,UNION SETTLEMENT ASSOCIATION,5,2205 1st Avenue,Manhattan,10029,212-828-6104,Senior Center (DFTA),W2403,,,,info@unionsettlement.org,https://www.unionsettlement.org,Sponsor: UNION SETTLEMENT ASSOCIATION | Hours: 08:00-04:30 Mon-Fri
30,MEDIUM,WAGNER SATELLITE,UNION SETTLEMENT ASSOCIATION,5,435 East 120th Street,Manhattan,10035,212-987-2980,Senior Center (DFTA),W2404,,,,info@unionsettlement.org,https://www.unionsettlement.org,Sponsor: UNION SETTLEMENT ASSOCIATION | Hours: 09:00-05:00 Mon-Fri
31,MEDIUM,WASHINGTON LEXINGTON SATELLITE,UNION SETTLEMENT ASSOCIATION,5,1775 Third Avenue,Manhattan,10029,212-828-6115,Senior Center (DFTA),W2402,,,,info@unionsettlement.org,https://www.unionsettlement.org,Sponsor: UNION SETTLEMENT ASSOCIATION | Hours: 09:00-05:00 Mon-Fri
32,LOW,AGUDATH ISRAEL MORIAH OLDER ADULT LUNCHEON CLUB,AGUDATH ISRAEL OF AMERICA COMMUNITY SERVICES INC,3,90 Bennett Avenue,Manhattan,10033,212-923-5715,Senior Center (DFTA),C0102,,,,,,Sponsor: AGUDATH ISRAEL OF AMERICA COMMUNITY SERVICES INC | Hours: 08:00-04:00 Mon-Fri
33,LOW,ABSW OAC,ASSOCIATION OF BLACK SOCIAL WORKERS INC,1,221 West 107th Street,Manhattan,10025,212-749-8400,Senior Center (DFTA),C0601,,,,,,Sponsor: ASSOCIATION OF BLACK SOCIAL WORKERS INC | Hours: 08:00-04:00 Mon-Fri
34,LOW,BRC SENIOR CENTER,BOWERY RESIDENTS COMMITTEE INC,1,30 Delancy Street,Manhattan,10002,212-533-2020,Senior Center (DFTA),C0901,,,,,,Sponsor: BOWERY RESIDENTS COMMITTEE INC | Hours: 08:00-03:30 Mon-Fri
35,LOW,CANAAN SENIOR SERVICE CENTER,CANAAN BAPTIST CHURCH OF CHRIST,1,1428 5th Avenue,Manhattan,10035,212-876-2638,Senior Center (DFTA),C1501,,,,,,Sponsor: CANAAN BAPTIST CHURCH OF CHRIST | Hours: 09:00-05:00 Mon-Fri
36,LOW,CENTRAL HARLEM KENNEDY,CENTRAL HARLEM SENIOR CITIZENS CENTERS INC.,3,34 W 134th Street,Manhattan,10037,212-926-4871,Senior Center (DFTA),C1901,,,,,,Sponsor: CENTRAL HARLEM SENIOR CITIZENS CENTERS INC. | Hours: 09:00-05:00 Mon-Fri
37,LOW,CENTRAL HARLEM SC CTR BEATRICE LEWIS,CENTRAL HARLEM SENIOR CITIZENS CENTERS INC.,3,2322 Third Avenue,Manhattan,10035,212-289-9155,Senior Center (DFTA),C1904,,,,,,Sponsor: CENTRAL HARLEM SENIOR CITIZENS CENTERS INC. | Hours: 09:00-05:00 Mon-Fri
38,LOW,CENTRAL HARLEM ST NICK,CENTRAL HARLEM SENIOR CITIZENS CENTERS INC.,3,210 W. 131st Street,Manhattan,10037,646-678-4451,Senior Center (DFTA),C1902,,,,,,Sponsor: CENTRAL HARLEM SENIOR CITIZENS CENTERS INC. | Hours: 09:00-05:00 Mon-Fri
39,LOW,JACKIE ROBINSON OLDER ADULT CENTER,CHARLES A WALBURG MULTI SERVICE ORGANIZATION INC,1,1301 Amsterdam Avenue,Manhattan,10027,212-222-2552,Senior Center (DFTA),C9901,,,,,,Sponsor: CHARLES A WALBURG MULTI SERVICE ORGANIZATION INC | Hours: 09:00-05:00 Mon-Fri
40,LOW,HAMILTON GRANGE NSC,CONVENT AVENUE BAPTIST CHURCH,1,420 West 145th Street,Manhattan,10032,212-862-4181,Senior Center (DFTA),C2401,,,,,,Sponsor: CONVENT AVENUE BAPTIST CHURCH | Hours: 09:00-05:00 Mon-Fri
41,LOW,COTHOA LUNCHEON CLUB,COTHOA LUNCHEON CLUB INC,3,2005 Amsterdam Avenue,Manhattan,10032,212-781-6580,Senior Center (DFTA),C2601,,,,,,Sponsor: COTHOA LUNCHEON CLUB INC | Hours: 08:00-04:00 Mon-Fri
42,LOW,M M BETHUNE,COTHOA LUNCHEON CLUB INC,3,1970 Amsterdam Avenue,Manhattan,10032,646-918-7710,Senior Center (DFTA),C2603,,,,,,Sponsor: COTHOA LUNCHEON CLUB INC | Hours: 09:00-05:00 Mon-Fri
43,LOW,POLO GROUNDS SATELLITE,COTHOA LUNCHEON CLUB INC,3,2965 Frederick Douglass Blvd,Manhattan,10039,212-283-5475,Senior Center (DFTA),C2602,,,,,,Sponsor: COTHOA LUNCHEON CLUB INC | Hours: 09:00-05:00 Mon-Fri
44,LOW,CASABE SENIOR HOUSES AKA EAST HARLEM NSC,EAST HARLEM COUNCIL FOR HUMAN SERVICES INC,1,150 East 121st Street,Manhattan,10035,212-722-2205,Senior Center (DFTA),C3001,,,,,,Sponsor: EAST HARLEM COUNCIL FOR HUMAN SERVICES INC | Hours: 09:00-05:00 Mon-Fri
45,LOW,ENCORE AT ST MALACHY'S,ENCORE COMMUNITY SERVICES,2,239 West 49th Street,Manhattan,10019,212-581-2910,Senior Center (DFTA),W1401,,,,volunteer@encorenyc.org,https://www.encorenyc.org,"Sponsor: ENCORE COMMUNITY SERVICES | Hours: 08:00-04:00 Mon-Fri | Sponsorship contact: kcox@encorenyc.org | Programs: Older Adult Centers, In-Person Meals, Home Delivered Meals, Case Management, Friendly Visiting, 24/7 Warm Line, Affordable Housing, Aging Through Arts Center"
46,LOW,LIFELONG LEARNING CENTER @ ENCORE WEST,ENCORE COMMUNITY SERVICES,2,755 10th Avenue,Manhattan,10019,212-991-3726,Senior Center (DFTA),W1402,,,,volunteer@encorenyc.org,https://www.encorenyc.org,"Sponsor: ENCORE COMMUNITY SERVICES | Hours: 08:00-04:30 Mon-Fri | Sponsorship contact: kcox@encorenyc.org | Programs: Older Adult Centers, In-Person Meals, Home Delivered Meals, Case Management, Friendly Visiting, 24/7 Warm Line, Affordable Housing, Aging Through Arts Center"
47,LOW,FOOD BANK FOR NEW YORK CITY OAC,FOOD BANK FOR NEW YORK CITY,1,252 West 116th Street,Manhattan,10026,212-566-7855,Senior Center (DFTA),C3401,,,,,,Sponsor: FOOD BANK FOR NEW YORK CITY | Hours: 09:00-06:00 Mon-Fri
48,LOW,GODDARD RIVERSIDE LSNC OAC @ WEST 65TH ST,GODDARD-RIVERSIDE COMMUNITY CENTER,2,250 West 65th Street,Manhattan,10023,212-874-0860,Senior Center (DFTA),C3601,,,,info@goddard.org,https://goddard.org,Sponsor: GODDARD-RIVERSIDE COMMUNITY CENTER | Hours: 08:00-04:00 Mon-Fri
49,LOW,GODDARD RIVERSIDE OAC AT WEST 88TH STREET,GODDARD-RIVERSIDE COMMUNITY CENTER,2,593 Columbus Avenue,Manhattan,10024,212-873-6600,Senior Center (DFTA),C3602,,,,info@goddard.org,https://goddard.org,Sponsor: GODDARD-RIVERSIDE COMMUNITY CENTER | Hours: 09:00-05:00 Mon-Fri
50,LOW,GRAND ST SETTLEMENT GRAND COALITION OF OLDER ADULTS OAC,GRAND STREET SETTLEMENT INC,1,175 Delancey street,Manhattan,10002,646-201-4251,Senior Center (DFTA),C3701,,,,,,Sponsor: GRAND STREET SETTLEMENT INC | Hours: 09:00-05:00 Mon-Fri
51,LOW,HMH CITY HALL OLDER ADULT CENTER,HAMILTON MADISON HOUSE INC,1,100 Gold Street Lower Level,Manhattan,10038,212-788-5580,Senior Center (DFTA),C3801,,,,,,Sponsor: HAMILTON MADISON HOUSE INC | Hours: 08:30-04:30 Mon-Fri
52,LOW,HENRY STREET OAC - GOOD COMPANIONS,HENRY STREET SETTLEMENT,1,334 Madison Street,Manhattan,10002,212-349-2770,Senior Center (DFTA),C4101,,,,,,Sponsor: HENRY STREET SETTLEMENT | Hours: 09:00-05:00 Mon-Fri
53,LOW,HUDSON GUILD,HUDSON GUILD,1,119 9th Avenue,Manhattan,10011,212-924-6710,Senior Center (DFTA),C8201,,,,,,Sponsor: HUDSON GUILD | Hours: 09:00-05:00 Mon-Fri
54,LOW,CENTER @ LENOX HILL,LENOX HILL NEIGHBORHOOD HOUSE INC,2,343 East 70th Street,Manhattan,10021,212-218-0315,Senior Center (DFTA),W1801,,,,info@lenoxhill.org,https://www.lenoxhill.org,Sponsor: LENOX HILL NEIGHBORHOOD HOUSE INC | Hours: 08:00-06:00 Mon-Fri
55,LOW,SENIOR CENTER @ ST PETER'S CHURCH,LENOX HILL NEIGHBORHOOD HOUSE INC,2,619 Lexington Avenue,Manhattan,10022,212-308-1959,Senior Center (DFTA),W1802,,,,info@lenoxhill.org,https://www.lenoxhill.org,Sponsor: LENOX HILL NEIGHBORHOOD HOUSE INC | Hours: 08:00-06:00 Mon-Fri
56,LOW,NYFSC DYCKMAN OLDER ADULT CENTER,NEW YORK FOUNDATION FOR SENIOR CITIZENS INC,3,3754 10th Avenue,Manhattan,10034,212-569-7790,Senior Center (DFTA),C5101,,,,nyfscinc@aol.com,https://www.nyfsc.org,Sponsor: NEW YORK FOUNDATION FOR SENIOR CITIZENS INC | Hours: 08:30-04:30 Mon-Fri
57,LOW,NYFSC LAGUARDIA OLDER ADULT CENTER,NEW YORK FOUNDATION FOR SENIOR CITIZENS INC,3,280 Cherry Street,Manhattan,10002,212-732-3656,Senior Center (DFTA),C5102,,,,nyfscinc@aol.com,https://www.nyfsc.org,Sponsor: NEW YORK FOUNDATION FOR SENIOR CITIZENS INC | Hours: 08:30-04:30 Mon-Fri
58,LOW,NYFSC MOTT STREET OLDER ADULT CENTER,NEW YORK FOUNDATION FOR SENIOR CITIZENS INC,3,180 Mott Street,Manhattan,10012,212-966-5460,Senior Center (DFTA),C5103,,,,nyfscinc@aol.com,https://www.nyfsc.org,Sponsor: NEW YORK FOUNDATION FOR SENIOR CITIZENS INC | Hours: 09:00-05:00 Mon-Fri
59,LOW,POLISH AND SLAVIC CENTER INC,POLISH & SLAVIC CENTER INC,2,103 East 7th Street,Manhattan,10009,212-673-7704,Senior Center (DFTA),C5502,,,,info@polishslaviccenter.org,https://polishslaviccenter.org,Sponsor: POLISH & SLAVIC CENTER INC | Hours: 09:00-05:00 Mon-Fri
60,LOW,RIVERSTONE SENIOR LIFE SERVICES OAC,RIVERSTONE SENIOR LIFE SERVICES INC.,1,99 Fort Washington Avenue,Manhattan,10032,212-927-5600,Senior Center (DFTA),C6201,,,,,,Sponsor: RIVERSTONE SENIOR LIFE SERVICES INC. | Hours: 08:30-04:30 Mon-Fri
61,LOW,STANLEY ISAACS NSC/HOLMES OLDER ADULT CENTER,STANLEY M ISAACS NEIGHBORHOOD CENTER INC,1,415 E 93rd Street,Manhattan,10128,212-360-7620,Senior Center (DFTA),C7601,,,,,,Sponsor: STANLEY M ISAACS NEIGHBORHOOD CENTER INC | Hours: 09:00-05:00 Mon-Fri
62,LOW,STEIN OLDER ADULT CENTER,STEIN SENIOR CENTER INC,1,204 East 23rd Street,Manhattan,10010,646-395-8083,Senior Center (DFTA),C7801,,,,,,Sponsor: STEIN SENIOR CENTER INC | Hours: 08:00-04:00 Mon-Fri
63,LOW,EDUCATIONAL ALLIANCE SIROVICH OLDER ADULT CENTER,THE EDUCATIONAL ALLIANCE INC,2,331 East 12th Street,Manhattan,10003,646-395-4529,Senior Center (DFTA),C8101,,,,info@14streety.org,https://edalliance.org,Sponsor: THE EDUCATIONAL ALLIANCE INC | Hours: 08:00-05:00 Mon-Fri
64,LOW,EDUCATIONAL ALLIANCE WEINBERG OAC,THE EDUCATIONAL ALLIANCE INC,2,197 East Broadway,Manhattan,10002,646-395-4270,Senior Center (DFTA),C8102,,,,info@14streety.org,https://edalliance.org,Sponsor: THE EDUCATIONAL ALLIANCE INC | Hours: 09:00-05:00 Mon-Fri
65,LOW,UJCES LILLIAN WALD OAC CENTER,UNITED JEWISH COUNCIL OF THE EAST SIDE INC,2,12 Ave D,Manhattan,10009,212-260-2731,Senior Center (DFTA),C8501,,,,info@ujces.org,https://ujces.org,Sponsor: UNITED JEWISH COUNCIL OF THE EAST SIDE INC | Hours: 09:00-05:00 Mon-Fri
66,LOW,UJCES LUNCH CLUB OAC,UNITED JEWISH COUNCIL OF THE EAST SIDE INC,2,15 Willett Street,Manhattan,10002,212-673-9328,Senior Center (DFTA),C8502,,,,info@ujces.org,https://ujces.org,Sponsor: UNITED JEWISH COUNCIL OF THE EAST SIDE INC | Hours: 08:00-04:00 Mon-Fri
67,LOW,UNIVERSITY SETTLEMENT OAC,UNIVERSITY SETTLEMENT SOCIETY OF NEW YORK,1,189 Allen Street,Manhattan,10002,212-453-4564,Senior Center (DFTA),C8701,,,,,,Sponsor: UNIVERSITY SETTLEMENT SOCIETY OF NEW YORK | Hours: 08:00-04:00 Mon-Fri
68,LOW,VISIONS CENTER ON AGING OAC,VISIONS/SERVICES FOR THE BLIND AND VISUALLY IMPAIRED,1,135 West 23rd Street,Manhattan,10011,646-486-4444,Senior Center (DFTA),C8801,,,,,,Sponsor: VISIONS/SERVICES FOR THE BLIND AND VISUALLY IMPAIRED | Hours: 09:00-05:00 Mon-Fri
69,LOW,WASHINGTON HEIGHTS NEIGHBORHOOD SENIOR CENTER (STAR OAC),WASHINGTON HEIGHTS COMMUNITY SERVICE INC,1,650 West 187th Street,Manhattan,10033,212-781-8331,Senior Center (DFTA),C8901,,,,,,Sponsor: WASHINGTON HEIGHTS COMMUNITY SERVICE INC | Hours: 08:00-04:00 Mon-Fri
70,LOW,CENTER AT THE RED OAK,WEST SIDE FEDERATION FOR SENIOR AND SUPPORTIVE HOUSING INC,2,135 West 106 Street,Manhattan,10025,917-544-1892,Senior Center (DFTA),C9101,,,,info@wsfssh.org,https://wsfssh.org,Sponsor: WEST SIDE FEDERATION FOR SENIOR AND SUPPORTIVE HOUSING INC | Hours: 08:30-04:00 Mon-Fri
71,LOW,CENTER FOR ADULTS LIVING WELL @ THE Y,YM YWHA OF WASHINGTON HEIGHTS AND INWOOD INC,1,54 Nagle Avenue,Manhattan,10040,646-738-6084,Senior Center (DFTA),C9501,,,,,,Sponsor: YM YWHA OF WASHINGTON HEIGHTS AND INWOOD INC | Hours: 08:00-04:00 Mon-Fri
72,HIGH,CCNS GLENWOOD OAC,CATHOLIC CHARITIES NEIGHBORHOOD SERVICES INC,19,5701 Avenue H,Brooklyn,11234,718-241-7711,Senior Center (DFTA),C1718,,,,info@catholiccharitiesny.org,https://catholiccharitiesny.org,Sponsor: CATHOLIC CHARITIES NEIGHBORHOOD SERVICES INC | Hours: 08:00-04:00 Mon-Fri
73,HIGH,CCNS NARROWS OAC,CATHOLIC CHARITIES NEIGHBORHOOD SERVICES INC,19,930 53rd Street,Brooklyn,11219,718-232-2311,Senior Center (DFTA),C1714,,,,info@catholiccharitiesny.org,https://catholiccharitiesny.org,Sponsor: CATHOLIC CHARITIES NEIGHBORHOOD SERVICES INC | Hours: 08:00-04:00 Mon-Fri
74,HIGH,CCNS NEW AGE OAC,CATHOLIC CHARITIES NEIGHBORHOOD SERVICES INC,19,54 MacDonough Street,Brooklyn,11216,718-771-7945,Senior Center (DFTA),C1713,,,,info@catholiccharitiesny.org,https://catholiccharitiesny.org,Sponsor: CATHOLIC CHARITIES NEIGHBORHOOD SERVICES INC | Hours: 08:00-04:00 Mon-Fri
75,HIGH,CCNS NORTHSIDE OAC,CATHOLIC CHARITIES NEIGHBORHOOD SERVICES INC,19,179 North 6th Street,Brooklyn,11211,718-387-2316,Senior Center (DFTA),C1710,,,,info@catholiccharitiesny.org,https://catholiccharitiesny.org,Sponsor: CATHOLIC CHARITIES NEIGHBORHOOD SERVICES INC | Hours: 08:00-04:00 Mon-Fri
76,HIGH,CCNS PETE MCGUINNESS OAC,CATHOLIC CHARITIES NEIGHBORHOOD SERVICES INC,19,715 Leonard Street,Brooklyn,11222,718-383-1940,Senior Center (DFTA),C1711,,,,info@catholiccharitiesny.org,https://catholiccharitiesny.org,Sponsor: CATHOLIC CHARITIES NEIGHBORHOOD SERVICES INC | Hours: 08:00-04:00 Mon-Fri
77,HIGH,CCNS RIVERWAY OAC,CATHOLIC CHARITIES NEIGHBORHOOD SERVICES INC,19,230 Riverdale Avenue,Brooklyn,11212,718-942-5345,Senior Center (DFTA),C1708,,,,info@catholiccharitiesny.org,https://catholiccharitiesny.org,Sponsor: CATHOLIC CHARITIES NEIGHBORHOOD SERVICES INC | Hours: 08:30-04:30 Mon-Fri
78,HIGH,CCNS ST. CHARLES JUBILEE OAC,CATHOLIC CHARITIES NEIGHBORHOOD SERVICES INC,19,55 Pierrepont Street,Brooklyn,11201,718-855-0326,Senior Center (DFTA),C1719,,,,info@catholiccharitiesny.org,https://catholiccharitiesny.org,Sponsor: CATHOLIC CHARITIES NEIGHBORHOOD SERVICES INC | Hours: 09:00-05:00 Mon-Fri
79,HIGH,CCNS ST. LOUIS OAC,CATHOLIC CHARITIES NEIGHBORHOOD SERVICES INC,19,230 Kingston Avenue,Brooklyn,11213,718-771-7945,Senior Center (DFTA),C1715,,,,info@catholiccharitiesny.org,https://catholiccharitiesny.org,Sponsor: CATHOLIC CHARITIES NEIGHBORHOOD SERVICES INC | Hours: 08:00-04:00 Mon-Fri
80,HIGH,CCNS THE BAY OAC,CATHOLIC CHARITIES NEIGHBORHOOD SERVICES INC,19,3643 Nostrand Avenue,Brooklyn,11229,718-648-2053,Senior Center (DFTA),C1706,,,,info@catholiccharitiesny.org,https://catholiccharitiesny.org,Sponsor: CATHOLIC CHARITIES NEIGHBORHOOD SERVICES INC | Hours: 08:00-04:00 Mon-Fri
81,HIGH,CCNS THE LODGE OAC,CATHOLIC CHARITIES NEIGHBORHOOD SERVICES INC,19,7711 18th Avenue,Brooklyn,11214,718-621-1081,Senior Center (DFTA),C1717,,,,info@catholiccharitiesny.org,https://catholiccharitiesny.org,Sponsor: CATHOLIC CHARITIES NEIGHBORHOOD SERVICES INC | Hours: 07:00-03:00 Mon-Fri
82,HIGH,ALBANY OAC,FORT GREENE COUNCIL,14,196 Albany Avenue,Brooklyn,11213,718-773-2600,Senior Center (DFTA),C3506,,,,info@fortgreenecouncil.org,https://www.fortgreenecouncil.org,Sponsor: FORT GREENE COUNCIL | Hours: 09:00-05:00 Mon-Fri
83,HIGH,CHRISTOPHER BLENMAN OAC,FORT GREENE COUNCIL,14,720 East New York Avenue,Brooklyn,11203,718-773-7400,Senior Center (DFTA),C3505,,,,info@fortgreenecouncil.org,https://www.fortgreenecouncil.org,Sponsor: FORT GREENE COUNCIL | Hours: 09:00-05:00 Mon-Fri
84,HIGH,GRACE AGARD HAREWOOD OAC,FORT GREENE COUNCIL,14,19 Rogers Avenue,Brooklyn,11216,718-638-6910,Senior Center (DFTA),C3501,,,,info@fortgreenecouncil.org,https://www.fortgreenecouncil.org,Sponsor: FORT GREENE COUNCIL | Hours: 09:00-05:00 Mon-Fri
85,HIGH,GRANT SQ OAC,FORT GREENE COUNCIL,14,19 Rogers Avenue,Brooklyn,11216,718-363-3133,Senior Center (DFTA),C3508,,,,info@fortgreenecouncil.org,https://www.fortgreenecouncil.org,Sponsor: FORT GREENE COUNCIL | Hours: 09:00-05:00 Mon-Fri
86,HIGH,HAZEL BROOKS OAC,FORT GREENE COUNCIL,14,961 Ocean Avenue,Brooklyn,11226,347-435-3287,Senior Center (DFTA),C3514,,,,info@fortgreenecouncil.org,https://www.fortgreenecouncil.org,Sponsor: FORT GREENE COUNCIL | Hours: 09:00-05:00 Mon-Fri
87,HIGH,HUGH GILROY OAC,FORT GREENE COUNCIL,14,447 Kingsborough 4th Walk,Brooklyn,11233,718-756-8400,Senior Center (DFTA),C3511,,,,info@fortgreenecouncil.org,https://www.fortgreenecouncil.org,Sponsor: FORT GREENE COUNCIL | Hours: 09:00-05:00 Mon-Fri
88,HIGH,MARCUS GARVEY,FORT GREENE COUNCIL,14,1440 East New York Avenue,Brooklyn,11212,718-346-7167,Senior Center (DFTA),C3502,,,,info@fortgreenecouncil.org,https://www.fortgreenecouncil.org,Sponsor: FORT GREENE COUNCIL | Hours: 09:00-05:00 Mon-Fri
89,HIGH,MARIA LAWTON OAC,FORT GREENE COUNCIL,14,400 Hart Street,Brooklyn,11206,718-452-7474,Senior Center (DFTA),C3509,,,,info@fortgreenecouncil.org,https://www.fortgreenecouncil.org,Sponsor: FORT GREENE COUNCIL | Hours: 09:00-05:00 Mon-Fri
90,HIGH,REMSEN SARITA JEAN OAC,FORT GREENE COUNCIL,14,3304 Clarendon Road,Brooklyn,11210,718-282-1259,Senior Center (DFTA),C3512,,,,info@fortgreenecouncil.org,https://www.fortgreenecouncil.org,Sponsor: FORT GREENE COUNCIL | Hours: 09:00-05:00 Mon-Fri
91,HIGH,SETH LOW SOCIAL CLUB,FORT GREENE COUNCIL,14,137 Belmont Avenue,Brooklyn,11212,718-485-4991,Senior Center (DFTA),C3503,,,,info@fortgreenecouncil.org,https://www.fortgreenecouncil.org,Sponsor: FORT GREENE COUNCIL | Hours: 09:00-05:00 Mon-Fri
92,HIGH,STUYVESANT HEIGHTS OAC,FORT GREENE COUNCIL,14,562-574 Madison Street,Brooklyn,11221,718-230-0824,Senior Center (DFTA),C3510,,,,info@fortgreenecouncil.org,https://www.fortgreenecouncil.org,Sponsor: FORT GREENE COUNCIL | Hours: 09:00-05:00 Mon-Fri
93,HIGH,TERESA MOORE OAC,FORT GREENE COUNCIL,14,2702 Linden Blvd,Brooklyn,11208,347-663-7770,Senior Center (DFTA),C3513,,,,info@fortgreenecouncil.org,https://www.fortgreenecouncil.org,Sponsor: FORT GREENE COUNCIL | Hours: 09:00-05:00 Mon-Fri
94,HIGH,WILLOUGHBY OAC,FORT GREENE COUNCIL,14,105 North Portland Avenue,Brooklyn,11205,718-875-1011,Senior Center (DFTA),C3504,,,,info@fortgreenecouncil.org,https://www.fortgreenecouncil.org,Sponsor: FORT GREENE COUNCIL | Hours: 09:00-05:00 Mon-Fri
95,HIGH,ZEST FOR LIFE OAC,FORT GREENE COUNCIL,14,261 East 21st Street,Brooklyn,11236,929-626-6020,Senior Center (DFTA),C3507,,,,info@fortgreenecouncil.org,https://www.fortgreenecouncil.org,Sponsor: FORT GREENE COUNCIL | Hours: 08:00-04:00 Mon-Fri
96,HIGH,BORINQUEN PLAZA,RISEBORO COMMUNITY PARTNERSHIP INC,10,80 Seigel Street,Brooklyn,11206,718-782-6335,Senior Center (DFTA),W2001,,,,info@riseboro.org,https://riseboro.org,Sponsor: RISEBORO COMMUNITY PARTNERSHIP INC | Hours: 08:00-04:00 Mon-Fri
97,HIGH,BREVOORT SENIOR CLUB,RISEBORO COMMUNITY PARTNERSHIP INC,10,280 Ralph Avenue,Brooklyn,11233,347-318-3383,Senior Center (DFTA),W2002,,,,info@riseboro.org,https://riseboro.org,Sponsor: RISEBORO COMMUNITY PARTNERSHIP INC | Hours: 09:00-05:00 Mon-Fri
98,HIGH,DIANA JONES ISC,RISEBORO COMMUNITY PARTNERSHIP INC,10,9 Noll Street,Brooklyn,11206,718-782-3601,Senior Center (DFTA),W2003,,,,info@riseboro.org,https://riseboro.org,Sponsor: RISEBORO COMMUNITY PARTNERSHIP INC | Hours: 08:00-04:00 Mon-Fri
99,HIGH,HOPE GARDENS MULTISERVICE,RISEBORO COMMUNITY PARTNERSHIP INC,10,195 Linden Street,Brooklyn,11221,718-455-1100,Senior Center (DFTA),W2004,,,,info@riseboro.org,https://riseboro.org,Sponsor: RISEBORO COMMUNITY PARTNERSHIP INC | Hours: 08:00-04:00 Mon-Fri
100,HIGH,PALMETTO GARDENS SENIOR CLUB,RISEBORO COMMUNITY PARTNERSHIP INC,10,85 Palmetto Street,Brooklyn,11221,718-676-0876,Senior Center (DFTA),W2005,,,,info@riseboro.org,https://riseboro.org,Sponsor: RISEBORO COMMUNITY PARTNERSHIP INC | Hours: 08:00-04:00 Mon-Fri
101,HIGH,RIDGEWOOD BUSHWICK,RISEBORO COMMUNITY PARTNERSHIP INC,10,319 Stanhope Street,Brooklyn,11237,718-366-3038,Senior Center (DFTA),W2006,,,,info@riseboro.org,https://riseboro.org,Sponsor: RISEBORO COMMUNITY PARTNERSHIP INC | Hours: 08:00-04:00 Mon-Fri
102,HIGH,ROUNDTABLE SENIOR,RISEBORO COMMUNITY PARTNERSHIP INC,10,1175 Gates Avenue,Brooklyn,11206,718-443-1903,Senior Center (DFTA),W2007,,,,info@riseboro.org,https://riseboro.org,Sponsor: RISEBORO COMMUNITY PARTNERSHIP INC | Hours: 08:00-05:30 Mon-Fri
103,HIGH,SARATOGA SQ SENIOR,RISEBORO COMMUNITY PARTNERSHIP INC,10,930 Halsey Street,Brooklyn,11233,347-425-0676,Senior Center (DFTA),W2008,,,,info@riseboro.org,https://riseboro.org,Sponsor: RISEBORO COMMUNITY PARTNERSHIP INC | Hours: 09:00-05:00 Mon-Fri
104,HIGH,STUYVESANT GARDENS SENIOR CLUB,RISEBORO COMMUNITY PARTNERSHIP INC,10,150 Malcolm X Boulevard,Brooklyn,11221,347-318-3313,Senior Center (DFTA),W2009,,,,info@riseboro.org,https://riseboro.org,Sponsor: RISEBORO COMMUNITY PARTNERSHIP INC | Hours: 09:00-05:00 Mon-Fri
105,HIGH,SUMNER SENIOR CLUB,RISEBORO COMMUNITY PARTNERSHIP INC,10,862 Park Avenue,Brooklyn,11206,718-455-8471,Senior Center (DFTA),W2010,,,,info@riseboro.org,https://riseboro.org,Sponsor: RISEBORO COMMUNITY PARTNERSHIP INC | Hours: 09:00-05:00 Mon-Fri
106,HIGH,JASA HES OLDER ADULT CENTER,THE JEWISH ASSOCIATION FOR SERVICES FOR THE AGED,18,9502 Seaview Avenue,Brooklyn,11236,718-251-3700,Senior Center (DFTA),C8301,,,,help@jasa.org,https://www.jasa.org,Sponsor: THE JEWISH ASSOCIATION FOR SERVICES FOR THE AGED | Hours: 08:00-04:00 Mon-Fri
107,HIGH,JASA LUNA PARK ANNEX,THE JEWISH ASSOCIATION FOR SERVICES FOR THE AGED,18,2880 West 12th Street,Brooklyn,11224,718-388-6865,Senior Center (DFTA),C8312,,,,help@jasa.org,https://www.jasa.org,Sponsor: THE JEWISH ASSOCIATION FOR SERVICES FOR THE AGED | Hours: 08:00-04:00 Mon-Fri
108,HIGH,JASA SCHEUER CONEY ISLAND OAC,THE JEWISH ASSOCIATION FOR SERVICES FOR THE AGED,18,3601 Surf Ave Brooklyn NY 11224,Brooklyn,11224,718-373-3954,Senior Center (DFTA),C8306,,,,help@jasa.org,https://www.jasa.org,Sponsor: THE JEWISH ASSOCIATION FOR SERVICES FOR THE AGED | Hours: 08:00-04:00 Mon-Fri
109,HIGH,JASA SENIOR ALLIANCE OLDER ADULT CENTER,THE JEWISH ASSOCIATION FOR SERVICES FOR THE AGED,18,161 Corbin Place,Brooklyn,11235,718-646-4100,Senior Center (DFTA),C8307,,,,help@jasa.org,https://www.jasa.org,Sponsor: THE JEWISH ASSOCIATION FOR SERVICES FOR THE AGED | Hours: 08:00-04:00 Mon-Fri
110,HIGH,JASA STARRETT CITY OLDER ADULT CENTER,THE JEWISH ASSOCIATION FOR SERVICES FOR THE AGED,18,1540 Van Siclen Avenue,Brooklyn,11239,718-642-1010,Senior Center (DFTA),C8308,,,,help@jasa.org,https://www.jasa.org,Sponsor: THE JEWISH ASSOCIATION FOR SERVICES FOR THE AGED | Hours: 08:00-04:00 Mon-Fri
111,HIGH,JASA WILLIAMSBURG OLDER ADULT CENTER,THE JEWISH ASSOCIATION FOR SERVICES FOR THE AGED,18,202 Graham Avenue,Brooklyn,11206,718-388-6865,Senior Center (DFTA),C8311,,,,help@jasa.org,https://www.jasa.org,Sponsor: THE JEWISH ASSOCIATION FOR SERVICES FOR THE AGED | Hours: 08:00-04:00 Mon-Fri
112,MEDIUM,BERGEN BASIN ABE STARK OLDER ADULT CENTER,BERGEN BASIN COMMUNITY DEVELOPMENT CORPORATION DBA MILLENNIU,7,103-15 Farragut Road,Brooklyn,11236,718-272-9515,Senior Center (DFTA),C0801,,,,,,Sponsor: BERGEN BASIN COMMUNITY DEVELOPMENT CORPORATION DBA MILLENNIU | Hours: 08:00-04:00 Mon-Fri
113,MEDIUM,BERGEN BASIN INDEPENDENCE OLDER ADULT CENTER,BERGEN BASIN COMMUNITY DEVELOPMENT CORPORATION DBA MILLENNIU,7,114 Taylor Street,Brooklyn,11249,718-388-9242,Senior Center (DFTA),C0802,,,,,,Sponsor: BERGEN BASIN COMMUNITY DEVELOPMENT CORPORATION DBA MILLENNIU | Hours: 09:00-05:00 Mon-Fri
114,MEDIUM,BERGEN BASIN MARINE PARK OLDER ADULT CENTER,BERGEN BASIN COMMUNITY DEVELOPMENT CORPORATION DBA MILLENNIU,7,3000 Fillmore Avenue,Brooklyn,11234,718-336-0275,Senior Center (DFTA),C0803,,,,,,Sponsor: BERGEN BASIN COMMUNITY DEVELOPMENT CORPORATION DBA MILLENNIU | Hours: 09:00-05:00 Mon-Fri
115,MEDIUM,BERGEN BASIN MIDWOOD OLDER ADULT CENTER,BERGEN BASIN COMMUNITY DEVELOPMENT CORPORATION DBA MILLENNIU,7,2164 Ralph Avenue,Brooklyn,11234,718-253-5557,Senior Center (DFTA),C0804,,,,,,Sponsor: BERGEN BASIN COMMUNITY DEVELOPMENT CORPORATION DBA MILLENNIU | Hours: 09:00-05:00 Mon-Fri
116,MEDIUM,BERGEN BASIN MILL BASIN OLDER ADULT CENTER,BERGEN BASIN COMMUNITY DEVELOPMENT CORPORATION DBA MILLENNIU,7,2075 East 68th Street,Brooklyn,11234,718-444-3850,Senior Center (DFTA),C0805,,,,,,Sponsor: BERGEN BASIN COMMUNITY DEVELOPMENT CORPORATION DBA MILLENNIU | Hours: 09:00-05:00 Mon-Fri
117,MEDIUM,BERGEN BASIN PENN WORTMAN OLDER ADULT CENTER,BERGEN BASIN COMMUNITY DEVELOPMENT CORPORATION DBA MILLENNIU,7,530 Stanley Avenue,Brooklyn,11207,347-318-3770,Senior Center (DFTA),C0806,,,,,,Sponsor: BERGEN BASIN COMMUNITY DEVELOPMENT CORPORATION DBA MILLENNIU | Hours: 09:00-05:00 Mon-Fri
118,MEDIUM,BERGEN BASIN VANDALIA OLDER ADULT CENTER,BERGEN BASIN COMMUNITY DEVELOPMENT CORPORATION DBA MILLENNIU,7,47 Vandalia Avenue,Brooklyn,11239,718-272-3949,Senior Center (DFTA),C0807,,,,,,Sponsor: BERGEN BASIN COMMUNITY DEVELOPMENT CORPORATION DBA MILLENNIU | Hours: 09:00-05:00 Mon-Fri
119,MEDIUM,CPC BROOKLYN SENIOR CENTER,CHINESE AMERICAN PLANNING COUNCIL INC,4,4101 8th Avenue,Brooklyn,11232,917-922-8382,Senior Center (DFTA),C2101,,,,,https://www.cpcnyc.org,Sponsor: CHINESE AMERICAN PLANNING COUNCIL INC | Hours: 09:00-05:00 Mon-Fri
120,MEDIUM,JCCGCI CONEY ISLAND SEASIDE OLDER ADULT CENTER,JEWISH COMMUNITY COUNCIL OF GREATER CONEY ISLAND INC,8,3001 West 37th Street,Brooklyn,11224,718-449-6363,Senior Center (DFTA),C4701,,,,,,Sponsor: JEWISH COMMUNITY COUNCIL OF GREATER CONEY ISLAND INC | Hours: 08:00-04:00 Mon-Fri
121,MEDIUM,JCCGCI HABER HOUSE OLDER ADULT CENTER,JEWISH COMMUNITY COUNCIL OF GREATER CONEY ISLAND INC,8,3024 West 24th Street,Brooklyn,11224,718-372-5775,Senior Center (DFTA),C4702,,,,,,Sponsor: JEWISH COMMUNITY COUNCIL OF GREATER CONEY ISLAND INC | Hours: 08:00-04:00 Mon-Fri
122,MEDIUM,JCCGCI JAY-HARAMA OLDER ADULT CENTER,JEWISH COMMUNITY COUNCIL OF GREATER CONEY ISLAND INC,8,2600 Ocean Avenue,Brooklyn,11229,718-891-1110,Senior Center (DFTA),C4703,,,,,,Sponsor: JEWISH COMMUNITY COUNCIL OF GREATER CONEY ISLAND INC | Hours: 08:00-04:00 Mon-Fri
123,MEDIUM,JCCGCI KINGS HIGHWAY OLDER ADULT CENTER,JEWISH COMMUNITY COUNCIL OF GREATER CONEY ISLAND INC,8,1879 East 3rd Street,Brooklyn,11223,917-596-0761,Senior Center (DFTA),C4704,,,,,,Sponsor: JEWISH COMMUNITY COUNCIL OF GREATER CONEY ISLAND INC | Hours: 09:00-05:00 Mon-Fri
124,MEDIUM,JCCGCI MARIEN-HEIM OLDER ADULT CENTER,JEWISH COMMUNITY COUNCIL OF GREATER CONEY ISLAND INC,8,870 Ocean Parkway,Brooklyn,11230,718-438-7771,Senior Center (DFTA),C4705,,,,,,Sponsor: JEWISH COMMUNITY COUNCIL OF GREATER CONEY ISLAND INC | Hours: 08:30-04:30 Mon-Fri
125,MEDIUM,JCCGCI MARLBORO OLDER ADULT CENTER,JEWISH COMMUNITY COUNCIL OF GREATER CONEY ISLAND INC,8,2298 West 8th Street,Brooklyn,11223,718-373-6161,Senior Center (DFTA),C4706,,,,,,Sponsor: JEWISH COMMUNITY COUNCIL OF GREATER CONEY ISLAND INC | Hours: 08:00-04:00 Mon-Fri
126,MEDIUM,JCCGCI MIDWOOD OLDER ADULT CENTER,JEWISH COMMUNITY COUNCIL OF GREATER CONEY ISLAND INC,8,1625 Ocean Avenue,Brooklyn,11230,718-253-0508,Senior Center (DFTA),C4707,,,,,,Sponsor: JEWISH COMMUNITY COUNCIL OF GREATER CONEY ISLAND INC | Hours: 09:00-04:30 Mon-Fri
127,MEDIUM,JCCGCI OCEAN PARKWAY OLDER ADULT CENTER,JEWISH COMMUNITY COUNCIL OF GREATER CONEY ISLAND INC,8,1960 East 7th Street,Brooklyn,11223,718-449–5000,Senior Center (DFTA),C4708,,,,,,Sponsor: JEWISH COMMUNITY COUNCIL OF GREATER CONEY ISLAND INC | Hours: 08:00-04:00 Mon-Fri
128,MEDIUM,SAGE CTR AT STONEWALL HOUSE,SERVICES AND ADVOCACY FOR GAYLESBIANBISEXUAL AND TRANSGEND,4,271 Myrtle Avenue,Brooklyn,11201,646-518-9744,Senior Center (DFTA),C6903,,,,info@sageusa.org,https://www.sageusa.org,Sponsor: SERVICES AND ADVOCACY FOR GAYLESBIANBISEXUAL AND TRANSGEND | Hours: 09:00-05:00 Mon-Fri
129,MEDIUM,RAICES FARRAGUT OAC SATELLITE,SPANISH SPEAKING ELDERLY COUNCIL RAICES INC.,8,228 York Street,Brooklyn,11201,718-422-1069,Senior Center (DFTA),C7207,,,,,,Sponsor: SPANISH SPEAKING ELDERLY COUNCIL RAICES INC. | Hours: 09:00-05:00 Mon-Fri
130,MEDIUM,RED HOOK NSC,SPANISH SPEAKING ELDERLY COUNCIL RAICES INC.,8,120 West 9th Street,Brooklyn,11231,718-269-0519,Senior Center (DFTA),C7201,,,,,,Sponsor: SPANISH SPEAKING ELDERLY COUNCIL RAICES INC. | Hours: 09:00-05:00 Mon-Fri
131,MEDIUM,TIMES PLAZA CENTER OAC,SPANISH SPEAKING ELDERLY COUNCIL RAICES INC.,8,460 Atlantic Avenue,Brooklyn,11217,718-694-0895,Senior Center (DFTA),C7205,,,,,,Sponsor: SPANISH SPEAKING ELDERLY COUNCIL RAICES INC. | Hours: 09:00-05:00 Mon-Fri
132,MEDIUM,WYCKOFF GARDENS NSC,SPANISH SPEAKING ELDERLY COUNCIL RAICES INC.,8,280 Wyckoff Street,Brooklyn,11217,718-237-1802,Senior Center (DFTA),C7202,,,,,,Sponsor: SPANISH SPEAKING ELDERLY COUNCIL RAICES INC. | Hours: 09:00-05:00 Mon-Fri
133,MEDIUM,WAYSIDE OUT BROWNSVILLE SOCIAL CLUB,WAYSIDE OUT-REACH DEVELOPMENT INC,7,528 Mother Gaston Blvd,Brooklyn,11212,347-938-8453,Senior Center (DFTA),C9002,,,,,,Sponsor: WAYSIDE OUT-REACH DEVELOPMENT INC | Hours: 09:00-05:00 Mon-Fri
134,MEDIUM,WAYSIDE OUT GLENMORE PLAZA SOCIAL CLUB,WAYSIDE OUT-REACH DEVELOPMENT INC,7,1777 Pitkin Avenue,Brooklyn,11212,917-962-8276,Senior Center (DFTA),C9008,,,,,,Sponsor: WAYSIDE OUT-REACH DEVELOPMENT INC | Hours: 09:00-05:00 Mon-Fri
135,MEDIUM,WAYSIDE OUT LANGSTON HUGHES SOCIAL CLUB,WAYSIDE OUT-REACH DEVELOPMENT INC,7,301 Sutter Avenue,Brooklyn,11212,917-962-8277,Senior Center (DFTA),C9004,,,,,,Sponsor: WAYSIDE OUT-REACH DEVELOPMENT INC | Hours: 09:00-05:00 Mon-Fri
136,MEDIUM,WAYSIDE OUT ROSETTA GASTON SENIOR CENTER,WAYSIDE OUT-REACH DEVELOPMENT INC,7,460 Dumont Avenue,Brooklyn,11212,718-345-5665,Senior Center (DFTA),C9001,,,,,,Sponsor: WAYSIDE OUT-REACH DEVELOPMENT INC | Hours: 09:00-05:00 Mon-Fri
137,MEDIUM,WAYSIDE OUT TILDEN SENIOR CENTER,WAYSIDE OUT-REACH DEVELOPMENT INC,7,630 Mother Gaston Blvd,Brooklyn,11212,718-498-2990,Senior Center (DFTA),C9003,,,,,,Sponsor: WAYSIDE OUT-REACH DEVELOPMENT INC | Hours: 09:00-05:00 Mon-Fri
138,MEDIUM,WAYSIDE OUT TOMPKINS PARK SENIOR CENTER,WAYSIDE OUT-REACH DEVELOPMENT INC,7,550 Greene Avenue,Brooklyn,11216,718-638-3000,Senior Center (DFTA),C9005,,,,,,Sponsor: WAYSIDE OUT-REACH DEVELOPMENT INC | Hours: 09:00-05:00 Mon-Fri
139,MEDIUM,WAYSIDE OUT VAN DYKE II SENIOR CENTER,WAYSIDE OUT-REACH DEVELOPMENT INC,7,430 Dumont Avenue,Brooklyn,11212,718-385-1110,Senior Center (DFTA),C9007,,,,,,Sponsor: WAYSIDE OUT-REACH DEVELOPMENT INC | Hours: 09:00-05:00 Mon-Fri
140,MEDIUM,YOUNG ISRAEL PROGRAMS MIDWOOD,YOUNG ISRAEL PROGRAMS INC,4,1694 Ocean Avenue,Brooklyn,11230,718-253-7800,Senior Center (DFTA),C9402,,,,info@youngisrael.org,https://www.youngisrael.org,Sponsor: YOUNG ISRAEL PROGRAMS INC | Hours: 08:00-04:00 Mon-Fri
141,LOW,AGUDATH ISRAEL BROOKDALE SENIOR CENTER,AGUDATH ISRAEL OF AMERICA COMMUNITY SERVICES INC,3,817 Avenue H,Brooklyn,11230,718-434-8670,Senior Center (DFTA),C0101,,,,,,Sponsor: AGUDATH ISRAEL OF AMERICA COMMUNITY SERVICES INC | Hours: 08:00-04:00 Mon-Fri
142,LOW,AGUDATH ISRAEL OF AMERICA BORO PARK SENIOR CITIZENS CENTER,AGUDATH ISRAEL OF AMERICA COMMUNITY SERVICES INC,3,1021 38th Street,Brooklyn,11219,718-854-7430,Senior Center (DFTA),C0103,,,,,,Sponsor: AGUDATH ISRAEL OF AMERICA COMMUNITY SERVICES INC | Hours: 08:00-04:00 Mon-Fri
143,LOW,AMICO 59TH ST SENIOR CITIZEN CTR,AMERICAN ITALIAN COALITION OF ORGANIZATIONS INC AMICO,2,5901 13th Avenue,Brooklyn,11219,718-972-1558,Senior Center (DFTA),C0401,,,,,,Sponsor: AMERICAN ITALIAN COALITION OF ORGANIZATIONS INC AMICO | Hours: 10:00-06:00 Mon-Fri
144,LOW,EILEEN DUGAN SENIOR CENTER,AMERICAN ITALIAN COALITION OF ORGANIZATIONS INC AMICO,2,378 Court Street,Brooklyn,11231,718-596-1956,Senior Center (DFTA),W1101,,,,,,Sponsor: AMERICAN ITALIAN COALITION OF ORGANIZATIONS INC AMICO | Hours: 08:00-04:00 Mon-Fri
145,LOW,BAY RIDGE CTR FOR HEALTH AND WELLNESS,BAY RIDGE CENTER INC d/b/a BAY RIDGE CENTER,2,15 Bay Ridge Avenue,Brooklyn,11209,718-748-0650,Senior Center (DFTA),W1202,,,,,https://www.bayridgecenter.org,Sponsor: BAY RIDGE CENTER INC d/b/a BAY RIDGE CENTER | Hours: 09:00-05:00 Mon-Fri
146,LOW,BAY RIDGE CTR FOR LIFE LONG LEARNING,BAY RIDGE CENTER INC d/b/a BAY RIDGE CENTER,2,15 Bay Ridge Avenue,Brooklyn,11209,718-748-0650,Senior Center (DFTA),W1201,,,,,https://www.bayridgecenter.org,Sponsor: BAY RIDGE CENTER INC d/b/a BAY RIDGE CENTER | Hours: 08:00-04:00 Mon-Fri
147,LOW,BCA 6TH AVENUE OLDER ADULT CENTER,BROOKLYN CHINESE-AMERICAN ASSOCIATION INC,3,545 60th Street,Brooklyn,11200,718-567-9311,Senior Center (DFTA),C1203,,,,,,Sponsor: BROOKLYN CHINESE-AMERICAN ASSOCIATION INC | Hours: 09:00-05:00 Mon-Fri
148,LOW,BCA BENSONHURST OLDER ADULT CENTER,BROOKLYN CHINESE-AMERICAN ASSOCIATION INC,3,6409 20th Avenue,Brooklyn,11204,718-331-3088,Senior Center (DFTA),C1201,,,,,,Sponsor: BROOKLYN CHINESE-AMERICAN ASSOCIATION INC | Hours: 08:30-04:30 Mon-Fri
149,LOW,BCA DYKER HEIGHTS OLDER ADULT CENTER,BROOKLYN CHINESE-AMERICAN ASSOCIATION INC,3,7201 8th Avenue,Brooklyn,11228,718-622-3333,Senior Center (DFTA),C1202,,,,,,Sponsor: BROOKLYN CHINESE-AMERICAN ASSOCIATION INC | Hours: 09:00-05:00 Mon-Fri
150,LOW,COUNCIL CTR FOR SENIOR CITIZENS,BROOKLYN SECTION NATIONAL COUNCIL OF JEWISH WOMEN INC.,1,1001 Quentin road,Brooklyn,11223,718-627-7680,Senior Center (DFTA),C1301,,,,,,Sponsor: BROOKLYN SECTION NATIONAL COUNCIL OF JEWISH WOMEN INC. | Hours: 09:00-05:00 Mon-Fri
151,LOW,CONGREGATION YETEV LEV --WILLIAMSBURG SATMAR,CONGREGATION YETEV LEV DSATMAR,1,125 Heyward Street,Brooklyn,11206,718-625-1608,Senior Center (DFTA),C2301,,,,,,Sponsor: CONGREGATION YETEV LEV DSATMAR | Hours: 09:00-05:00 Mon-Fri
152,LOW,COPO,COUNCIL OF PEOPLES ORGANIZATION INC.,2,1081 Coney Island Avenue,Brooklyn,11230,718-434-3266,Senior Center (DFTA),2TT01,,,,,,Sponsor: COUNCIL OF PEOPLES ORGANIZATION INC. | Hours: - Mon-Fri
153,LOW,COUNCIL OF PEOPLES ORGANIZATION: HALAL SENIOR CENTER,COUNCIL OF PEOPLES ORGANIZATION INC.,2,1075-1077 Coney Island Avenue,Brooklyn,11230,718-434-3266,Senior Center (DFTA),C2701,,,,,,Sponsor: COUNCIL OF PEOPLES ORGANIZATION INC. | Hours: 09:00-05:00 Mon-Fri
154,LOW,CROWN HEIGHTS PRESERVATION COMMITTEE CORP,CROWN HEIGHTS PRESERVATION CORP,1,483 Albany Avenue,Brooklyn,11203,718-774-9213,Senior Center (DFTA),C9801,,,,,,Sponsor: CROWN HEIGHTS PRESERVATION CORP | Hours: 09:00-05:00 Mon-Fri
155,LOW,CYPRESS HILLS ADULT SOCIAL CLUB,CYPRESS HILLS-FULTON STREET SENIOR CITIZENS CENTER INC,2,475 Fountain Avenue,Brooklyn,11208,347-529-7333,Senior Center (DFTA),C2802,,,,,,Sponsor: CYPRESS HILLS-FULTON STREET SENIOR CITIZENS CENTER INC | Hours: 08:15-04:15 Mon-Fri
156,LOW,CYPRESS HILLS FULTON STREET SENIOR CITIZENS CENTER,CYPRESS HILLS-FULTON STREET SENIOR CITIZENS CENTER INC,2,3208 Fulton Street,Brooklyn,11208,718-235-0064,Senior Center (DFTA),C2801,,,,,,Sponsor: CYPRESS HILLS-FULTON STREET SENIOR CITIZENS CENTER INC | Hours: 08:15-04:15 Mon-Fri
157,LOW,DORCHESTER SENIOR CITIZENS CENTER OAC,DORCHESTER SENIOR CITIZENS CENTER INC,1,1419 Dorchester Road,Brooklyn,11226,718-941-6700,Senior Center (DFTA),C2901,,,,,,Sponsor: DORCHESTER SENIOR CITIZENS CENTER INC | Hours: 08:00-04:00 Mon-Fri
158,LOW,BENSONHURST SENIOR CENTER,EDITH AND CARL MARKS JEWISH COMMUNITY HOUSE OF BENSONHURST,1,7802 Bay Parkway,Brooklyn,11214,718-331-6800,Senior Center (DFTA),C3201,,,,,,Sponsor: EDITH AND CARL MARKS JEWISH COMMUNITY HOUSE OF BENSONHURST | Hours: 08:00-04:00 Mon-Fri
159,LOW,PARK SLOPE CTR FOR SUCCESSFUL AGING,HEIGHTS AND HILLS INC.,1,463A 7th Street,Brooklyn,11215,718-832-3726,Senior Center (DFTA),C4001,,,,,,Sponsor: HEIGHTS AND HILLS INC. | Hours: 08:00-04:00 Mon-Fri
160,LOW,HOMECREST,HOMECREST COMMUNITY SERVICES INC,2,1413 Avenue T,Brooklyn,11229,718-376-4036,Senior Center (DFTA),C4202,,,,,https://www.homecrest.org,Sponsor: HOMECREST COMMUNITY SERVICES INC | Hours: :30-03:30 Mon-Fri
161,LOW,HOMECREST BENSONHURST OAC & AVE T BROOKLYN,HOMECREST COMMUNITY SERVICES INC,2,6915 15th Avenue,Brooklyn,11228,718-621-7960,Senior Center (DFTA),C4201,,,,,https://www.homecrest.org,Sponsor: HOMECREST COMMUNITY SERVICES INC | Hours: 8 :00-3 :00 Mon-Fri
162,LOW,POLISH & SLAVIC CTR KRAKUS OAC (+ SOCIAL SVS),POLISH & SLAVIC CENTER INC,2,176 Java Street,Brooklyn,11222,718-383-5290,Senior Center (DFTA),C5501,,,,info@polishslaviccenter.org,https://polishslaviccenter.org,Sponsor: POLISH & SLAVIC CENTER INC | Hours: 09:00-04:00 Mon-Fri
163,LOW,SBH OLDER ADULT CENTER - SENIOR PAVILION,SBH COMMUNITY SERVICE NETWORKINC.,1,1963 McDonald Avenue,Brooklyn,11223,718-787-1100,Senior Center (DFTA),C6601,,,,,,Sponsor: SBH COMMUNITY SERVICE NETWORKINC. | Hours: 08:30-04:30 Mon-Fri
164,LOW,SEPHARDIC MULTI SERVICES SENIOR CITIZENS CENTER,SEPHARDIC MULTI SERVICES SENIOR CITIZEN CENTER INC,1,485 Kings Hwy,Brooklyn,11223,718-336-1300,Senior Center (DFTA),C6801,,,,,,Sponsor: SEPHARDIC MULTI SERVICES SENIOR CITIZEN CENTER INC | Hours: 08:00-04:00 Mon-Fri
165,LOW,SOUTHSIDE LOS SURES DAVID SANTIAGO,SOUTHSIDE UNITED HOUSING DEVELOPMENT FUND CORP,1,201 South 4th Street,Brooklyn,11211,718-384-2314,Senior Center (DFTA),C7101,,,,,,Sponsor: SOUTHSIDE UNITED HOUSING DEVELOPMENT FUND CORP | Hours: 09:00-04:00 Mon-Fri
166,LOW,ST. GABRIEL'S EPISCOPAL CHURCH OAC,ST GABRIELS EPISCOPAL CHURCH,1,331 Hawthorne Street,Brooklyn,11225,718-773-4049,Senior Center (DFTA),C7301,,,,,,Sponsor: ST GABRIELS EPISCOPAL CHURCH | Hours: 09:00-05:00 Mon-Fri
167,LOW,PROSPECT HILL NSC,ST JOHN ST MATTHEW EMANUEL LUTHERAN CHURCH,1,283 Prospect Avenue,Brooklyn,11215,718-499-9574,Senior Center (DFTA),C7401,,,,,,Sponsor: ST JOHN ST MATTHEW EMANUEL LUTHERAN CHURCH | Hours: 09:00-05:00 Mon-Fri
168,LOW,ST NICKS ALLIANCE COOPER PARK SOCIAL 2,ST. NICKS ALLIANCE CORP.,2,288 Frost Street,Brooklyn,11222,718-227-3652,Senior Center (DFTA),C7501,,,,info@stnicksalliance.org,https://stnicksalliance.org,Sponsor: ST. NICKS ALLIANCE CORP. | Hours: 09:00-04:00 Mon-Fri
169,LOW,ST NICKS ALLIANCE SWINGING SIXTIES OAC 2,ST. NICKS ALLIANCE CORP.,2,211 Ainslie Street,Brooklyn,11211,718-963-3793,Senior Center (DFTA),C7502,,,,info@stnicksalliance.org,https://stnicksalliance.org,Sponsor: ST. NICKS ALLIANCE CORP. | Hours: 09:00-04:00 Mon-Fri
170,LOW,SHORE HILL OLDER ADULT CENTER,SUNSET PARK HEALTH COUNCIL INC d/b/a FAMILY HEALTH CENTERS A,2,9000 Shore Road,Brooklyn,11209,347-377-5474,Senior Center (DFTA),C8001,,,,,,Sponsor: SUNSET PARK HEALTH COUNCIL INC d/b/a FAMILY HEALTH CENTERS A | Hours: 09:00-05:00 Mon-Fri
171,LOW,SUNSET PARK OAC,SUNSET PARK HEALTH COUNCIL INC d/b/a FAMILY HEALTH CENTERS A,2,4520 4th Avenue,Brooklyn,11220,718-210-1050,Senior Center (DFTA),C8002,,,,,,Sponsor: SUNSET PARK HEALTH COUNCIL INC d/b/a FAMILY HEALTH CENTERS A | Hours: 09:00-05:00 Mon-Fri
172,LOW,UCA COMMUNITY SERVICE CENTER,UNITED CHINESE ASSOCIATION OF BROOKLYN  INC,1,1787 Stillwell Avenue,Brooklyn,11223,718-232-0055,Senior Center (DFTA),2TZ01,,,,,,Sponsor: UNITED CHINESE ASSOCIATION OF BROOKLYN  INC | Hours: - Mon-Fri
173,LOW,UNITED NEIGHBORHOOD SENIOR CITIZENS CTR,UNITED SENIOR CITIZENS OF SUNSET PARK INC,1,475 53rd Street,Brooklyn,11220,718-439-8647,Senior Center (DFTA),C8601,,,,,,Sponsor: UNITED SENIOR CITIZENS OF SUNSET PARK INC | Hours: 08:00-04:00 Mon-Fri
174,LOW,YOUNG AT HEART SENIOR CENTER AT THE FLATBUSH YMCA,YMCA OF GREATER NEW YORK,2,1401 Flatbush Avenue,Brooklyn,11210,212-630-9645,Senior Center (DFTA),C9302,,,,info@ymcanyc.org,https://ymcanyc.org,Sponsor: YMCA OF GREATER NEW YORK | Hours: 09:00-05:00 Mon-Fri
175,LOW,BORO PARK Y OAC,YOUNG MENS AND YOUNG WOMENS HEBREW ASSOCIATION OF BORO PARK,1,4912 14th Avenue,Brooklyn,11219,718-435-3804,Senior Center (DFTA),C9601,,,,,,Sponsor: YOUNG MENS AND YOUNG WOMENS HEBREW ASSOCIATION OF BORO PARK | Hours: 08:00-04:00 Mon-Fri
176,HIGH,CCNS BAYSIDE OAC,CATHOLIC CHARITIES NEIGHBORHOOD SERVICES INC,19,221-15 Horace Harding Expressway,Queens,11364,718-225-1144,Senior Center (DFTA),C1701,,,,info@catholiccharitiesny.org,https://catholiccharitiesny.org,Sponsor: CATHOLIC CHARITIES NEIGHBORHOOD SERVICES INC | Hours: 08:00-04:00 Mon-Fri
177,HIGH,CCNS BEST LIFE OAC,CATHOLIC CHARITIES NEIGHBORHOOD SERVICES INC,19,118-35 Farmers Boulevard,Queens,11412,718-722-6095,Senior Center (DFTA),C1712,,,,info@catholiccharitiesny.org,https://catholiccharitiesny.org,Sponsor: CATHOLIC CHARITIES NEIGHBORHOOD SERVICES INC | Hours: 09:00-05:00 Mon-Fri
178,HIGH,CCNS CATHERINE SHERIDAN OAC,CATHOLIC CHARITIES NEIGHBORHOOD SERVICES INC,19,35-24 83rd Street,Queens,11372,718-458-4600,Senior Center (DFTA),C1703,,,,info@catholiccharitiesny.org,https://catholiccharitiesny.org,Sponsor: CATHOLIC CHARITIES NEIGHBORHOOD SERVICES INC | Hours: 08:30-04:30 Mon-Fri
179,HIGH,CCNS DELLAMONICA- SREINWAY OAC,CATHOLIC CHARITIES NEIGHBORHOOD SERVICES INC,19,23-56 Broadway,Queens,11106,718-626-1500,Senior Center (DFTA),C1702,,,,info@catholiccharitiesny.org,https://catholiccharitiesny.org,Sponsor: CATHOLIC CHARITIES NEIGHBORHOOD SERVICES INC | Hours: 09:00-05:00 Mon-Fri
180,HIGH,CCNS HILLCREST OAC,CATHOLIC CHARITIES NEIGHBORHOOD SERVICES INC,19,91-34 182nd Pl,Queens,11432,718-297-7171,Senior Center (DFTA),C1707,,,,info@catholiccharitiesny.org,https://catholiccharitiesny.org,Sponsor: CATHOLIC CHARITIES NEIGHBORHOOD SERVICES INC | Hours: 09:00-05:00 Mon-Fri
181,HIGH,CCNS HOWARD BEACH OAC,CATHOLIC CHARITIES NEIGHBORHOOD SERVICES INC,19,155-55 Cross Bay Blvd,Queens,11414,718-738-8100,Senior Center (DFTA),C1704,,,,info@catholiccharitiesny.org,https://catholiccharitiesny.org,Sponsor: CATHOLIC CHARITIES NEIGHBORHOOD SERVICES INC | Hours: 08:00-04:00 Mon-Fri
182,HIGH,CCNS OZONE PARK OAC,CATHOLIC CHARITIES NEIGHBORHOOD SERVICES INC,19,103-02 101st Avenue,Queens,11416,718-847-2100,Senior Center (DFTA),C1705,,,,info@catholiccharitiesny.org,https://catholiccharitiesny.org,Sponsor: CATHOLIC CHARITIES NEIGHBORHOOD SERVICES INC | Hours: 08:00-04:00 Mon-Fri
183,HIGH,CCNS SEASIDE OAC,CATHOLIC CHARITIES NEIGHBORHOOD SERVICES INC,19,320 Beach 94th Street,Queens,11693,347-926-4119,Senior Center (DFTA),C1709,,,,info@catholiccharitiesny.org,https://catholiccharitiesny.org,Sponsor: CATHOLIC CHARITIES NEIGHBORHOOD SERVICES INC | Hours: 08:00-04:00 Mon-Fri
184,HIGH,CCNS WOODHAVEN-RICHMOND HILL OAC,CATHOLIC CHARITIES NEIGHBORHOOD SERVICES INC,19,89-02 91st Street,Queens,11421,718-847-9200,Senior Center (DFTA),C1716,,,,info@catholiccharitiesny.org,https://catholiccharitiesny.org,Sponsor: CATHOLIC CHARITIES NEIGHBORHOOD SERVICES INC | Hours: 08:00-04:00 Mon-Fri
185,HIGH,JASA BROOKDALE VILLAGE,THE JEWISH ASSOCIATION FOR SERVICES FOR THE AGED,18,131 Beach 19 Street,Queens,11691,718-471-3200,Senior Center (DFTA),W2204,,,,help@jasa.org,https://www.jasa.org,Sponsor: THE JEWISH ASSOCIATION FOR SERVICES FOR THE AGED | Hours: 08:30-04:30 Mon-Fri
186,HIGH,JASA HOLLISWOOD OLDER ADULT CENTER,THE JEWISH ASSOCIATION FOR SERVICES FOR THE AGED,18,86-25 Francis Lewis Boulevard,Queens,11427,718-454-6157,Senior Center (DFTA),C8305,,,,help@jasa.org,https://www.jasa.org,Sponsor: THE JEWISH ASSOCIATION FOR SERVICES FOR THE AGED | Hours: 08:00-04:00 Mon-Fri
187,HIGH,JASA ROCKAWAY PARK,THE JEWISH ASSOCIATION FOR SERVICES FOR THE AGED,18,106-20 Shore Front Parkway,Queens,11694,718-634-3044,Senior Center (DFTA),W2206,,,,help@jasa.org,https://www.jasa.org,Sponsor: THE JEWISH ASSOCIATION FOR SERVICES FOR THE AGED | Hours: 08:00-04:00 Mon-Fri
188,HIGH,JASA ROY REUTHER,THE JEWISH ASSOCIATION FOR SERVICES FOR THE AGED,18,711 Seagirt Avenue,Queens,11691,718-471-3110,Senior Center (DFTA),W2205,,,,help@jasa.org,https://www.jasa.org,Sponsor: THE JEWISH ASSOCIATION FOR SERVICES FOR THE AGED | Hours: 08:00-04:00 Mon-Fri
189,MEDIUM,ALLEN AME COMMUNITY SENIOR CITIZENS CENTERS - LINDEN BLVD,ALLEN AME CHURCH dba ALLEN COMMUNITY SENIOR CITIZENS CENTER,4,166-01 Linden Blvd,Queens,11434,718-658-0980,Senior Center (DFTA),C0204,,,,,,Sponsor: ALLEN AME CHURCH dba ALLEN COMMUNITY SENIOR CITIZENS CENTER | Hours: 08:00-04:00 Mon-Fri
190,MEDIUM,ALLEN AME ROCKAWAY BLVD SENIOR CENTER,ALLEN AME CHURCH dba ALLEN COMMUNITY SENIOR CITIZENS CENTER,4,123-10 143rd Street,Queens,11436,718-657-6752,Senior Center (DFTA),C0205,,,,,,Sponsor: ALLEN AME CHURCH dba ALLEN COMMUNITY SENIOR CITIZENS CENTER | Hours: 09:00-05:00 Mon-Fri
191,MEDIUM,ALLEN AME THEODORA JACKSON CENTER,ALLEN AME CHURCH dba ALLEN COMMUNITY SENIOR CITIZENS CENTER,4,92-47 165th Street,Queens,11433,929-357-9552,Senior Center (DFTA),C0201,,,,,,Sponsor: ALLEN AME CHURCH dba ALLEN COMMUNITY SENIOR CITIZENS CENTER | Hours: 09:00-05:00 Mon-Fri
192,MEDIUM,ALLEN INTERNATIONAL TOWERS AFFILIATE,ALLEN AME CHURCH dba ALLEN COMMUNITY SENIOR CITIZENS CENTER,4,90-20 170th Street,Queens,11432,718-657-5075,Senior Center (DFTA),C0202,,,,,,Sponsor: ALLEN AME CHURCH dba ALLEN COMMUNITY SENIOR CITIZENS CENTER | Hours: 09:00-05:00 Mon-Fri
193,MEDIUM,CPC NAN SHAN NEIGHBORHOOD SENIOR CENTER,CHINESE AMERICAN PLANNING COUNCIL INC,4,133-14 41st Avenue 1st Floor,Queens,11355,718-358-3030,Senior Center (DFTA),C2102,,,,,https://www.cpcnyc.org,Sponsor: CHINESE AMERICAN PLANNING COUNCIL INC | Hours: 08:00-04:00 Mon-Fri
194,MEDIUM,ELMCOR GOLDEN PHOENIX CLUB FOUR,ELMCOR YOUTH & ADULT ACTIVITIES INC,4,33-16 108th Street,Queens,11368,718-651-0096,Senior Center (DFTA),CC101,,,,,https://elmcor.org,Sponsor: ELMCOR YOUTH & ADULT ACTIVITIES INC | Hours: 09:00-03:00 Mon-Fri
195,MEDIUM,ELMCOR GOLDEN PHOENIX CLUB THREE,ELMCOR YOUTH & ADULT ACTIVITIES INC,4,96-05 Horace Harding ExpressWay,Queens,11368,718-651-0096,Senior Center (DFTA),45D01,,,,,https://elmcor.org,Sponsor: ELMCOR YOUTH & ADULT ACTIVITIES INC | Hours: 09:00-05:00 Mon-Fri
196,MEDIUM,GOLDEN PHOENIX 1 (ELMCOR NSC),ELMCOR YOUTH & ADULT ACTIVITIES INC,4,98-19 Astoria Blvd,Queens,11369,718-651-0096,Senior Center (DFTA),W1301,,,,,https://elmcor.org,Sponsor: ELMCOR YOUTH & ADULT ACTIVITIES INC | Hours: 09:00-05:00 Mon-Fri
197,MEDIUM,GOLDEN PHOENIX 2 (ELMCOR LEFRAK NSC),ELMCOR YOUTH & ADULT ACTIVITIES INC,4,95-18 Northern Blvd,Queens,11368,718-651-0096,Senior Center (DFTA),W1302,,,,,https://elmcor.org,Sponsor: ELMCOR YOUTH & ADULT ACTIVITIES INC | Hours: 09:00-04:00 Mon-Fri
198,MEDIUM,ELMHURST,INSTITUTE FOR THE PUERTO RICAN HISPANIC ELDERLY INC,6,75-01 Broadway Avenue,Queens,11373,718-478-7171,Senior Center (DFTA),W1604,,,,,https://iprhe.org,Sponsor: INSTITUTE FOR THE PUERTO RICAN HISPANIC ELDERLY INC | Hours: 08:00-04:00 Mon-Fri
199,MEDIUM,JAMAICA OLDER ADULT CENTER,QUEENS COMMUNITY HOUSE INC.,6,89-60 164th Street,Queens,11432,718-592-5757,Senior Center (DFTA),CC201,,,,info@qchnyc.org,https://www.qchnyc.org,Sponsor: QUEENS COMMUNITY HOUSE INC. | Hours: 09:00-05:00 Mon-Fri
200,MEDIUM,QCH FOREST HILLS OAC,QUEENS COMMUNITY HOUSE INC.,6,108-25 62nd Drive,Queens,11375,718-699-1010,Senior Center (DFTA),C5601,,,,info@qchnyc.org,https://www.qchnyc.org,Sponsor: QUEENS COMMUNITY HOUSE INC. | Hours: 08:00-04:00 Mon-Fri
201,MEDIUM,QCH KEW GARDENS COMMUNITY CENTER OAC,QUEENS COMMUNITY HOUSE INC.,6,80-02 Kew Gardens Road,Queens,11415,718-268-0895,Senior Center (DFTA),C5602,,,,info@qchnyc.org,https://www.qchnyc.org,Sponsor: QUEENS COMMUNITY HOUSE INC. | Hours: 09:00-05:00 Mon-Fri
202,MEDIUM,QCH POMONOK OAC,QUEENS COMMUNITY HOUSE INC.,6,67-09 Kissena Blvd,Queens,11367,718-591-3377,Senior Center (DFTA),C5603,,,,info@qchnyc.org,https://www.qchnyc.org,Sponsor: QUEENS COMMUNITY HOUSE INC. | Hours: 08:00-04:00 Mon-Fri
203,MEDIUM,QCH QUEENS CENTER FOR GAY SENIORS OAC,QUEENS COMMUNITY HOUSE INC.,6,37-06 77th Street,Queens,11372,718-533-6459,Senior Center (DFTA),C5604,,,,info@qchnyc.org,https://www.qchnyc.org,Sponsor: QUEENS COMMUNITY HOUSE INC. | Hours: 09:00-05:00 Mon-Fri
204,MEDIUM,QCH REGO PARK OAC,QUEENS COMMUNITY HOUSE INC.,6,93-29 Queens Blvd,Queens,11374,718-896-8511,Senior Center (DFTA),C5605,,,,info@qchnyc.org,https://www.qchnyc.org,Sponsor: QUEENS COMMUNITY HOUSE INC. | Hours: 08:00-04:00 Mon-Fri
205,MEDIUM,SELFHELP AUSTIN ST,SELFHELP COMMUNITY SERVICES INC,5,106-06 Queens Boulevard,Queens,11375,718-520-8197,Senior Center (DFTA),W2101,,,,info@selfhelp.net,https://selfhelp.net,Sponsor: SELFHELP COMMUNITY SERVICES INC | Hours: 08:30-04:30 Mon-Fri
206,MEDIUM,SELFHELP BENJAMIN ROSENTHAL,SELFHELP COMMUNITY SERVICES INC,5,45-25 Kissena Boulevard,Queens,11355,718-886-5777,Senior Center (DFTA),W2102,,,,info@selfhelp.net,https://selfhelp.net,Sponsor: SELFHELP COMMUNITY SERVICES INC | Hours: 08:30-04:00 Mon-Fri
207,MEDIUM,SELFHELP CLEARVIEW,SELFHELP COMMUNITY SERVICES INC,5,208-11 26th Avenue,Queens,11360,718-224-7888,Senior Center (DFTA),W2103,,,,info@selfhelp.net,https://selfhelp.net,Sponsor: SELFHELP COMMUNITY SERVICES INC | Hours: 08:30-04:00 Mon-Fri
208,MEDIUM,SELFHELP LATIMER,SELFHELP COMMUNITY SERVICES INC,5,34-30 137th Street,Queens,11354,718-961-3660,Senior Center (DFTA),W2104,,,,info@selfhelp.net,https://selfhelp.net,Sponsor: SELFHELP COMMUNITY SERVICES INC | Hours: 08:30-04:00 Mon-Fri
209,MEDIUM,SELFHELP MASPETH,SELFHELP COMMUNITY SERVICES INC,5,69-61 Grand Avenue,Queens,11378,718-429-3636,Senior Center (DFTA),W2105,,,,info@selfhelp.net,https://selfhelp.net,Sponsor: SELFHELP COMMUNITY SERVICES INC | Hours: 08:30-04:00 Mon-Fri
210,MEDIUM,ASTORIA NSC,SPANISH SPEAKING ELDERLY COUNCIL RAICES INC.,8,21-21 30th Drive,Queens,11102,718-726-9642,Senior Center (DFTA),C7209,,,,,,Sponsor: SPANISH SPEAKING ELDERLY COUNCIL RAICES INC. | Hours: 09:00-05:00 Mon-Fri
211,MEDIUM,CORONA OAC,SPANISH SPEAKING ELDERLY COUNCIL RAICES INC.,8,107-24 Corona Avenue,Queens,11368,718-321-0463,Senior Center (DFTA),C7203,,,,,,Sponsor: SPANISH SPEAKING ELDERLY COUNCIL RAICES INC. | Hours: 09:00-05:00 Mon-Fri
212,MEDIUM,RAICES ASTORIA SOCIAL CLUB,SPANISH SPEAKING ELDERLY COUNCIL RAICES INC.,8,4-05 Astoria Blvd,Queens,11102,718-762-9642,Senior Center (DFTA),C7210,,,,,,Sponsor: SPANISH SPEAKING ELDERLY COUNCIL RAICES INC. | Hours: 09:00-05:00 Mon-Fri
213,MEDIUM,RAICES BLAND SOCIAL CLUB,SPANISH SPEAKING ELDERLY COUNCIL RAICES INC.,8,40-15 College Point Blvd,Queens,11354,718-694-0895,Senior Center (DFTA),C7204,,,,,,Sponsor: SPANISH SPEAKING ELDERLY COUNCIL RAICES INC. | Hours: 09:00-05:00 Mon-Fri
214,MEDIUM,YOUNG ISRAEL PROGRAMS FOREST HILLS,YOUNG ISRAEL PROGRAMS INC,4,68-07 Burns Street,Queens,11375,718-520-2305,Senior Center (DFTA),C9401,,,,info@youngisrael.org,https://www.youngisrael.org,Sponsor: YOUNG ISRAEL PROGRAMS INC | Hours: 08:00-04:00 Mon-Fri
215,MEDIUM,YOUNG ISRAEL PROGRAMS QUEENS VALLEY II,YOUNG ISRAEL PROGRAMS INC,4,141-55 77th Avenue,Queens,11367,718-263-6995,Senior Center (DFTA),C9403,,,,info@youngisrael.org,https://www.youngisrael.org,Sponsor: YOUNG ISRAEL PROGRAMS INC | Hours: 08:00-04:00 Mon-Fri
216,MEDIUM,YOUNG ISRAEL WAVECREST & BAYSWATER SENIOR LEAGUE,YOUNG ISRAEL PROGRAMS INC,4,2716 Healy Avenue,Queens,11691,718-327-0297,Senior Center (DFTA),C9404,,,,info@youngisrael.org,https://www.youngisrael.org,Sponsor: YOUNG ISRAEL PROGRAMS INC | Hours: 08:00-04:00 Mon-Fri
217,LOW,ALPHA PHI ALPHA SENIOR CITIZENS OAC,ALPHA PHI ALPHA SENIOR CITIZENS CENTER INC,1,220-01 Linden Blvd,Queens,11411,718-528-8238,Senior Center (DFTA),C0301,,,,,,Sponsor: ALPHA PHI ALPHA SENIOR CITIZENS CENTER INC | Hours: 09:00-05:00 Mon-Fri
218,LOW,BROOKS SENIOR CENTER,BROOKS MEMORIAL UNITED METHODIST CHURCH,1,143-22 109th Avenue,Queens,11435,718-291-3935,Senior Center (DFTA),C1401,,,,,,Sponsor: BROOKS MEMORIAL UNITED METHODIST CHURCH | Hours: 08:00-04:00 Mon-Fri
219,LOW,BROOKS SENIOR CENTER,BROOKS SENIOR CENTER,1,143-22 109TH AVENUE.,Queens,11435,718-291-3935,Senior Center (DFTA),VN601,,,,,,Sponsor: BROOKS SENIOR CENTER | Hours: - Mon-Fri
220,LOW,NNORC WOW,COMMONPOINT QUEENS,3,58-20 Little Neck Parkway,Queens,11362,718-225-6750,Senior Center (DFTA),4N101,,,,info@commonpoint.org,https://www.commonpoint.org,Sponsor: COMMONPOINT QUEENS | Hours: - Mon-Fri
221,LOW,SAM FIELD OLDER ADULT CENTER,COMMONPOINT QUEENS,3,58-20 Little Neck Pkwy,Queens,11362,718-225-6750,Senior Center (DFTA),C6501,,,,info@commonpoint.org,https://www.commonpoint.org,Sponsor: COMMONPOINT QUEENS | Hours: 09:00-04:00 Mon-Fri
222,LOW,SAMUEL FIELD Y BAY TERRACE OLDER ADULT CENTER,COMMONPOINT QUEENS,3,21200 23rd Avenue,Queens,11360,718-225-4253,Senior Center (DFTA),C6502,,,,info@commonpoint.org,https://www.commonpoint.org,Sponsor: COMMONPOINT QUEENS | Hours: 08:00-04:00 Mon-Fri
223,LOW,FLORENCE E SMITH OAC,FLORENCE E. SMITH SENIOR SERVICE,1,102-19 34 Avenue,Queens,11368,718-899-0553,Senior Center (DFTA),C2501,,,,,,Sponsor: FLORENCE E. SMITH SENIOR SERVICE | Hours: 08:00-04:00 Mon-Fri
224,LOW,HANAC ANGELO PETROMELIS OLDER ADULT CENTER,HANAC INC.,3,13-28 123rd Street,Queens,11356,718-961-0344,Senior Center (DFTA),C3901,,,,info@hanac.org,https://www.hanac.org,Sponsor: HANAC INC. | Hours: 08:00-03:30 Mon-Fri
225,LOW,HANAC RAVENSWOOD OLDER ADULT CENTER,HANAC INC.,3,34-35 12th Street,Queens,11106,718-786-1550,Senior Center (DFTA),C3903,,,,info@hanac.org,https://www.hanac.org,Sponsor: HANAC INC. | Hours: 08:00-04:00 Mon-Fri
226,LOW,HARMONY JVL OLDER ADULT CENTER,HANAC INC.,3,27-40 Hoyt Avenue South,Queens,11102,718-396-5002,Senior Center (DFTA),C3902,,,,info@hanac.org,https://www.hanac.org,Sponsor: HANAC INC. | Hours: 08:30-04:30 Mon-Fri
227,LOW,INDIA HOME DESI SENIOR CENTER,INDIA HOME INC,2,85-37 168 Street,Queens,11432,917-825-1559,Senior Center (DFTA),C4401,,,,info@indiahome.org,https://www.indiahome.org,Sponsor: INDIA HOME INC | Hours: 09:00-05:00 Mon-Fri
228,LOW,INDIA HOME INC.,INDIA HOME INC,2,178-36 Wexford Terrace,Queens,11432,917-288-7600,Senior Center (DFTA),4DV01,,,,info@indiahome.org,https://www.indiahome.org,Sponsor: INDIA HOME INC | Hours: - Mon-Fri
229,LOW,ITALIAN SENIOR CITIZENS CENTER,ITALIAN SENIOR CITIZENS CENTER INC.,1,83-20 Queens Blvd,Queens,11373,718-335-7272,Senior Center (DFTA),C4501,,,,,,Sponsor: ITALIAN SENIOR CITIZENS CENTER INC. | Hours: 09:00-04:00 Mon-Fri
230,LOW,QUEENSBRIDGE CENTER,JACOB A RIIS NEIGHBORHOOD SETTLEMENT,1,10-25 41st Avenue,Queens,11101,718-784-7447,Senior Center (DFTA),C4601,,,,,,Sponsor: JACOB A RIIS NEIGHBORHOOD SETTLEMENT | Hours: 08:00-04:00 Mon-Fri
231,LOW,KOREAN COMMUNITY SERVICES CORONA OAC,KOREAN COMMUNITY SERVICES OF METROPOLITAN NEW YORK INC,2,37-06 111th Street,Queens,11368,718-651-9220,Senior Center (DFTA),C4901,,,,info@kcsny.org,https://www.kcsny.org,Sponsor: KOREAN COMMUNITY SERVICES OF METROPOLITAN NEW YORK INC | Hours: 09:00-05:00 Mon-Fri
232,LOW,KOREAN COMMUNITY SERVICES FLUSHING + SATELLITE MN9,KOREAN COMMUNITY SERVICES OF METROPOLITAN NEW YORK INC,2,42-15 166th Street,Queens,11358,718-886-8203,Senior Center (DFTA),C4902,,,,info@kcsny.org,https://www.kcsny.org,Sponsor: KOREAN COMMUNITY SERVICES OF METROPOLITAN NEW YORK INC | Hours: 05:00-05:00 Mon-Fri
233,LOW,ROBERT COUCHE OLDER ADULT CENTER,MERRILL PARK CIVIC ASSOCIATION OF SPRINGFIELD GARDENS INC,1,137-57 Farmers Boulevard,Queens,11434,718-978-8352,Senior Center (DFTA),CC301,,,,,,Sponsor: MERRILL PARK CIVIC ASSOCIATION OF SPRINGFIELD GARDENS INC | Hours: 09:00-05:00 Mon-Fri
234,LOW,OCEAN BAY CDC OLDER ADULT CENTER,OCEAN BAY COMMUNITY DEVELOPMENT CORPORATION,1,57-17 Shore Front Parkway,Queens,11693,718-945-8640,Senior Center (DFTA),C5301,,,,,,Sponsor: OCEAN BAY COMMUNITY DEVELOPMENT CORPORATION | Hours: 08:00-04:00 Mon-Fri
235,LOW,PETER CARDELLA OLDER ADULT CENTER,PETER CARDELLA SENIOR CITIZEN CENTER INC,1,68-52 Fresh Pond Road,Queens,11385,718-497-2908,Senior Center (DFTA),C5401,,,,,,Sponsor: PETER CARDELLA SENIOR CITIZEN CENTER INC | Hours: 08:00-03:30 Mon-Fri
236,LOW,MIDDLE VILLAGE ADULT CENTER,RABBI ISRAEL MEYER HACOHEN RABBINICAL SEMINARY OF AMERICA,2,69-10 75th St.,Queens,11379,718-894-3441,Senior Center (DFTA),4AT01,,,,,,Sponsor: RABBI ISRAEL MEYER HACOHEN RABBINICAL SEMINARY OF AMERICA | Hours: - Mon-Fri
237,LOW,MIDDLE VILLAGE OAC,RABBI ISRAEL MEYER HACOHEN RABBINICAL SEMINARY OF AMERICA,2,69-10 75th Street,Queens,11379,718-894-3441,Senior Center (DFTA),C5701,,,,,,Sponsor: RABBI ISRAEL MEYER HACOHEN RABBINICAL SEMINARY OF AMERICA | Hours: 08:00-04:00 Mon-Fri
238,LOW,RIDGEWOOD OLDER ADULT CENTER AND SERVICES,RIDGEWOOD OLDER ADULT CENTER AND SERVICES INC,1,5914 70th Avenue,Queens,11385,718-456-2000,Senior Center (DFTA),C5901,,,,,,Sponsor: RIDGEWOOD OLDER ADULT CENTER AND SERVICES INC | Hours: 08:30-04:00 Mon-Fri
239,LOW,ROCHDALE VILLAGE SC,ROCHDALE VILLAGE SOCIAL SERVICES INC,1,169-65 137th Avenue,Queens,11434,718-525-2800,Senior Center (DFTA),C6301,,,,,,Sponsor: ROCHDALE VILLAGE SOCIAL SERVICES INC | Hours: 09:00-05:00 Mon-Fri
240,LOW,WOODSIDE OLDER ADULT CENTER,SAMARITAN DAYTOP VILLAGE INC,2,50-37 Newtown Road,Queens,11377,718-932-6916,Senior Center (DFTA),C6401,,,,info@samaritanvillage.org,https://www.samaritanvillage.org,Sponsor: SAMARITAN DAYTOP VILLAGE INC | Hours: 07:45-03:45 Mon-Fri
241,LOW,WOODSIDE OLDER ADULT CENTER,SAMARITAN DAYTOP VILLAGE INC,2,50-37 Newtown Road,Queens,11377,718-206-2000,Senior Center (DFTA),3TB01,,,,info@samaritanvillage.org,https://www.samaritanvillage.org,Sponsor: SAMARITAN DAYTOP VILLAGE INC | Hours: - Mon-Fri
242,LOW,SNAP #1: EASTERN QUEENS OAC,SERVICES NOW FOR ADULT PERSONS INC,2,80-45 Winchester Blvd Bldg. 4,Queens,11427,718-525-8899,Senior Center (DFTA),C7001,,,,,,Sponsor: SERVICES NOW FOR ADULT PERSONS INC | Hours: 08:30-04:30 Mon-Fri
243,LOW,SNAP #2: BROOKVILLE OAC,SERVICES NOW FOR ADULT PERSONS INC,2,133-33 Brookville Boulevard,Queens,11422,718-454-2100,Senior Center (DFTA),C7002,,,,,,Sponsor: SERVICES NOW FOR ADULT PERSONS INC | Hours: 08:30-04:30 Mon-Fri
244,LOW,SUNNYSIDE COMMUNITY SERVICES OAC,SUNNYSIDE COMMUNITY SERVICES INC,1,43-39 39th Street,Queens,11104,718-784-6173,Senior Center (DFTA),C7901,,,,,,Sponsor: SUNNYSIDE COMMUNITY SERVICES INC | Hours: 08:30-04:30 Mon-Fri
245,HIGH,PSS ANDREW JACKSON,PRESBYTERIAN SENIOR SERVICES,10,325 East 156th Street,Bronx,10451,718-585-1640,Senior Center (DFTA),W1903,,,,,,Sponsor: PRESBYTERIAN SENIOR SERVICES | Hours: 08:00-04:00 Mon-Fri
246,HIGH,PSS CITY ISLAND,PRESBYTERIAN SENIOR SERVICES,10,116 City Island Avenue,Bronx,10464,718-885-0727,Senior Center (DFTA),W1910,,,,,,Sponsor: PRESBYTERIAN SENIOR SERVICES | Hours: 08:00-03:00 Mon-Fri
247,HIGH,PSS DAVIDSON,PRESBYTERIAN SENIOR SERVICES,10,950 Union Avenue,Bronx,10459,718-328-2811,Senior Center (DFTA),W1902,,,,,,Sponsor: PRESBYTERIAN SENIOR SERVICES | Hours: 08:00-04:00 Mon-Fri
248,HIGH,PSS HIGHBRIDGE,PRESBYTERIAN SENIOR SERVICES,10,1181 Nelson Avenue,Bronx,10452,718-588-3004,Senior Center (DFTA),W1908,,,,,,Sponsor: PRESBYTERIAN SENIOR SERVICES | Hours: 08:00-04:00 Mon-Fri
249,HIGH,PSS HIGHBRIDGE GARDENS,PRESBYTERIAN SENIOR SERVICES,10,1145 University Avenue,Bronx,10452,347-918-9185,Senior Center (DFTA),W1909,,,,,,Sponsor: PRESBYTERIAN SENIOR SERVICES | Hours: 08:00-04:00 Mon-Fri
250,HIGH,PSS MORRISANIA AIR RIGHTS,PRESBYTERIAN SENIOR SERVICES,10,3135 Park Avenue,Bronx,10451,718-992-2528,Senior Center (DFTA),W1904,,,,,,Sponsor: PRESBYTERIAN SENIOR SERVICES | Hours: 08:00-04:00 Mon-Fri
251,HIGH,PSS PARKSIDE,PRESBYTERIAN SENIOR SERVICES,10,644 Adee Avenue,Bronx,10467,718-881-7780,Senior Center (DFTA),W1901,,,,,,Sponsor: PRESBYTERIAN SENIOR SERVICES | Hours: 08:00-04:00 Mon-Fri
252,HIGH,RAIN BOSTON EAST OAC,REGIONAL AID FOR INTERIM NEEDS INC,10,3450 Boston Road,Bronx,10469,718-654-9200,Senior Center (DFTA),C5801,,,,Info@RainInc.org,https://www.raininc.org,Sponsor: REGIONAL AID FOR INTERIM NEEDS INC | Hours: 08:00-06:00 Mon-Fri
253,HIGH,RAIN BOSTON ROAD OAC,REGIONAL AID FOR INTERIM NEEDS INC,10,2424 Boston Road,Bronx,10467,718547-8827,Senior Center (DFTA),C5802,,,,Info@RainInc.org,https://www.raininc.org,Sponsor: REGIONAL AID FOR INTERIM NEEDS INC | Hours: 08:00-04:00 Mon-Fri
254,HIGH,RAIN BOSTON SECOR OAC,REGIONAL AID FOR INTERIM NEEDS INC,10,3540 Bivona Street,Bronx,10475,718-671-8550,Senior Center (DFTA),C5803,,,,Info@RainInc.org,https://www.raininc.org,Sponsor: REGIONAL AID FOR INTERIM NEEDS INC | Hours: 08:00-04:00 Mon-Fri
255,HIGH,RAIN EASTCHESTER LATIN SOUL CAFÉ OAC,REGIONAL AID FOR INTERIM NEEDS INC,10,1246 Burke Avenue,Bronx,10469,718-882-8513,Senior Center (DFTA),C5804,,,,Info@RainInc.org,https://www.raininc.org,Sponsor: REGIONAL AID FOR INTERIM NEEDS INC | Hours: 08:00-04:00 Mon-Fri
256,HIGH,RAIN GUNHILL OAC,REGIONAL AID FOR INTERIM NEEDS INC,10,3377 White Plains Road,Bronx,10462,718-881-5589,Senior Center (DFTA),C5805,,,,Info@RainInc.org,https://www.raininc.org,Sponsor: REGIONAL AID FOR INTERIM NEEDS INC | Hours: 08:00-04:00 Mon-Fri
257,HIGH,RAIN MIDDLETOWN OAC,REGIONAL AID FOR INTERIM NEEDS INC,10,3035 Middletown Road,Bronx,10461,718-822-0486,Senior Center (DFTA),C5807,,,,Info@RainInc.org,https://www.raininc.org,Sponsor: REGIONAL AID FOR INTERIM NEEDS INC | Hours: 08:00-04:00 Mon-Fri
258,HIGH,RAIN MT. CARMEL OAC,REGIONAL AID FOR INTERIM NEEDS INC,10,2405 Southern Boulevard,Bronx,10462,718-733-8852,Senior Center (DFTA),C5808,,,,Info@RainInc.org,https://www.raininc.org,Sponsor: REGIONAL AID FOR INTERIM NEEDS INC | Hours: 08:00-04:00 Mon-Fri
259,HIGH,RAIN NEREID OAC,REGIONAL AID FOR INTERIM NEEDS INC,10,720 Nereid Avenue,Bronx,10466,718-994-0132,Senior Center (DFTA),C5809,,,,Info@RainInc.org,https://www.raininc.org,Sponsor: REGIONAL AID FOR INTERIM NEEDS INC | Hours: 08:00-04:00 Mon-Fri
260,HIGH,RAIN PARKCHESTER OAC,REGIONAL AID FOR INTERIM NEEDS INC,10,1380 Metropolitan Avenue,Bronx,10462,718-597-9220,Senior Center (DFTA),C5810,,,,Info@RainInc.org,https://www.raininc.org,Sponsor: REGIONAL AID FOR INTERIM NEEDS INC | Hours: 08:00-04:00 Mon-Fri
261,HIGH,JASA BARTOW (COOP CITY NSC),THE JEWISH ASSOCIATION FOR SERVICES FOR THE AGED,18,2049 Bartow Avenue,Bronx,10475,718-320-2066,Senior Center (DFTA),W2201,,,,help@jasa.org,https://www.jasa.org,Sponsor: THE JEWISH ASSOCIATION FOR SERVICES FOR THE AGED | Hours: 10:00-06:00 Mon-Fri
262,HIGH,JASA BAY EDEN OLDER ADULT CENTER,THE JEWISH ASSOCIATION FOR SERVICES FOR THE AGED,18,1220 East 229th Street,Bronx,10466,718-882-3815,Senior Center (DFTA),C8302,,,,help@jasa.org,https://www.jasa.org,Sponsor: THE JEWISH ASSOCIATION FOR SERVICES FOR THE AGED | Hours: 08:00-04:00 Mon-Fri
263,HIGH,JASA DREISER,THE JEWISH ASSOCIATION FOR SERVICES FOR THE AGED,18,177 Dreiser Loop 2nd Flr.,Bronx,10475,718-320-1345,Senior Center (DFTA),W2202,,,,help@jasa.org,https://www.jasa.org,Sponsor: THE JEWISH ASSOCIATION FOR SERVICES FOR THE AGED | Hours: 08:00-04:00 Mon-Fri
264,HIGH,JASA EINSTEIN,THE JEWISH ASSOCIATION FOR SERVICES FOR THE AGED,18,135 EINSTEIN LOOP,Bronx,10475,718-320-2066,Senior Center (DFTA),W2203,,,,help@jasa.org,https://www.jasa.org,Sponsor: THE JEWISH ASSOCIATION FOR SERVICES FOR THE AGED | Hours: 08:00-04:00 Mon-Fri
265,HIGH,JASA SUE GINSBURG,THE JEWISH ASSOCIATION FOR SERVICES FOR THE AGED,18,975 Waring Avenue,Bronx,10469,718-881-1758,Senior Center (DFTA),C8303,,,,help@jasa.org,https://www.jasa.org,Sponsor: THE JEWISH ASSOCIATION FOR SERVICES FOR THE AGED | Hours: 08:00-04:00 Mon-Fri
266,HIGH,JASA THROGGS NECK OLDER ADULT CENTER,THE JEWISH ASSOCIATION FOR SERVICES FOR THE AGED,18,2705 Schley Avenue,Bronx,10465,718-823-1771,Senior Center (DFTA),C8309,,,,help@jasa.org,https://www.jasa.org,Sponsor: THE JEWISH ASSOCIATION FOR SERVICES FOR THE AGED | Hours: 07:00-03:00 Mon-Fri
267,HIGH,JASA VAN CORTLANDT OLDER ADULT CENTER,THE JEWISH ASSOCIATION FOR SERVICES FOR THE AGED,18,185 W. 231st Street,Bronx,10463,718-549-4700,Senior Center (DFTA),C8310,,,,help@jasa.org,https://www.jasa.org,Sponsor: THE JEWISH ASSOCIATION FOR SERVICES FOR THE AGED | Hours: 09:00-05:00 Mon-Fri
268,MEDIUM,BRONXWORKS CAROLYN MCLAUGHLIN COMMUNITY CENTER -CONCOURSE OAC,BRONXWORKS INC,7,1130 Grand Concourse,Bronx,10455,718-508-3040,Senior Center (DFTA),C1101,,,,press@bronxworks.org,https://bronxworks.org,Sponsor: BRONXWORKS INC | Hours: 09:00-05:00 Mon-Fri
269,MEDIUM,BRONXWORKS E. ROBERTS MOORE OAC,BRONXWORKS INC,7,515 Jackson Avenue,Bronx,10455,718-665-5559,Senior Center (DFTA),C1102,,,,press@bronxworks.org,https://bronxworks.org,Sponsor: BRONXWORKS INC | Hours: 08:00-04:00 Mon-Fri
270,MEDIUM,BRONXWORKS EAST CONCOURSE (MY SPOT/MI RINCON OAC),BRONXWORKS INC,7,236 East Tremont Avenue,Bronx,10457,718-731-6300,Senior Center (DFTA),C1103,,,,press@bronxworks.org,https://bronxworks.org,Sponsor: BRONXWORKS INC | Hours: 08:00-04:00 Mon-Fri
271,MEDIUM,BRONXWORKS HEIGHTS SC,BRONXWORKS INC,7,200 West Tremont Avenue,Bronx,10453,718-299-0300,Senior Center (DFTA),C1104,,,,press@bronxworks.org,https://bronxworks.org,Sponsor: BRONXWORKS INC | Hours: 08:00-04:00 Mon-Fri
272,MEDIUM,BRONXWORKS MORRIS,BRONXWORKS INC,7,80 East 181st Street,Bronx,10453,718-933-5300,Senior Center (DFTA),C1106,,,,press@bronxworks.org,https://bronxworks.org,Sponsor: BRONXWORKS INC | Hours: 08:00-04:00 Mon-Fri
273,MEDIUM,BRONXWORKS SOUNDVIEW,BRONXWORKS INC,7,391 Bronx River Avenue,Bronx,10473,917-633-5951,Senior Center (DFTA),C1107,,,,press@bronxworks.org,https://bronxworks.org,Sponsor: BRONXWORKS INC | Hours: 08:00-04:00 Mon-Fri
274,MEDIUM,BRONXWORKS TWIN PARKS WEST,BRONXWORKS INC,7,355 EAST 183 Street,Bronx,10458,,Senior Center (DFTA),C1105,,,,press@bronxworks.org,https://bronxworks.org,Sponsor: BRONXWORKS INC | Hours: 08:00-04:00 Mon-Fri
275,MEDIUM,ARTURO SCHOMBURG,INSTITUTE FOR THE PUERTO RICAN HISPANIC ELDERLY INC,6,1315 Franklin Avenue,Bronx,10456,718-842-6880,Senior Center (DFTA),W1606,,,,,https://iprhe.org,Sponsor: INSTITUTE FOR THE PUERTO RICAN HISPANIC ELDERLY INC | Hours: 08:00-04:00 Mon-Fri
276,MEDIUM,BETANCES,INSTITUTE FOR THE PUERTO RICAN HISPANIC ELDERLY INC,6,401 St Anns Avenue,Bronx,10454,718-292-4922,Senior Center (DFTA),W1601,,,,,https://iprhe.org,Sponsor: INSTITUTE FOR THE PUERTO RICAN HISPANIC ELDERLY INC | Hours: 08:00-04:00 Mon-Fri
277,MEDIUM,BRONX RIVER,INSTITUTE FOR THE PUERTO RICAN HISPANIC ELDERLY INC,6,1619 East 174 Street,Bronx,10472,718-617-6334,Senior Center (DFTA),W1602,,,,,https://iprhe.org,Sponsor: INSTITUTE FOR THE PUERTO RICAN HISPANIC ELDERLY INC | Hours: 08:00-04:00 Mon-Fri
278,MEDIUM,JAMES MONROE,INSTITUTE FOR THE PUERTO RICAN HISPANIC ELDERLY INC,6,1780 Story Avenue,Bronx,10473,718-893-3484,Senior Center (DFTA),W1605,,,,,https://iprhe.org,Sponsor: INSTITUTE FOR THE PUERTO RICAN HISPANIC ELDERLY INC | Hours: 08:00-04:00 Mon-Fri
279,MEDIUM,SAGE BRONX CENTER AT CROTONA PRIDE HOUSE,SERVICES AND ADVOCACY FOR GAYLESBIANBISEXUAL AND TRANSGEND,4,1784 Prospect Avenue,Bronx,10457,929-458-2150,Senior Center (DFTA),C6901,,,,info@sageusa.org,https://www.sageusa.org,Sponsor: SERVICES AND ADVOCACY FOR GAYLESBIANBISEXUAL AND TRANSGEND | Hours: 08:00-04:00 Mon-Fri
280,MEDIUM,LEON OAC,THE NEIGHBORHOOD SELF-HELP BY OLDER PERSONS PROJECT INC,4,735 East 152nd Street,Bronx,10455,718-708-6897,Senior Center (DFTA),C8402,,,,,,Sponsor: THE NEIGHBORHOOD SELF-HELP BY OLDER PERSONS PROJECT INC | Hours: 08:30-04:30 Mon-Fri
281,MEDIUM,SHOPP CASA BORICUA,THE NEIGHBORHOOD SELF-HELP BY OLDER PERSONS PROJECT INC,4,910 East 172 Street 1 Floor,Bronx,10460,718-542-0222,Senior Center (DFTA),W2301,,,,,,Sponsor: THE NEIGHBORHOOD SELF-HELP BY OLDER PERSONS PROJECT INC | Hours: 09:00-05:00 Mon-Fri
282,MEDIUM,SHOPP SOUNDVIEW SOCIAL CLUB,THE NEIGHBORHOOD SELF-HELP BY OLDER PERSONS PROJECT INC,4,1674 Seward Avenue,Bronx,10473,929-263-1182,Senior Center (DFTA),W2302,,,,,,Sponsor: THE NEIGHBORHOOD SELF-HELP BY OLDER PERSONS PROJECT INC | Hours: 09:00-05:00 Mon-Fri
283,MEDIUM,THOMAS GUESS OAC,THE NEIGHBORHOOD SELF-HELP BY OLDER PERSONS PROJECT INC,4,2070 Clinton Avenue,Bronx,10457,718-584-2357,Senior Center (DFTA),C8401,,,,,,Sponsor: THE NEIGHBORHOOD SELF-HELP BY OLDER PERSONS PROJECT INC | Hours: 08:00-04:00 Mon-Fri
284,LOW,SISTER ANNUNCIATA BETHELL OAC,BEDFORD PARK MULTI-SERVICE CENTER FOR SENIOR CITIZENS INC,1,243 East 204th Street,Bronx,10458,718-365-3725,Senior Center (DFTA),C0701,,,,,,Sponsor: BEDFORD PARK MULTI-SERVICE CENTER FOR SENIOR CITIZENS INC | Hours: 08:30-04:30 Mon-Fri
285,LOW,BRONX HOUSE WEINBERG NEIGHBORHOOD SENIOR CENTER,BRONX HOUSE INC,1,990 Pelham Parkway South,Bronx,10461,718-792-1800,Senior Center (DFTA),C1001,,,,,,Sponsor: BRONX HOUSE INC | Hours: 08:30-04:30 Mon-Fri
286,LOW,MMCC-CDC OLDER ADULT CENTER MAIN BUILDING,CHILD DEVELOPMENT CENTER OF THE MOSHOLU-MONTEFIORE COMMMUNIT,2,3450 Dekalb Avenue,Bronx,10467,718-798-6601,Senior Center (DFTA),C2002,,,,,,Sponsor: CHILD DEVELOPMENT CENTER OF THE MOSHOLU-MONTEFIORE COMMMUNIT | Hours: 08:30-04:30 Mon-Fri
287,LOW,MMCC-CDC OLDER ADULT CENTER MARBLE HILL,CHILD DEVELOPMENT CENTER OF THE MOSHOLU-MONTEFIORE COMMMUNIT,2,5365 Broadway,Bronx,10463,718-562-8551,Senior Center (DFTA),C2003,,,,,,Sponsor: CHILD DEVELOPMENT CENTER OF THE MOSHOLU-MONTEFIORE COMMMUNIT | Hours: 08:30-04:30 Mon-Fri
288,LOW,EAST SIDE HOUSE BORINQUEN COURT MITCHEL OAC,EAST SIDE HOUSE INC,3,295 East 138 Street,Bronx,10454,718-665-2168,Senior Center (DFTA),C3101,,,,info@eastsidehouse.org,https://www.eastsidehouse.org,Sponsor: EAST SIDE HOUSE INC | Hours: 08:30-04:30 Mon-Fri
289,LOW,EAST SIDE HOUSE MELROSE OLDER ADULT CENTER,EAST SIDE HOUSE INC,3,372 E152 Street,Bronx,10455,718-665-2280,Senior Center (DFTA),C3102,,,,info@eastsidehouse.org,https://www.eastsidehouse.org,Sponsor: EAST SIDE HOUSE INC | Hours: 08:00-04:00 Mon-Fri
290,LOW,PATTERSON OLDER ADULT CENTERS,EAST SIDE HOUSE INC,3,308 E 145 Street,Bronx,10451,718-993-5146,Senior Center (DFTA),C3103,,,,info@eastsidehouse.org,https://www.eastsidehouse.org,Sponsor: EAST SIDE HOUSE INC | Hours: 08:30-04:30 Mon-Fri
291,LOW,HOPE OF ISRAEL SENIOR CITIZENS CENTER,HOPE OF ISRAEL SENIOR CITIZENS CENTER INC,1,1068 Gerard Avenue,Bronx,10452,718-665-8400,Senior Center (DFTA),C4301,,,,,,Sponsor: HOPE OF ISRAEL SENIOR CITIZENS CENTER INC | Hours: 09:00-05:00 Mon-Fri
292,LOW,KIPS BAY CASTLE HILL OAC,KIPS BAY BOYS AND GIRLS CLUB,1,625 Castle Hill Avenue,Bronx,10473,718-319-9156,Senior Center (DFTA),C4801,,,,,,Sponsor: KIPS BAY BOYS AND GIRLS CLUB | Hours: 08:00-04:00 Mon-Fri
293,LOW,MBSCC CONCOURSE PLAZA WELLNESS CENTER FOR OLDER ADULTS,MID BRONX SENIOR CITIZENS COUNCIL INC,1,900 Grand Concourse,Bronx,10451,718-588-8200,Senior Center (DFTA),C5001,,,,,,Sponsor: MID BRONX SENIOR CITIZENS COUNCIL INC | Hours: 09:00-07:00 Mon-Fri
294,LOW,NORTHEAST BRONX,NORTHEAST BRONX SENIOR CITIZENS INC,1,2968 Bruckner Blvd,Bronx,10465,718-892-6090,Senior Center (DFTA),C5201,,,,,,Sponsor: NORTHEAST BRONX SENIOR CITIZENS INC | Hours: 08:00-04:00 Mon-Fri
295,LOW,RSS CENTER FOR AGELESS LIVING,RIVERDALE SENIOR SERVICES INC,1,2600 Netherland Avenue,Bronx,10463,718-884-5900,Senior Center (DFTA),C6101,,,,,,Sponsor: RIVERDALE SENIOR SERVICES INC | Hours: 08:00-05:00 Mon-Fri
296,LOW,SEBCO SENIOR CENTER,SEBCO DEVELOPMENT INC,1,887 Southern Boulevard,Bronx,10459,718-617-3465,Senior Center (DFTA),C6701,,,,,,Sponsor: SEBCO DEVELOPMENT INC | Hours: 08:00-04:00 Mon-Fri
297,LOW,MILL BROOK OAC,WEST SIDE FEDERATION FOR SENIOR AND SUPPORTIVE HOUSING INC,2,570 East 137th street,Bronx,10454,646-214-2450,Senior Center (DFTA),C9103,,,,info@wsfssh.org,https://wsfssh.org,Sponsor: WEST SIDE FEDERATION FOR SENIOR AND SUPPORTIVE HOUSING INC | Hours: 08:30-04:00 Mon-Fri
298,LOW,WILLIAM HODSON OLDER ADULT CENTER,WILLIAM HODSON COMMUNITY CENTER INC,1,1320 Webster Avenue,Bronx,10456,718-538-1515,Senior Center (DFTA),C9201,,,,,,Sponsor: WILLIAM HODSON COMMUNITY CENTER INC | Hours: 08:00-04:00 Mon-Fri
299,LOW,NEW BEGINNINGS (RIVERDALE Y),YM YWHA OF THE BRONX dba RIVERDALE YM YWHA,1,5625 Arlington Avenue,Bronx,10471,718-548-8200,Senior Center (DFTA),C9701,,,,,,Sponsor: YM YWHA OF THE BRONX dba RIVERDALE YM YWHA | Hours: 08:00-05:00 Mon-Fri
300,LOW,YMCA - GLEBE OLDER ADULT COMMUNITY HUB,YMCA OF GREATER NEW YORK,2,2125 Glebe Avenue,Bronx,10462,212-912-2490,Senior Center (DFTA),C9301,,,,info@ymcanyc.org,https://ymcanyc.org,Sponsor: YMCA OF GREATER NEW YORK | Hours: 08:00-04:00 Mon-Fri
301,MEDIUM,ARROCHAR,STATEN ISLAND COMMUNITY SERVICES FRIENDSHIP CLUBS INC,5,44 Bionia Avenue,Staten Island,10305,718-698-7979,Senior Center (DFTA),C7702,,,,,,Sponsor: STATEN ISLAND COMMUNITY SERVICES FRIENDSHIP CLUBS INC | Hours: 08:00-04:00 Mon-Fri
302,MEDIUM,GREAT KILLS OAC,STATEN ISLAND COMMUNITY SERVICES FRIENDSHIP CLUBS INC,5,11 Sampson Avenue,Staten Island,10308,718-356-5050,Senior Center (DFTA),C7701,,,,,,Sponsor: STATEN ISLAND COMMUNITY SERVICES FRIENDSHIP CLUBS INC | Hours: 08:00-04:00 Mon-Fri
303,MEDIUM,MOUNT LORETTO OAC,STATEN ISLAND COMMUNITY SERVICES FRIENDSHIP CLUBS INC,5,6581 Hylan Boulevard,Staten Island,10309,718-984-8589,Senior Center (DFTA),C7703,,,,,,Sponsor: STATEN ISLAND COMMUNITY SERVICES FRIENDSHIP CLUBS INC | Hours: 08:00-04:00 Mon-Fri
304,MEDIUM,NEW DORP BEACH OAC,STATEN ISLAND COMMUNITY SERVICES FRIENDSHIP CLUBS INC,5,128 Cedar Grove Avenue,Staten Island,10306,TBD,Senior Center (DFTA),C7704,,,,,,Sponsor: STATEN ISLAND COMMUNITY SERVICES FRIENDSHIP CLUBS INC | Hours: 09:00-05:00 Mon-Fri
305,MEDIUM,TODT HILL OAC,STATEN ISLAND COMMUNITY SERVICES FRIENDSHIP CLUBS INC,5,184 SCHMIDTS LANE,Staten Island,10314,718-698-7979,Senior Center (DFTA),C7705,,,,,,Sponsor: STATEN ISLAND COMMUNITY SERVICES FRIENDSHIP CLUBS INC | Hours: 08:00-04:00 Mon-Fri
306,LOW,ANDERSON NEIGHBORHOOD SENIOR CENTER,CATHOLIC CHARITIES OF STATEN ISLAND INC.,2,120 Anderson Avenue,Staten Island,10302,718-448-5757,Senior Center (DFTA),C1801,,,,,,Sponsor: CATHOLIC CHARITIES OF STATEN ISLAND INC. | Hours: 07:00-03:00 Mon-Fri
307,LOW,WEST BRIGHTON NEIGHBORHOOD SENIOR CENTER,CATHOLIC CHARITIES OF STATEN ISLAND INC.,2,230 Broadway,Staten Island,10310,718-727-9793,Senior Center (DFTA),C1802,,,,,,Sponsor: CATHOLIC CHARITIES OF STATEN ISLAND INC. | Hours: 08:00-04:00 Mon-Fri
308,LOW,CASC CASSIDY COLES NSC,COMMUNITY AGENCY FOR SENIOR CITIZENS INC,2,125 Cassidy Place,Staten Island,10301,718-273-6808,Senior Center (DFTA),C2201,,,,,,Sponsor: COMMUNITY AGENCY FOR SENIOR CITIZENS INC | Hours: 08:00-04:00 Mon-Fri
309,LOW,CASC NEW LANE NSC,COMMUNITY AGENCY FOR SENIOR CITIZENS INC,2,70 New Lane,Staten Island,10301,718-448-5936,Senior Center (DFTA),C2202,,,,,,Sponsor: COMMUNITY AGENCY FOR SENIOR CITIZENS INC | Hours: 08:00-04:00 Mon-Fri
310,LOW,AVIS SOUTH SHORE OAC,JEWISH COMMUNITY CENTER OF STATEN ISLAND INC,3,1297 Arthur Kill Road,Staten Island,10312,718-475-5283,Senior Center (DFTA),W1702,,,,,,Sponsor: JEWISH COMMUNITY CENTER OF STATEN ISLAND INC | Hours: 08:00-04:00 Mon-Fri
311,LOW,BERNIKOW OAC,JEWISH COMMUNITY CENTER OF STATEN ISLAND INC,3,1466 Manor Road,Staten Island,10314,718-475-5284,Senior Center (DFTA),W1701,,,,,,Sponsor: JEWISH COMMUNITY CENTER OF STATEN ISLAND INC | Hours: 09:00-05:00 Mon-Fri
312,LOW,STAPELTON OAC,JEWISH COMMUNITY CENTER OF STATEN ISLAND INC,3,189 Gordon Street,Staten Island,10304,718-981-8828,Senior Center (DFTA),W1703,,,,,,Sponsor: JEWISH COMMUNITY CENTER OF STATEN ISLAND INC | Hours: 08:00-04:00 Mon-Fri
