venue,sponsor,address,borough,zip,phone,type,dfta_id,status,date_contacted,booking_contact,email,notes
ARTURO SCHOMBURG,INSTITUTE FOR THE PUERTO RICAN HISPANIC ELDERLY INC,1315 Franklin Avenue,Bronx,10456,718-842-6880,Senior Center (DFTA),W1606,,,,,Sponsor: INSTITUTE FOR THE PUERTO RICAN HISPANIC ELDERLY INC | Hours: 08:00-04:00 Mon-Fri
BETANCES,INSTITUTE FOR THE PUERTO RICAN HISPANIC ELDERLY INC,401 St Anns Avenue,Bronx,10454,718-292-4922,Senior Center (DFTA),W1601,,,,,Sponsor: INSTITUTE FOR THE PUERTO RICAN HISPANIC ELDERLY INC | Hours: 08:00-04:00 Mon-Fri
BRONX HOUSE WEINBERG NEIGHBORHOOD SENIOR CENTER,BRONX HOUSE INC,990 Pelham Parkway South,Bronx,10461,718-792-1800,Senior Center (DFTA),C1001,,,,,Sponsor: BRONX HOUSE INC | Hours: 08:30-04:30 Mon-Fri
BRONX RIVER,INSTITUTE FOR THE PUERTO RICAN HISPANIC ELDERLY INC,1619 East 174 Street,Bronx,10472,718-617-6334,Senior Center (DFTA),W1602,,,,,Sponsor: INSTITUTE FOR THE PUERTO RICAN HISPANIC ELDERLY INC | Hours: 08:00-04:00 Mon-Fri
BRONXWORKS CAROLYN MCLAUGHLIN COMMUNITY CENTER -CONCOURSE OAC,BRONXWORKS INC,1130 Grand Concourse,Bronx,10455,718-508-3040,Senior Center (DFTA),C1101,,,,,Sponsor: BRONXWORKS INC | Hours: 09:00-05:00 Mon-Fri
BRONXWORKS E. ROBERTS MOORE OAC,BRONXWORKS INC,515 Jackson Avenue,Bronx,10455,718-665-5559,Senior Center (DFTA),C1102,,,,,Sponsor: BRONXWORKS INC | Hours: 08:00-04:00 Mon-Fri
BRONXWORKS EAST CONCOURSE (MY SPOT/MI RINCON OAC),BRONXWORKS INC,236 East Tremont Avenue,Bronx,10457,718-731-6300,Senior Center (DFTA),C1103,,,,,Sponsor: BRONXWORKS INC | Hours: 08:00-04:00 Mon-Fri
BRONXWORKS HEIGHTS SC,BRONXWORKS INC,200 West Tremont Avenue,Bronx,10453,718-299-0300,Senior Center (DFTA),C1104,,,,,Sponsor: BRONXWORKS INC | Hours: 08:00-04:00 Mon-Fri
BRONXWORKS MORRIS,BRONXWORKS INC,80 East 181st Street,Bronx,10453,718-933-5300,Senior Center (DFTA),C1106,,,,,Sponsor: BRONXWORKS INC | Hours: 08:00-04:00 Mon-Fri
BRONXWORKS SOUNDVIEW,BRONXWORKS INC,391 Bronx River Avenue,Bronx,10473,917-633-5951,Senior Center (DFTA),C1107,,,,,Sponsor: BRONXWORKS INC | Hours: 08:00-04:00 Mon-Fri
BRONXWORKS TWIN PARKS WEST,BRONXWORKS INC,355 EAST 183 Street,Bronx,10458,,Senior Center (DFTA),C1105,,,,,Sponsor: BRONXWORKS INC | Hours: 08:00-04:00 Mon-Fri
EAST SIDE HOUSE BORINQUEN COURT MITCHEL OAC,EAST SIDE HOUSE INC,295 East 138 Street,Bronx,10454,718-665-2168,Senior Center (DFTA),C3101,,,,,Sponsor: EAST SIDE HOUSE INC | Hours: 08:30-04:30 Mon-Fri
EAST SIDE HOUSE MELROSE OLDER ADULT CENTER,EAST SIDE HOUSE INC,372 E152 Street,Bronx,10455,718-665-2280,Senior Center (DFTA),C3102,,,,,Sponsor: EAST SIDE HOUSE INC | Hours: 08:00-04:00 Mon-Fri
HOPE OF ISRAEL SENIOR CITIZENS CENTER,HOPE OF ISRAEL SENIOR CITIZENS CENTER INC,1068 Gerard Avenue,Bronx,10452,718-665-8400,Senior Center (DFTA),C4301,,,,,Sponsor: HOPE OF ISRAEL SENIOR CITIZENS CENTER INC | Hours: 09:00-05:00 Mon-Fri
JAMES MONROE,INSTITUTE FOR THE PUERTO RICAN HISPANIC ELDERLY INC,1780 Story Avenue,Bronx,10473,718-893-3484,Senior Center (DFTA),W1605,,,,,Sponsor: INSTITUTE FOR THE PUERTO RICAN HISPANIC ELDERLY INC | Hours: 08:00-04:00 Mon-Fri
JASA BARTOW (COOP CITY NSC),THE JEWISH ASSOCIATION FOR SERVICES FOR THE AGED,2049 Bartow Avenue,Bronx,10475,718-320-2066,Senior Center (DFTA),W2201,,,,,Sponsor: THE JEWISH ASSOCIATION FOR SERVICES FOR THE AGED | Hours: 10:00-06:00 Mon-Fri
JASA BAY EDEN OLDER ADULT CENTER,THE JEWISH ASSOCIATION FOR SERVICES FOR THE AGED,1220 East 229th Street,Bronx,10466,718-882-3815,Senior Center (DFTA),C8302,,,,,Sponsor: THE JEWISH ASSOCIATION FOR SERVICES FOR THE AGED | Hours: 08:00-04:00 Mon-Fri
JASA DREISER,THE JEWISH ASSOCIATION FOR SERVICES FOR THE AGED,177 Dreiser Loop 2nd Flr.,Bronx,10475,718-320-1345,Senior Center (DFTA),W2202,,,,,Sponsor: THE JEWISH ASSOCIATION FOR SERVICES FOR THE AGED | Hours: 08:00-04:00 Mon-Fri
JASA EINSTEIN,THE JEWISH ASSOCIATION FOR SERVICES FOR THE AGED,135 EINSTEIN LOOP,Bronx,10475,718-320-2066,Senior Center (DFTA),W2203,,,,,Sponsor: THE JEWISH ASSOCIATION FOR SERVICES FOR THE AGED | Hours: 08:00-04:00 Mon-Fri
JASA SUE GINSBURG,THE JEWISH ASSOCIATION FOR SERVICES FOR THE AGED,975 Waring Avenue,Bronx,10469,718-881-1758,Senior Center (DFTA),C8303,,,,,Sponsor: THE JEWISH ASSOCIATION FOR SERVICES FOR THE AGED | Hours: 08:00-04:00 Mon-Fri
JASA THROGGS NECK OLDER ADULT CENTER,THE JEWISH ASSOCIATION FOR SERVICES FOR THE AGED,2705 Schley Avenue,Bronx,10465,718-823-1771,Senior Center (DFTA),C8309,,,,,Sponsor: THE JEWISH ASSOCIATION FOR SERVICES FOR THE AGED | Hours: 07:00-03:00 Mon-Fri
JASA VAN CORTLANDT OLDER ADULT CENTER,THE JEWISH ASSOCIATION FOR SERVICES FOR THE AGED,185 W. 231st Street,Bronx,10463,718-549-4700,Senior Center (DFTA),C8310,,,,,Sponsor: THE JEWISH ASSOCIATION FOR SERVICES FOR THE AGED | Hours: 09:00-05:00 Mon-Fri
KIPS BAY CASTLE HILL OAC,KIPS BAY BOYS AND GIRLS CLUB,625 Castle Hill Avenue,Bronx,10473,718-319-9156,Senior Center (DFTA),C4801,,,,,Sponsor: KIPS BAY BOYS AND GIRLS CLUB | Hours: 08:00-04:00 Mon-Fri
LEON OAC,THE NEIGHBORHOOD SELF-HELP BY OLDER PERSONS PROJECT INC,735 East 152nd Street,Bronx,10455,718-708-6897,Senior Center (DFTA),C8402,,,,,Sponsor: THE NEIGHBORHOOD SELF-HELP BY OLDER PERSONS PROJECT INC | Hours: 08:30-04:30 Mon-Fri
MBSCC CONCOURSE PLAZA WELLNESS CENTER FOR OLDER ADULTS,MID BRONX SENIOR CITIZENS COUNCIL INC,900 Grand Concourse,Bronx,10451,718-588-8200,Senior Center (DFTA),C5001,,,,,Sponsor: MID BRONX SENIOR CITIZENS COUNCIL INC | Hours: 09:00-07:00 Mon-Fri
MILL BROOK OAC,WEST SIDE FEDERATION FOR SENIOR AND SUPPORTIVE HOUSING INC,570 East 137th street,Bronx,10454,646-214-2450,Senior Center (DFTA),C9103,,,,,Sponsor: WEST SIDE FEDERATION FOR SENIOR AND SUPPORTIVE HOUSING INC | Hours: 08:30-04:00 Mon-Fri
MMCC-CDC OLDER ADULT CENTER MAIN BUILDING,CHILD DEVELOPMENT CENTER OF THE MOSHOLU-MONTEFIORE COMMMUNIT,3450 Dekalb Avenue,Bronx,10467,718-798-6601,Senior Center (DFTA),C2002,,,,,Sponsor: CHILD DEVELOPMENT CENTER OF THE MOSHOLU-MONTEFIORE COMMMUNIT | Hours: 08:30-04:30 Mon-Fri
MMCC-CDC OLDER ADULT CENTER MARBLE HILL,CHILD DEVELOPMENT CENTER OF THE MOSHOLU-MONTEFIORE COMMMUNIT,5365 Broadway,Bronx,10463,718-562-8551,Senior Center (DFTA),C2003,,,,,Sponsor: CHILD DEVELOPMENT CENTER OF THE MOSHOLU-MONTEFIORE COMMMUNIT | Hours: 08:30-04:30 Mon-Fri
NEW BEGINNINGS (RIVERDALE Y),YM YWHA OF THE BRONX dba RIVERDALE YM YWHA,5625 Arlington Avenue,Bronx,10471,718-548-8200,Senior Center (DFTA),C9701,,,,,Sponsor: YM YWHA OF THE BRONX dba RIVERDALE YM YWHA | Hours: 08:00-05:00 Mon-Fri
NORTHEAST BRONX,NORTHEAST BRONX SENIOR CITIZENS INC,2968 Bruckner Blvd,Bronx,10465,718-892-6090,Senior Center (DFTA),C5201,,,,,Sponsor: NORTHEAST BRONX SENIOR CITIZENS INC | Hours: 08:00-04:00 Mon-Fri
PATTERSON OLDER ADULT CENTERS,EAST SIDE HOUSE INC,308 E 145 Street,Bronx,10451,718-993-5146,Senior Center (DFTA),C3103,,,,,Sponsor: EAST SIDE HOUSE INC | Hours: 08:30-04:30 Mon-Fri
PSS ANDREW JACKSON,PRESBYTERIAN SENIOR SERVICES,325 East 156th Street,Bronx,10451,718-585-1640,Senior Center (DFTA),W1903,,,,,Sponsor: PRESBYTERIAN SENIOR SERVICES | Hours: 08:00-04:00 Mon-Fri
PSS CITY ISLAND,PRESBYTERIAN SENIOR SERVICES,116 City Island Avenue,Bronx,10464,718-885-0727,Senior Center (DFTA),W1910,,,,,Sponsor: PRESBYTERIAN SENIOR SERVICES | Hours: 08:00-03:00 Mon-Fri
PSS DAVIDSON,PRESBYTERIAN SENIOR SERVICES,950 Union Avenue,Bronx,10459,718-328-2811,Senior Center (DFTA),W1902,,,,,Sponsor: PRESBYTERIAN SENIOR SERVICES | Hours: 08:00-04:00 Mon-Fri
PSS HIGHBRIDGE,PRESBYTERIAN SENIOR SERVICES,1181 Nelson Avenue,Bronx,10452,718-588-3004,Senior Center (DFTA),W1908,,,,,Sponsor: PRESBYTERIAN SENIOR SERVICES | Hours: 08:00-04:00 Mon-Fri
PSS HIGHBRIDGE GARDENS,PRESBYTERIAN SENIOR SERVICES,1145 University Avenue,Bronx,10452,347-918-9185,Senior Center (DFTA),W1909,,,,,Sponsor: PRESBYTERIAN SENIOR SERVICES | Hours: 08:00-04:00 Mon-Fri
PSS MORRISANIA AIR RIGHTS,PRESBYTERIAN SENIOR SERVICES,3135 Park Avenue,Bronx,10451,718-992-2528,Senior Center (DFTA),W1904,,,,,Sponsor: PRESBYTERIAN SENIOR SERVICES | Hours: 08:00-04:00 Mon-Fri
PSS PARKSIDE,PRESBYTERIAN SENIOR SERVICES,644 Adee Avenue,Bronx,10467,718-881-7780,Senior Center (DFTA),W1901,,,,,Sponsor: PRESBYTERIAN SENIOR SERVICES | Hours: 08:00-04:00 Mon-Fri
RAIN BOSTON EAST OAC,REGIONAL AID FOR INTERIM NEEDS INC,3450 Boston Road,Bronx,10469,718-654-9200,Senior Center (DFTA),C5801,,,,,Sponsor: REGIONAL AID FOR INTERIM NEEDS INC | Hours: 08:00-06:00 Mon-Fri
RAIN BOSTON ROAD OAC,REGIONAL AID FOR INTERIM NEEDS INC,2424 Boston Road,Bronx,10467,718547-8827,Senior Center (DFTA),C5802,,,,,Sponsor: REGIONAL AID FOR INTERIM NEEDS INC | Hours: 08:00-04:00 Mon-Fri
RAIN BOSTON SECOR OAC,REGIONAL AID FOR INTERIM NEEDS INC,3540 Bivona Street,Bronx,10475,718-671-8550,Senior Center (DFTA),C5803,,,,,Sponsor: REGIONAL AID FOR INTERIM NEEDS INC | Hours: 08:00-04:00 Mon-Fri
RAIN EASTCHESTER LATIN SOUL CAFÉ OAC,REGIONAL AID FOR INTERIM NEEDS INC,1246 Burke Avenue,Bronx,10469,718-882-8513,Senior Center (DFTA),C5804,,,,,Sponsor: REGIONAL AID FOR INTERIM NEEDS INC | Hours: 08:00-04:00 Mon-Fri
RAIN GUNHILL OAC,REGIONAL AID FOR INTERIM NEEDS INC,3377 White Plains Road,Bronx,10462,718-881-5589,Senior Center (DFTA),C5805,,,,,Sponsor: REGIONAL AID FOR INTERIM NEEDS INC | Hours: 08:00-04:00 Mon-Fri
RAIN MIDDLETOWN OAC,REGIONAL AID FOR INTERIM NEEDS INC,3035 Middletown Road,Bronx,10461,718-822-0486,Senior Center (DFTA),C5807,,,,,Sponsor: REGIONAL AID FOR INTERIM NEEDS INC | Hours: 08:00-04:00 Mon-Fri
RAIN MT. CARMEL OAC,REGIONAL AID FOR INTERIM NEEDS INC,2405 Southern Boulevard,Bronx,10462,718-733-8852,Senior Center (DFTA),C5808,,,,,Sponsor: REGIONAL AID FOR INTERIM NEEDS INC | Hours: 08:00-04:00 Mon-Fri
RAIN NEREID OAC,REGIONAL AID FOR INTERIM NEEDS INC,720 Nereid Avenue,Bronx,10466,718-994-0132,Senior Center (DFTA),C5809,,,,,Sponsor: REGIONAL AID FOR INTERIM NEEDS INC | Hours: 08:00-04:00 Mon-Fri
RAIN PARKCHESTER OAC,REGIONAL AID FOR INTERIM NEEDS INC,1380 Metropolitan Avenue,Bronx,10462,718-597-9220,Senior Center (DFTA),C5810,,,,,Sponsor: REGIONAL AID FOR INTERIM NEEDS INC | Hours: 08:00-04:00 Mon-Fri
RSS CENTER FOR AGELESS LIVING,RIVERDALE SENIOR SERVICES INC,2600 Netherland Avenue,Bronx,10463,718-884-5900,Senior Center (DFTA),C6101,,,,,Sponsor: RIVERDALE SENIOR SERVICES INC | Hours: 08:00-05:00 Mon-Fri
SAGE BRONX CENTER AT CROTONA PRIDE HOUSE,SERVICES AND ADVOCACY FOR GAYLESBIANBISEXUAL AND TRANSGEND,1784 Prospect Avenue,Bronx,10457,929-458-2150,Senior Center (DFTA),C6901,,,,,Sponsor: SERVICES AND ADVOCACY FOR GAYLESBIANBISEXUAL AND TRANSGEND | Hours: 08:00-04:00 Mon-Fri
SEBCO SENIOR CENTER,SEBCO DEVELOPMENT INC,887 Southern Boulevard,Bronx,10459,718-617-3465,Senior Center (DFTA),C6701,,,,,Sponsor: SEBCO DEVELOPMENT INC | Hours: 08:00-04:00 Mon-Fri
SHOPP CASA BORICUA,THE NEIGHBORHOOD SELF-HELP BY OLDER PERSONS PROJECT INC,910 East 172 Street 1 Floor,Bronx,10460,718-542-0222,Senior Center (DFTA),W2301,,,,,Sponsor: THE NEIGHBORHOOD SELF-HELP BY OLDER PERSONS PROJECT INC | Hours: 09:00-05:00 Mon-Fri
SHOPP SOUNDVIEW SOCIAL CLUB,THE NEIGHBORHOOD SELF-HELP BY OLDER PERSONS PROJECT INC,1674 Seward Avenue,Bronx,10473,929-263-1182,Senior Center (DFTA),W2302,,,,,Sponsor: THE NEIGHBORHOOD SELF-HELP BY OLDER PERSONS PROJECT INC | Hours: 09:00-05:00 Mon-Fri
SISTER ANNUNCIATA BETHELL OAC,BEDFORD PARK MULTI-SERVICE CENTER FOR SENIOR CITIZENS INC,243 East 204th Street,Bronx,10458,718-365-3725,Senior Center (DFTA),C0701,,,,,Sponsor: BEDFORD PARK MULTI-SERVICE CENTER FOR SENIOR CITIZENS INC | Hours: 08:30-04:30 Mon-Fri
THOMAS GUESS OAC,THE NEIGHBORHOOD SELF-HELP BY OLDER PERSONS PROJECT INC,2070 Clinton Avenue,Bronx,10457,718-584-2357,Senior Center (DFTA),C8401,,,,,Sponsor: THE NEIGHBORHOOD SELF-HELP BY OLDER PERSONS PROJECT INC | Hours: 08:00-04:00 Mon-Fri
WILLIAM HODSON OLDER ADULT CENTER,WILLIAM HODSON COMMUNITY CENTER INC,1320 Webster Avenue,Bronx,10456,718-538-1515,Senior Center (DFTA),C9201,,,,,Sponsor: WILLIAM HODSON COMMUNITY CENTER INC | Hours: 08:00-04:00 Mon-Fri
YMCA - GLEBE OLDER ADULT COMMUNITY HUB,YMCA OF GREATER NEW YORK,2125 Glebe Avenue,Bronx,10462,212-912-2490,Senior Center (DFTA),C9301,,,,,Sponsor: YMCA OF GREATER NEW YORK | Hours: 08:00-04:00 Mon-Fri
AGUDATH ISRAEL BROOKDALE SENIOR CENTER,AGUDATH ISRAEL OF AMERICA COMMUNITY SERVICES INC,817 Avenue H,Brooklyn,11230,718-434-8670,Senior Center (DFTA),C0101,,,,,Sponsor: AGUDATH ISRAEL OF AMERICA COMMUNITY SERVICES INC | Hours: 08:00-04:00 Mon-Fri
AGUDATH ISRAEL OF AMERICA BORO PARK SENIOR CITIZENS CENTER,AGUDATH ISRAEL OF AMERICA COMMUNITY SERVICES INC,1021 38th Street,Brooklyn,11219,718-854-7430,Senior Center (DFTA),C0103,,,,,Sponsor: AGUDATH ISRAEL OF AMERICA COMMUNITY SERVICES INC | Hours: 08:00-04:00 Mon-Fri
ALBANY OAC,FORT GREENE COUNCIL,196 Albany Avenue,Brooklyn,11213,718-773-2600,Senior Center (DFTA),C3506,,,,,Sponsor: FORT GREENE COUNCIL | Hours: 09:00-05:00 Mon-Fri
AMICO 59TH ST SENIOR CITIZEN CTR,AMERICAN ITALIAN COALITION OF ORGANIZATIONS INC AMICO,5901 13th Avenue,Brooklyn,11219,718-972-1558,Senior Center (DFTA),C0401,,,,,Sponsor: AMERICAN ITALIAN COALITION OF ORGANIZATIONS INC AMICO | Hours: 10:00-06:00 Mon-Fri
BAY RIDGE CTR FOR HEALTH AND WELLNESS,BAY RIDGE CENTER INC d/b/a BAY RIDGE CENTER,15 Bay Ridge Avenue,Brooklyn,11209,718-748-0650,Senior Center (DFTA),W1202,,,,,Sponsor: BAY RIDGE CENTER INC d/b/a BAY RIDGE CENTER | Hours: 09:00-05:00 Mon-Fri
BAY RIDGE CTR FOR LIFE LONG LEARNING,BAY RIDGE CENTER INC d/b/a BAY RIDGE CENTER,15 Bay Ridge Avenue,Brooklyn,11209,718-748-0650,Senior Center (DFTA),W1201,,,,,Sponsor: BAY RIDGE CENTER INC d/b/a BAY RIDGE CENTER | Hours: 08:00-04:00 Mon-Fri
BCA 6TH AVENUE OLDER ADULT CENTER,BROOKLYN CHINESE-AMERICAN ASSOCIATION INC,545 60th Street,Brooklyn,11200,718-567-9311,Senior Center (DFTA),C1203,,,,,Sponsor: BROOKLYN CHINESE-AMERICAN ASSOCIATION INC | Hours: 09:00-05:00 Mon-Fri
BCA BENSONHURST OLDER ADULT CENTER,BROOKLYN CHINESE-AMERICAN ASSOCIATION INC,6409 20th Avenue,Brooklyn,11204,718-331-3088,Senior Center (DFTA),C1201,,,,,Sponsor: BROOKLYN CHINESE-AMERICAN ASSOCIATION INC | Hours: 08:30-04:30 Mon-Fri
BCA DYKER HEIGHTS OLDER ADULT CENTER,BROOKLYN CHINESE-AMERICAN ASSOCIATION INC,7201 8th Avenue,Brooklyn,11228,718-622-3333,Senior Center (DFTA),C1202,,,,,Sponsor: BROOKLYN CHINESE-AMERICAN ASSOCIATION INC | Hours: 09:00-05:00 Mon-Fri
BENSONHURST SENIOR CENTER,EDITH AND CARL MARKS JEWISH COMMUNITY HOUSE OF BENSONHURST,7802 Bay Parkway,Brooklyn,11214,718-331-6800,Senior Center (DFTA),C3201,,,,,Sponsor: EDITH AND CARL MARKS JEWISH COMMUNITY HOUSE OF BENSONHURST | Hours: 08:00-04:00 Mon-Fri
BERGEN BASIN ABE STARK OLDER ADULT CENTER,BERGEN BASIN COMMUNITY DEVELOPMENT CORPORATION DBA MILLENNIU,103-15 Farragut Road,Brooklyn,11236,718-272-9515,Senior Center (DFTA),C0801,,,,,Sponsor: BERGEN BASIN COMMUNITY DEVELOPMENT CORPORATION DBA MILLENNIU | Hours: 08:00-04:00 Mon-Fri
BERGEN BASIN INDEPENDENCE OLDER ADULT CENTER,BERGEN BASIN COMMUNITY DEVELOPMENT CORPORATION DBA MILLENNIU,114 Taylor Street,Brooklyn,11249,718-388-9242,Senior Center (DFTA),C0802,,,,,Sponsor: BERGEN BASIN COMMUNITY DEVELOPMENT CORPORATION DBA MILLENNIU | Hours: 09:00-05:00 Mon-Fri
BERGEN BASIN MARINE PARK OLDER ADULT CENTER,BERGEN BASIN COMMUNITY DEVELOPMENT CORPORATION DBA MILLENNIU,3000 Fillmore Avenue,Brooklyn,11234,718-336-0275,Senior Center (DFTA),C0803,,,,,Sponsor: BERGEN BASIN COMMUNITY DEVELOPMENT CORPORATION DBA MILLENNIU | Hours: 09:00-05:00 Mon-Fri
BERGEN BASIN MIDWOOD OLDER ADULT CENTER,BERGEN BASIN COMMUNITY DEVELOPMENT CORPORATION DBA MILLENNIU,2164 Ralph Avenue,Brooklyn,11234,718-253-5557,Senior Center (DFTA),C0804,,,,,Sponsor: BERGEN BASIN COMMUNITY DEVELOPMENT CORPORATION DBA MILLENNIU | Hours: 09:00-05:00 Mon-Fri
BERGEN BASIN MILL BASIN OLDER ADULT CENTER,BERGEN BASIN COMMUNITY DEVELOPMENT CORPORATION DBA MILLENNIU,2075 East 68th Street,Brooklyn,11234,718-444-3850,Senior Center (DFTA),C0805,,,,,Sponsor: BERGEN BASIN COMMUNITY DEVELOPMENT CORPORATION DBA MILLENNIU | Hours: 09:00-05:00 Mon-Fri
BERGEN BASIN PENN WORTMAN OLDER ADULT CENTER,BERGEN BASIN COMMUNITY DEVELOPMENT CORPORATION DBA MILLENNIU,530 Stanley Avenue,Brooklyn,11207,347-318-3770,Senior Center (DFTA),C0806,,,,,Sponsor: BERGEN BASIN COMMUNITY DEVELOPMENT CORPORATION DBA MILLENNIU | Hours: 09:00-05:00 Mon-Fri
BERGEN BASIN VANDALIA OLDER ADULT CENTER,BERGEN BASIN COMMUNITY DEVELOPMENT CORPORATION DBA MILLENNIU,47 Vandalia Avenue,Brooklyn,11239,718-272-3949,Senior Center (DFTA),C0807,,,,,Sponsor: BERGEN BASIN COMMUNITY DEVELOPMENT CORPORATION DBA MILLENNIU | Hours: 09:00-05:00 Mon-Fri
BORINQUEN PLAZA,RISEBORO COMMUNITY PARTNERSHIP INC,80 Seigel Street,Brooklyn,11206,718-782-6335,Senior Center (DFTA),W2001,,,,,Sponsor: RISEBORO COMMUNITY PARTNERSHIP INC | Hours: 08:00-04:00 Mon-Fri
BORO PARK Y OAC,YOUNG MENS AND YOUNG WOMENS HEBREW ASSOCIATION OF BORO PARK,4912 14th Avenue,Brooklyn,11219,718-435-3804,Senior Center (DFTA),C9601,,,,,Sponsor: YOUNG MENS AND YOUNG WOMENS HEBREW ASSOCIATION OF BORO PARK | Hours: 08:00-04:00 Mon-Fri
BREVOORT SENIOR CLUB,RISEBORO COMMUNITY PARTNERSHIP INC,280 Ralph Avenue,Brooklyn,11233,347-318-3383,Senior Center (DFTA),W2002,,,,,Sponsor: RISEBORO COMMUNITY PARTNERSHIP INC | Hours: 09:00-05:00 Mon-Fri
CCNS GLENWOOD OAC,CATHOLIC CHARITIES NEIGHBORHOOD SERVICES INC,5701 Avenue H,Brooklyn,11234,718-241-7711,Senior Center (DFTA),C1718,,,,,Sponsor: CATHOLIC CHARITIES NEIGHBORHOOD SERVICES INC | Hours: 08:00-04:00 Mon-Fri
CCNS NARROWS OAC,CATHOLIC CHARITIES NEIGHBORHOOD SERVICES INC,930 53rd Street,Brooklyn,11219,718-232-2311,Senior Center (DFTA),C1714,,,,,Sponsor: CATHOLIC CHARITIES NEIGHBORHOOD SERVICES INC | Hours: 08:00-04:00 Mon-Fri
CCNS NEW AGE OAC,CATHOLIC CHARITIES NEIGHBORHOOD SERVICES INC,54 MacDonough Street,Brooklyn,11216,718-771-7945,Senior Center (DFTA),C1713,,,,,Sponsor: CATHOLIC CHARITIES NEIGHBORHOOD SERVICES INC | Hours: 08:00-04:00 Mon-Fri
CCNS NORTHSIDE OAC,CATHOLIC CHARITIES NEIGHBORHOOD SERVICES INC,179 North 6th Street,Brooklyn,11211,718-387-2316,Senior Center (DFTA),C1710,,,,,Sponsor: CATHOLIC CHARITIES NEIGHBORHOOD SERVICES INC | Hours: 08:00-04:00 Mon-Fri
CCNS PETE MCGUINNESS OAC,CATHOLIC CHARITIES NEIGHBORHOOD SERVICES INC,715 Leonard Street,Brooklyn,11222,718-383-1940,Senior Center (DFTA),C1711,,,,,Sponsor: CATHOLIC CHARITIES NEIGHBORHOOD SERVICES INC | Hours: 08:00-04:00 Mon-Fri
CCNS RIVERWAY OAC,CATHOLIC CHARITIES NEIGHBORHOOD SERVICES INC,230 Riverdale Avenue,Brooklyn,11212,718-942-5345,Senior Center (DFTA),C1708,,,,,Sponsor: CATHOLIC CHARITIES NEIGHBORHOOD SERVICES INC | Hours: 08:30-04:30 Mon-Fri
CCNS ST. CHARLES JUBILEE OAC,CATHOLIC CHARITIES NEIGHBORHOOD SERVICES INC,55 Pierrepont Street,Brooklyn,11201,718-855-0326,Senior Center (DFTA),C1719,,,,,Sponsor: CATHOLIC CHARITIES NEIGHBORHOOD SERVICES INC | Hours: 09:00-05:00 Mon-Fri
CCNS ST. LOUIS OAC,CATHOLIC CHARITIES NEIGHBORHOOD SERVICES INC,230 Kingston Avenue,Brooklyn,11213,718-771-7945,Senior Center (DFTA),C1715,,,,,Sponsor: CATHOLIC CHARITIES NEIGHBORHOOD SERVICES INC | Hours: 08:00-04:00 Mon-Fri
CCNS THE BAY OAC,CATHOLIC CHARITIES NEIGHBORHOOD SERVICES INC,3643 Nostrand Avenue,Brooklyn,11229,718-648-2053,Senior Center (DFTA),C1706,,,,,Sponsor: CATHOLIC CHARITIES NEIGHBORHOOD SERVICES INC | Hours: 08:00-04:00 Mon-Fri
CCNS THE LODGE OAC,CATHOLIC CHARITIES NEIGHBORHOOD SERVICES INC,7711 18th Avenue,Brooklyn,11214,718-621-1081,Senior Center (DFTA),C1717,,,,,Sponsor: CATHOLIC CHARITIES NEIGHBORHOOD SERVICES INC | Hours: 07:00-03:00 Mon-Fri
CHRISTOPHER BLENMAN OAC,FORT GREENE COUNCIL,720 East New York Avenue,Brooklyn,11203,718-773-7400,Senior Center (DFTA),C3505,,,,,Sponsor: FORT GREENE COUNCIL | Hours: 09:00-05:00 Mon-Fri
CONGREGATION YETEV LEV --WILLIAMSBURG SATMAR,CONGREGATION YETEV LEV DSATMAR,125 Heyward Street,Brooklyn,11206,718-625-1608,Senior Center (DFTA),C2301,,,,,Sponsor: CONGREGATION YETEV LEV DSATMAR | Hours: 09:00-05:00 Mon-Fri
COPO,COUNCIL OF PEOPLES ORGANIZATION INC.,1081 Coney Island Avenue,Brooklyn,11230,718-434-3266,Senior Center (DFTA),2TT01,,,,,Sponsor: COUNCIL OF PEOPLES ORGANIZATION INC. | Hours: - Mon-Fri
COUNCIL CTR FOR SENIOR CITIZENS,BROOKLYN SECTION NATIONAL COUNCIL OF JEWISH WOMEN INC.,1001 Quentin road,Brooklyn,11223,718-627-7680,Senior Center (DFTA),C1301,,,,,Sponsor: BROOKLYN SECTION NATIONAL COUNCIL OF JEWISH WOMEN INC. | Hours: 09:00-05:00 Mon-Fri
COUNCIL OF PEOPLES ORGANIZATION: HALAL SENIOR CENTER,COUNCIL OF PEOPLES ORGANIZATION INC.,1075-1077 Coney Island Avenue,Brooklyn,11230,718-434-3266,Senior Center (DFTA),C2701,,,,,Sponsor: COUNCIL OF PEOPLES ORGANIZATION INC. | Hours: 09:00-05:00 Mon-Fri
CPC BROOKLYN SENIOR CENTER,CHINESE AMERICAN PLANNING COUNCIL INC,4101 8th Avenue,Brooklyn,11232,917-922-8382,Senior Center (DFTA),C2101,,,,,Sponsor: CHINESE AMERICAN PLANNING COUNCIL INC | Hours: 09:00-05:00 Mon-Fri
CROWN HEIGHTS PRESERVATION COMMITTEE CORP,CROWN HEIGHTS PRESERVATION CORP,483 Albany Avenue,Brooklyn,11203,718-774-9213,Senior Center (DFTA),C9801,,,,,Sponsor: CROWN HEIGHTS PRESERVATION CORP | Hours: 09:00-05:00 Mon-Fri
CYPRESS HILLS ADULT SOCIAL CLUB,CYPRESS HILLS-FULTON STREET SENIOR CITIZENS CENTER INC,475 Fountain Avenue,Brooklyn,11208,347-529-7333,Senior Center (DFTA),C2802,,,,,Sponsor: CYPRESS HILLS-FULTON STREET SENIOR CITIZENS CENTER INC | Hours: 08:15-04:15 Mon-Fri
CYPRESS HILLS FULTON STREET SENIOR CITIZENS CENTER,CYPRESS HILLS-FULTON STREET SENIOR CITIZENS CENTER INC,3208 Fulton Street,Brooklyn,11208,718-235-0064,Senior Center (DFTA),C2801,,,,,Sponsor: CYPRESS HILLS-FULTON STREET SENIOR CITIZENS CENTER INC | Hours: 08:15-04:15 Mon-Fri
DIANA JONES ISC,RISEBORO COMMUNITY PARTNERSHIP INC,9 Noll Street,Brooklyn,11206,718-782-3601,Senior Center (DFTA),W2003,,,,,Sponsor: RISEBORO COMMUNITY PARTNERSHIP INC | Hours: 08:00-04:00 Mon-Fri
DORCHESTER SENIOR CITIZENS CENTER OAC,DORCHESTER SENIOR CITIZENS CENTER INC,1419 Dorchester Road,Brooklyn,11226,718-941-6700,Senior Center (DFTA),C2901,,,,,Sponsor: DORCHESTER SENIOR CITIZENS CENTER INC | Hours: 08:00-04:00 Mon-Fri
EILEEN DUGAN SENIOR CENTER,AMERICAN ITALIAN COALITION OF ORGANIZATIONS INC AMICO,378 Court Street,Brooklyn,11231,718-596-1956,Senior Center (DFTA),W1101,,,,,Sponsor: AMERICAN ITALIAN COALITION OF ORGANIZATIONS INC AMICO | Hours: 08:00-04:00 Mon-Fri
GRACE AGARD HAREWOOD OAC,FORT GREENE COUNCIL,19 Rogers Avenue,Brooklyn,11216,718-638-6910,Senior Center (DFTA),C3501,,,,,Sponsor: FORT GREENE COUNCIL | Hours: 09:00-05:00 Mon-Fri
GRANT SQ OAC,FORT GREENE COUNCIL,19 Rogers Avenue,Brooklyn,11216,718-363-3133,Senior Center (DFTA),C3508,,,,,Sponsor: FORT GREENE COUNCIL | Hours: 09:00-05:00 Mon-Fri
HAZEL BROOKS OAC,FORT GREENE COUNCIL,961 Ocean Avenue,Brooklyn,11226,347-435-3287,Senior Center (DFTA),C3514,,,,,Sponsor: FORT GREENE COUNCIL | Hours: 09:00-05:00 Mon-Fri
HOMECREST,HOMECREST COMMUNITY SERVICES INC,1413 Avenue T,Brooklyn,11229,718-376-4036,Senior Center (DFTA),C4202,,,,,Sponsor: HOMECREST COMMUNITY SERVICES INC | Hours: :30-03:30 Mon-Fri
HOMECREST BENSONHURST OAC & AVE T BROOKLYN,HOMECREST COMMUNITY SERVICES INC,6915 15th Avenue,Brooklyn,11228,718-621-7960,Senior Center (DFTA),C4201,,,,,Sponsor: HOMECREST COMMUNITY SERVICES INC | Hours: 8 :00-3 :00 Mon-Fri
HOPE GARDENS MULTISERVICE,RISEBORO COMMUNITY PARTNERSHIP INC,195 Linden Street,Brooklyn,11221,718-455-1100,Senior Center (DFTA),W2004,,,,,Sponsor: RISEBORO COMMUNITY PARTNERSHIP INC | Hours: 08:00-04:00 Mon-Fri
HUGH GILROY OAC,FORT GREENE COUNCIL,447 Kingsborough 4th Walk,Brooklyn,11233,718-756-8400,Senior Center (DFTA),C3511,,,,,Sponsor: FORT GREENE COUNCIL | Hours: 09:00-05:00 Mon-Fri
JASA HES OLDER ADULT CENTER,THE JEWISH ASSOCIATION FOR SERVICES FOR THE AGED,9502 Seaview Avenue,Brooklyn,11236,718-251-3700,Senior Center (DFTA),C8301,,,,,Sponsor: THE JEWISH ASSOCIATION FOR SERVICES FOR THE AGED | Hours: 08:00-04:00 Mon-Fri
JASA LUNA PARK ANNEX,THE JEWISH ASSOCIATION FOR SERVICES FOR THE AGED,2880 West 12th Street,Brooklyn,11224,718-388-6865,Senior Center (DFTA),C8312,,,,,Sponsor: THE JEWISH ASSOCIATION FOR SERVICES FOR THE AGED | Hours: 08:00-04:00 Mon-Fri
JASA SCHEUER CONEY ISLAND OAC,THE JEWISH ASSOCIATION FOR SERVICES FOR THE AGED,3601 Surf Ave Brooklyn NY 11224,Brooklyn,11224,718-373-3954,Senior Center (DFTA),C8306,,,,,Sponsor: THE JEWISH ASSOCIATION FOR SERVICES FOR THE AGED | Hours: 08:00-04:00 Mon-Fri
JASA SENIOR ALLIANCE OLDER ADULT CENTER,THE JEWISH ASSOCIATION FOR SERVICES FOR THE AGED,161 Corbin Place,Brooklyn,11235,718-646-4100,Senior Center (DFTA),C8307,,,,,Sponsor: THE JEWISH ASSOCIATION FOR SERVICES FOR THE AGED | Hours: 08:00-04:00 Mon-Fri
JASA STARRETT CITY OLDER ADULT CENTER,THE JEWISH ASSOCIATION FOR SERVICES FOR THE AGED,1540 Van Siclen Avenue,Brooklyn,11239,718-642-1010,Senior Center (DFTA),C8308,,,,,Sponsor: THE JEWISH ASSOCIATION FOR SERVICES FOR THE AGED | Hours: 08:00-04:00 Mon-Fri
JASA WILLIAMSBURG OLDER ADULT CENTER,THE JEWISH ASSOCIATION FOR SERVICES FOR THE AGED,202 Graham Avenue,Brooklyn,11206,718-388-6865,Senior Center (DFTA),C8311,,,,,Sponsor: THE JEWISH ASSOCIATION FOR SERVICES FOR THE AGED | Hours: 08:00-04:00 Mon-Fri
JCCGCI CONEY ISLAND SEASIDE OLDER ADULT CENTER,JEWISH COMMUNITY COUNCIL OF GREATER CONEY ISLAND INC,3001 West 37th Street,Brooklyn,11224,718-449-6363,Senior Center (DFTA),C4701,,,,,Sponsor: JEWISH COMMUNITY COUNCIL OF GREATER CONEY ISLAND INC | Hours: 08:00-04:00 Mon-Fri
JCCGCI HABER HOUSE OLDER ADULT CENTER,JEWISH COMMUNITY COUNCIL OF GREATER CONEY ISLAND INC,3024 West 24th Street,Brooklyn,11224,718-372-5775,Senior Center (DFTA),C4702,,,,,Sponsor: JEWISH COMMUNITY COUNCIL OF GREATER CONEY ISLAND INC | Hours: 08:00-04:00 Mon-Fri
JCCGCI JAY-HARAMA OLDER ADULT CENTER,JEWISH COMMUNITY COUNCIL OF GREATER CONEY ISLAND INC,2600 Ocean Avenue,Brooklyn,11229,718-891-1110,Senior Center (DFTA),C4703,,,,,Sponsor: JEWISH COMMUNITY COUNCIL OF GREATER CONEY ISLAND INC | Hours: 08:00-04:00 Mon-Fri
JCCGCI KINGS HIGHWAY OLDER ADULT CENTER,JEWISH COMMUNITY COUNCIL OF GREATER CONEY ISLAND INC,1879 East 3rd Street,Brooklyn,11223,917-596-0761,Senior Center (DFTA),C4704,,,,,Sponsor: JEWISH COMMUNITY COUNCIL OF GREATER CONEY ISLAND INC | Hours: 09:00-05:00 Mon-Fri
JCCGCI MARIEN-HEIM OLDER ADULT CENTER,JEWISH COMMUNITY COUNCIL OF GREATER CONEY ISLAND INC,870 Ocean Parkway,Brooklyn,11230,718-438-7771,Senior Center (DFTA),C4705,,,,,Sponsor: JEWISH COMMUNITY COUNCIL OF GREATER CONEY ISLAND INC | Hours: 08:30-04:30 Mon-Fri
JCCGCI MARLBORO OLDER ADULT CENTER,JEWISH COMMUNITY COUNCIL OF GREATER CONEY ISLAND INC,2298 West 8th Street,Brooklyn,11223,718-373-6161,Senior Center (DFTA),C4706,,,,,Sponsor: JEWISH COMMUNITY COUNCIL OF GREATER CONEY ISLAND INC | Hours: 08:00-04:00 Mon-Fri
JCCGCI MIDWOOD OLDER ADULT CENTER,JEWISH COMMUNITY COUNCIL OF GREATER CONEY ISLAND INC,1625 Ocean Avenue,Brooklyn,11230,718-253-0508,Senior Center (DFTA),C4707,,,,,Sponsor: JEWISH COMMUNITY COUNCIL OF GREATER CONEY ISLAND INC | Hours: 09:00-04:30 Mon-Fri
JCCGCI OCEAN PARKWAY OLDER ADULT CENTER,JEWISH COMMUNITY COUNCIL OF GREATER CONEY ISLAND INC,1960 East 7th Street,Brooklyn,11223,718-449–5000,Senior Center (DFTA),C4708,,,,,Sponsor: JEWISH COMMUNITY COUNCIL OF GREATER CONEY ISLAND INC | Hours: 08:00-04:00 Mon-Fri
MARCUS GARVEY,FORT GREENE COUNCIL,1440 East New York Avenue,Brooklyn,11212,718-346-7167,Senior Center (DFTA),C3502,,,,,Sponsor: FORT GREENE COUNCIL | Hours: 09:00-05:00 Mon-Fri
MARIA LAWTON OAC,FORT GREENE COUNCIL,400 Hart Street,Brooklyn,11206,718-452-7474,Senior Center (DFTA),C3509,,,,,Sponsor: FORT GREENE COUNCIL | Hours: 09:00-05:00 Mon-Fri
PALMETTO GARDENS SENIOR CLUB,RISEBORO COMMUNITY PARTNERSHIP INC,85 Palmetto Street,Brooklyn,11221,718-676-0876,Senior Center (DFTA),W2005,,,,,Sponsor: RISEBORO COMMUNITY PARTNERSHIP INC | Hours: 08:00-04:00 Mon-Fri
PARK SLOPE CTR FOR SUCCESSFUL AGING,HEIGHTS AND HILLS INC.,463A 7th Street,Brooklyn,11215,718-832-3726,Senior Center (DFTA),C4001,,,,,Sponsor: HEIGHTS AND HILLS INC. | Hours: 08:00-04:00 Mon-Fri
POLISH & SLAVIC CTR KRAKUS OAC (+ SOCIAL SVS),POLISH & SLAVIC CENTER INC,176 Java Street,Brooklyn,11222,718-383-5290,Senior Center (DFTA),C5501,,,,,Sponsor: POLISH & SLAVIC CENTER INC | Hours: 09:00-04:00 Mon-Fri
PROSPECT HILL NSC,ST JOHN ST MATTHEW EMANUEL LUTHERAN CHURCH,283 Prospect Avenue,Brooklyn,11215,718-499-9574,Senior Center (DFTA),C7401,,,,,Sponsor: ST JOHN ST MATTHEW EMANUEL LUTHERAN CHURCH | Hours: 09:00-05:00 Mon-Fri
RAICES FARRAGUT OAC SATELLITE,SPANISH SPEAKING ELDERLY COUNCIL RAICES INC.,228 York Street,Brooklyn,11201,718-422-1069,Senior Center (DFTA),C7207,,,,,Sponsor: SPANISH SPEAKING ELDERLY COUNCIL RAICES INC. | Hours: 09:00-05:00 Mon-Fri
RED HOOK NSC,SPANISH SPEAKING ELDERLY COUNCIL RAICES INC.,120 West 9th Street,Brooklyn,11231,718-269-0519,Senior Center (DFTA),C7201,,,,,Sponsor: SPANISH SPEAKING ELDERLY COUNCIL RAICES INC. | Hours: 09:00-05:00 Mon-Fri
REMSEN SARITA JEAN OAC,FORT GREENE COUNCIL,3304 Clarendon Road,Brooklyn,11210,718-282-1259,Senior Center (DFTA),C3512,,,,,Sponsor: FORT GREENE COUNCIL | Hours: 09:00-05:00 Mon-Fri
RIDGEWOOD BUSHWICK,RISEBORO COMMUNITY PARTNERSHIP INC,319 Stanhope Street,Brooklyn,11237,718-366-3038,Senior Center (DFTA),W2006,,,,,Sponsor: RISEBORO COMMUNITY PARTNERSHIP INC | Hours: 08:00-04:00 Mon-Fri
ROUNDTABLE SENIOR,RISEBORO COMMUNITY PARTNERSHIP INC,1175 Gates Avenue,Brooklyn,11206,718-443-1903,Senior Center (DFTA),W2007,,,,,Sponsor: RISEBORO COMMUNITY PARTNERSHIP INC | Hours: 08:00-05:30 Mon-Fri
SAGE CTR AT STONEWALL HOUSE,SERVICES AND ADVOCACY FOR GAYLESBIANBISEXUAL AND TRANSGEND,271 Myrtle Avenue,Brooklyn,11201,646-518-9744,Senior Center (DFTA),C6903,,,,,Sponsor: SERVICES AND ADVOCACY FOR GAYLESBIANBISEXUAL AND TRANSGEND | Hours: 09:00-05:00 Mon-Fri
SARATOGA SQ SENIOR,RISEBORO COMMUNITY PARTNERSHIP INC,930 Halsey Street,Brooklyn,11233,347-425-0676,Senior Center (DFTA),W2008,,,,,Sponsor: RISEBORO COMMUNITY PARTNERSHIP INC | Hours: 09:00-05:00 Mon-Fri
SBH OLDER ADULT CENTER - SENIOR PAVILION,SBH COMMUNITY SERVICE NETWORKINC.,1963 McDonald Avenue,Brooklyn,11223,718-787-1100,Senior Center (DFTA),C6601,,,,,Sponsor: SBH COMMUNITY SERVICE NETWORKINC. | Hours: 08:30-04:30 Mon-Fri
SEPHARDIC MULTI SERVICES SENIOR CITIZENS CENTER,SEPHARDIC MULTI SERVICES SENIOR CITIZEN CENTER INC,485 Kings Hwy,Brooklyn,11223,718-336-1300,Senior Center (DFTA),C6801,,,,,Sponsor: SEPHARDIC MULTI SERVICES SENIOR CITIZEN CENTER INC | Hours: 08:00-04:00 Mon-Fri
SETH LOW SOCIAL CLUB,FORT GREENE COUNCIL,137 Belmont Avenue,Brooklyn,11212,718-485-4991,Senior Center (DFTA),C3503,,,,,Sponsor: FORT GREENE COUNCIL | Hours: 09:00-05:00 Mon-Fri
SHORE HILL OLDER ADULT CENTER,SUNSET PARK HEALTH COUNCIL INC d/b/a FAMILY HEALTH CENTERS A,9000 Shore Road,Brooklyn,11209,347-377-5474,Senior Center (DFTA),C8001,,,,,Sponsor: SUNSET PARK HEALTH COUNCIL INC d/b/a FAMILY HEALTH CENTERS A | Hours: 09:00-05:00 Mon-Fri
SOUTHSIDE LOS SURES DAVID SANTIAGO,SOUTHSIDE UNITED HOUSING DEVELOPMENT FUND CORP,201 South 4th Street,Brooklyn,11211,718-384-2314,Senior Center (DFTA),C7101,,,,,Sponsor: SOUTHSIDE UNITED HOUSING DEVELOPMENT FUND CORP | Hours: 09:00-04:00 Mon-Fri
ST NICKS ALLIANCE COOPER PARK SOCIAL 2,ST. NICKS ALLIANCE CORP.,288 Frost Street,Brooklyn,11222,718-227-3652,Senior Center (DFTA),C7501,,,,,Sponsor: ST. NICKS ALLIANCE CORP. | Hours: 09:00-04:00 Mon-Fri
ST NICKS ALLIANCE SWINGING SIXTIES OAC 2,ST. NICKS ALLIANCE CORP.,211 Ainslie Street,Brooklyn,11211,718-963-3793,Senior Center (DFTA),C7502,,,,,Sponsor: ST. NICKS ALLIANCE CORP. | Hours: 09:00-04:00 Mon-Fri
ST. GABRIEL'S EPISCOPAL CHURCH OAC,ST GABRIELS EPISCOPAL CHURCH,331 Hawthorne Street,Brooklyn,11225,718-773-4049,Senior Center (DFTA),C7301,,,,,Sponsor: ST GABRIELS EPISCOPAL CHURCH | Hours: 09:00-05:00 Mon-Fri
STUYVESANT GARDENS SENIOR CLUB,RISEBORO COMMUNITY PARTNERSHIP INC,150 Malcolm X Boulevard,Brooklyn,11221,347-318-3313,Senior Center (DFTA),W2009,,,,,Sponsor: RISEBORO COMMUNITY PARTNERSHIP INC | Hours: 09:00-05:00 Mon-Fri
STUYVESANT HEIGHTS OAC,FORT GREENE COUNCIL,562-574 Madison Street,Brooklyn,11221,718-230-0824,Senior Center (DFTA),C3510,,,,,Sponsor: FORT GREENE COUNCIL | Hours: 09:00-05:00 Mon-Fri
SUMNER SENIOR CLUB,RISEBORO COMMUNITY PARTNERSHIP INC,862 Park Avenue,Brooklyn,11206,718-455-8471,Senior Center (DFTA),W2010,,,,,Sponsor: RISEBORO COMMUNITY PARTNERSHIP INC | Hours: 09:00-05:00 Mon-Fri
SUNSET PARK OAC,SUNSET PARK HEALTH COUNCIL INC d/b/a FAMILY HEALTH CENTERS A,4520 4th Avenue,Brooklyn,11220,718-210-1050,Senior Center (DFTA),C8002,,,,,Sponsor: SUNSET PARK HEALTH COUNCIL INC d/b/a FAMILY HEALTH CENTERS A | Hours: 09:00-05:00 Mon-Fri
TERESA MOORE OAC,FORT GREENE COUNCIL,2702 Linden Blvd,Brooklyn,11208,347-663-7770,Senior Center (DFTA),C3513,,,,,Sponsor: FORT GREENE COUNCIL | Hours: 09:00-05:00 Mon-Fri
TIMES PLAZA CENTER OAC,SPANISH SPEAKING ELDERLY COUNCIL RAICES INC.,460 Atlantic Avenue,Brooklyn,11217,718-694-0895,Senior Center (DFTA),C7205,,,,,Sponsor: SPANISH SPEAKING ELDERLY COUNCIL RAICES INC. | Hours: 09:00-05:00 Mon-Fri
UCA COMMUNITY SERVICE CENTER,UNITED CHINESE ASSOCIATION OF BROOKLYN  INC,1787 Stillwell Avenue,Brooklyn,11223,718-232-0055,Senior Center (DFTA),2TZ01,,,,,Sponsor: UNITED CHINESE ASSOCIATION OF BROOKLYN  INC | Hours: - Mon-Fri
UNITED NEIGHBORHOOD SENIOR CITIZENS CTR,UNITED SENIOR CITIZENS OF SUNSET PARK INC,475 53rd Street,Brooklyn,11220,718-439-8647,Senior Center (DFTA),C8601,,,,,Sponsor: UNITED SENIOR CITIZENS OF SUNSET PARK INC | Hours: 08:00-04:00 Mon-Fri
WAYSIDE OUT BROWNSVILLE SOCIAL CLUB,WAYSIDE OUT-REACH DEVELOPMENT INC,528 Mother Gaston Blvd,Brooklyn,11212,347-938-8453,Senior Center (DFTA),C9002,,,,,Sponsor: WAYSIDE OUT-REACH DEVELOPMENT INC | Hours: 09:00-05:00 Mon-Fri
WAYSIDE OUT GLENMORE PLAZA SOCIAL CLUB,WAYSIDE OUT-REACH DEVELOPMENT INC,1777 Pitkin Avenue,Brooklyn,11212,917-962-8276,Senior Center (DFTA),C9008,,,,,Sponsor: WAYSIDE OUT-REACH DEVELOPMENT INC | Hours: 09:00-05:00 Mon-Fri
WAYSIDE OUT LANGSTON HUGHES SOCIAL CLUB,WAYSIDE OUT-REACH DEVELOPMENT INC,301 Sutter Avenue,Brooklyn,11212,917-962-8277,Senior Center (DFTA),C9004,,,,,Sponsor: WAYSIDE OUT-REACH DEVELOPMENT INC | Hours: 09:00-05:00 Mon-Fri
WAYSIDE OUT ROSETTA GASTON SENIOR CENTER,WAYSIDE OUT-REACH DEVELOPMENT INC,460 Dumont Avenue,Brooklyn,11212,718-345-5665,Senior Center (DFTA),C9001,,,,,Sponsor: WAYSIDE OUT-REACH DEVELOPMENT INC | Hours: 09:00-05:00 Mon-Fri
WAYSIDE OUT TILDEN SENIOR CENTER,WAYSIDE OUT-REACH DEVELOPMENT INC,630 Mother Gaston Blvd,Brooklyn,11212,718-498-2990,Senior Center (DFTA),C9003,,,,,Sponsor: WAYSIDE OUT-REACH DEVELOPMENT INC | Hours: 09:00-05:00 Mon-Fri
WAYSIDE OUT TOMPKINS PARK SENIOR CENTER,WAYSIDE OUT-REACH DEVELOPMENT INC,550 Greene Avenue,Brooklyn,11216,718-638-3000,Senior Center (DFTA),C9005,,,,,Sponsor: WAYSIDE OUT-REACH DEVELOPMENT INC | Hours: 09:00-05:00 Mon-Fri
WAYSIDE OUT VAN DYKE II SENIOR CENTER,WAYSIDE OUT-REACH DEVELOPMENT INC,430 Dumont Avenue,Brooklyn,11212,718-385-1110,Senior Center (DFTA),C9007,,,,,Sponsor: WAYSIDE OUT-REACH DEVELOPMENT INC | Hours: 09:00-05:00 Mon-Fri
WILLOUGHBY OAC,FORT GREENE COUNCIL,105 North Portland Avenue,Brooklyn,11205,718-875-1011,Senior Center (DFTA),C3504,,,,,Sponsor: FORT GREENE COUNCIL | Hours: 09:00-05:00 Mon-Fri
WYCKOFF GARDENS NSC,SPANISH SPEAKING ELDERLY COUNCIL RAICES INC.,280 Wyckoff Street,Brooklyn,11217,718-237-1802,Senior Center (DFTA),C7202,,,,,Sponsor: SPANISH SPEAKING ELDERLY COUNCIL RAICES INC. | Hours: 09:00-05:00 Mon-Fri
YOUNG AT HEART SENIOR CENTER AT THE FLATBUSH YMCA,YMCA OF GREATER NEW YORK,1401 Flatbush Avenue,Brooklyn,11210,212-630-9645,Senior Center (DFTA),C9302,,,,,Sponsor: YMCA OF GREATER NEW YORK | Hours: 09:00-05:00 Mon-Fri
YOUNG ISRAEL PROGRAMS MIDWOOD,YOUNG ISRAEL PROGRAMS INC,1694 Ocean Avenue,Brooklyn,11230,718-253-7800,Senior Center (DFTA),C9402,,,,,Sponsor: YOUNG ISRAEL PROGRAMS INC | Hours: 08:00-04:00 Mon-Fri
ZEST FOR LIFE OAC,FORT GREENE COUNCIL,261 East 21st Street,Brooklyn,11236,929-626-6020,Senior Center (DFTA),C3507,,,,,Sponsor: FORT GREENE COUNCIL | Hours: 08:00-04:00 Mon-Fri
ABSW OAC,ASSOCIATION OF BLACK SOCIAL WORKERS INC,221 West 107th Street,Manhattan,10025,212-749-8400,Senior Center (DFTA),C0601,,,,,Sponsor: ASSOCIATION OF BLACK SOCIAL WORKERS INC | Hours: 08:00-04:00 Mon-Fri
AGUDATH ISRAEL MORIAH OLDER ADULT LUNCHEON CLUB,AGUDATH ISRAEL OF AMERICA COMMUNITY SERVICES INC,90 Bennett Avenue,Manhattan,10033,212-923-5715,Senior Center (DFTA),C0102,,,,,Sponsor: AGUDATH ISRAEL OF AMERICA COMMUNITY SERVICES INC | Hours: 08:00-04:00 Mon-Fri
ARC XVI A. PHILIP RANDOLPH OAC,ARC XVI FORT WASHINGTON INC,108 West 146 Street,Manhattan,10039,212-281-1349,Senior Center (DFTA),C0501,,,,,Sponsor: ARC XVI FORT WASHINGTON INC | Hours: 09:00-05:00 Mon-Fri
ARC XVI CENTRAL HARLEM CENTER,ARC XVI FORT WASHINGTON INC,120 West 140th Street,Manhattan,10030,347-919-5072,Senior Center (DFTA),C0502,,,,,Sponsor: ARC XVI FORT WASHINGTON INC | Hours: 09:00-05:00 Mon-Fri
ARC XVI FORT WASHINGTON OAC,ARC XVI FORT WASHINGTON INC,516 W 181th Street,Manhattan,10033,212-781-5700,Senior Center (DFTA),C0503,,,,,Sponsor: ARC XVI FORT WASHINGTON INC | Hours: 09:00-05:00 Mon-Fri
ARCXVI FT WASHINGTONINC,ARC XVI FORT WASHINGTON INC,108 WEST 146 STREET,Manhattan,10039,212-281-1349,Senior Center (DFTA),3YE01,,,,,Sponsor: ARC XVI FORT WASHINGTON INC | Hours: - Mon-Fri
BRC SENIOR CENTER,BOWERY RESIDENTS COMMITTEE INC,30 Delancy Street,Manhattan,10002,212-533-2020,Senior Center (DFTA),C0901,,,,,Sponsor: BOWERY RESIDENTS COMMITTEE INC | Hours: 08:00-03:30 Mon-Fri
CANAAN SENIOR SERVICE CENTER,CANAAN BAPTIST CHURCH OF CHRIST,1428 5th Avenue,Manhattan,10035,212-876-2638,Senior Center (DFTA),C1501,,,,,Sponsor: CANAAN BAPTIST CHURCH OF CHRIST | Hours: 09:00-05:00 Mon-Fri
CARTER BURDEN LUNCHEON CLUB & SOCIAL SERVICE UNIT,CARTER BURDEN NETWORK INC.,351 East 74th Street,Manhattan,10021,646-937-3520,Senior Center (DFTA),C1601,,,,,Sponsor: CARTER BURDEN NETWORK INC. | Hours: 08:00-04:00 Mon-Fri
CARVER,INSTITUTE FOR THE PUERTO RICAN HISPANIC ELDERLY INC,55 East 102nd Street,Manhattan,10029,212-289-2709,Senior Center (DFTA),W1603,,,,,Sponsor: INSTITUTE FOR THE PUERTO RICAN HISPANIC ELDERLY INC | Hours: 08:00-04:00 Mon-Fri
CASABE SENIOR HOUSES AKA EAST HARLEM NSC,EAST HARLEM COUNCIL FOR HUMAN SERVICES INC,150 East 121st Street,Manhattan,10035,212-722-2205,Senior Center (DFTA),C3001,,,,,Sponsor: EAST HARLEM COUNCIL FOR HUMAN SERVICES INC | Hours: 09:00-05:00 Mon-Fri
CBN LEONARD COVELLO SENIOR PROGRAM,CARTER BURDEN NETWORK INC.,312 East 109th Street,Manhattan,10029,212-423-9665,Senior Center (DFTA),C1603,,,,,Sponsor: CARTER BURDEN NETWORK INC. | Hours: 08:00-04:00 Mon-Fri
CBN ROOSEVELT ISLAND SENIOR CENTER,CARTER BURDEN NETWORK INC.,546 Main Street,Manhattan,10044,212-980-1888,Senior Center (DFTA),C1605,,,,,Sponsor: CARTER BURDEN NETWORK INC. | Hours: 09:00-05:00 Mon-Fri
CENTER @ LENOX HILL,LENOX HILL NEIGHBORHOOD HOUSE INC,343 East 70th Street,Manhattan,10021,212-218-0315,Senior Center (DFTA),W1801,,,,,Sponsor: LENOX HILL NEIGHBORHOOD HOUSE INC | Hours: 08:00-06:00 Mon-Fri
CENTER AT THE RED OAK,WEST SIDE FEDERATION FOR SENIOR AND SUPPORTIVE HOUSING INC,135 West 106 Street,Manhattan,10025,917-544-1892,Senior Center (DFTA),C9101,,,,,Sponsor: WEST SIDE FEDERATION FOR SENIOR AND SUPPORTIVE HOUSING INC | Hours: 08:30-04:00 Mon-Fri
CENTER FOR ADULTS LIVING WELL @ THE Y,YM YWHA OF WASHINGTON HEIGHTS AND INWOOD INC,54 Nagle Avenue,Manhattan,10040,646-738-6084,Senior Center (DFTA),C9501,,,,,Sponsor: YM YWHA OF WASHINGTON HEIGHTS AND INWOOD INC | Hours: 08:00-04:00 Mon-Fri
CENTER ON THE SQ,GREENWICH HOUSE INC.,20 Washington Square North,Manhattan,10011,212-777-3555,Senior Center (DFTA),W1501,,,,,Sponsor: GREENWICH HOUSE INC. | Hours: 09:00-05:00 Mon-Fri
CENTRAL HARLEM KENNEDY,CENTRAL HARLEM SENIOR CITIZENS CENTERS INC.,34 W 134th Street,Manhattan,10037,212-926-4871,Senior Center (DFTA),C1901,,,,,Sponsor: CENTRAL HARLEM SENIOR CITIZENS CENTERS INC. | Hours: 09:00-05:00 Mon-Fri
CENTRAL HARLEM SC CTR BEATRICE LEWIS,CENTRAL HARLEM SENIOR CITIZENS CENTERS INC.,2322 Third Avenue,Manhattan,10035,212-289-9155,Senior Center (DFTA),C1904,,,,,Sponsor: CENTRAL HARLEM SENIOR CITIZENS CENTERS INC. | Hours: 09:00-05:00 Mon-Fri
CENTRAL HARLEM ST NICK,CENTRAL HARLEM SENIOR CITIZENS CENTERS INC.,210 W. 131st Street,Manhattan,10037,646-678-4451,Senior Center (DFTA),C1902,,,,,Sponsor: CENTRAL HARLEM SENIOR CITIZENS CENTERS INC. | Hours: 09:00-05:00 Mon-Fri
CORSI OAC,UNION SETTLEMENT ASSOCIATION,307 E 116th Street,Manhattan,10029,212-828-6756,Senior Center (DFTA),W2405,,,,,Sponsor: UNION SETTLEMENT ASSOCIATION | Hours: 08:00-04:00 Mon-Fri
COTHOA LUNCHEON CLUB,COTHOA LUNCHEON CLUB INC,2005 Amsterdam Avenue,Manhattan,10032,212-781-6580,Senior Center (DFTA),C2601,,,,,Sponsor: COTHOA LUNCHEON CLUB INC | Hours: 08:00-04:00 Mon-Fri
CPC NY CHINATOWN NEIGHBORHOOD SENIOR CENTER,CHINESE AMERICAN PLANNING COUNCIL INC,55 Chrystie Street,Manhattan,10002,212-233-8930,Senior Center (DFTA),C2103,,,,,Sponsor: CHINESE AMERICAN PLANNING COUNCIL INC | Hours: 09:00-05:00 Mon-Fri
CPC PROJECT OPEN DOOR NEIGHBORHOOD SENIOR CENTER,CHINESE AMERICAN PLANNING COUNCIL INC,168 Grand Street,Manhattan,10013,212-431-9026,Senior Center (DFTA),C2104,,,,,Sponsor: CHINESE AMERICAN PLANNING COUNCIL INC | Hours: 09:00-05:00 Mon-Fri
EDIE WINDSOR SAGE CENTER,SERVICES AND ADVOCACY FOR GAYLESBIANBISEXUAL AND TRANSGEND,305 7th Avenue,Manhattan,10001,646-576-8669,Senior Center (DFTA),C6904,,,,,Sponsor: SERVICES AND ADVOCACY FOR GAYLESBIANBISEXUAL AND TRANSGEND | Hours: 11:00-08:00 Mon-Fri
EDUCATIONAL ALLIANCE SIROVICH OLDER ADULT CENTER,THE EDUCATIONAL ALLIANCE INC,331 East 12th Street,Manhattan,10003,646-395-4529,Senior Center (DFTA),C8101,,,,,Sponsor: THE EDUCATIONAL ALLIANCE INC | Hours: 08:00-05:00 Mon-Fri
EDUCATIONAL ALLIANCE WEINBERG OAC,THE EDUCATIONAL ALLIANCE INC,197 East Broadway,Manhattan,10002,646-395-4270,Senior Center (DFTA),C8102,,,,,Sponsor: THE EDUCATIONAL ALLIANCE INC | Hours: 09:00-05:00 Mon-Fri
ENCORE AT ST MALACHY'S,ENCORE COMMUNITY SERVICES,239 West 49th Street,Manhattan,10019,212-581-2910,Senior Center (DFTA),W1401,,,,,Sponsor: ENCORE COMMUNITY SERVICES | Hours: 08:00-04:00 Mon-Fri
FIND AID CLINTON OAC,FIND AID FOR THE AGED,530 West 55th Street,Manhattan,10019,212-757-2026,Senior Center (DFTA),C3301,,,,,Sponsor: FIND AID FOR THE AGED | Hours: 09:00-05:00 Mon-Fri
FIND AID COFFEEHOUSE CENTER,FIND AID FOR THE AGED,331 West 42nd Street,Manhattan,10036,646-545-4621,Senior Center (DFTA),C3302,,,,,Sponsor: FIND AID FOR THE AGED | Hours: 09:00-05:00 Mon-Fri
FIND AID HAMILTON OAC,FIND AID FOR THE AGED,141 W 73rd Street,Manhattan,10023,212-787-7710,Senior Center (DFTA),C3303,,,,,Sponsor: FIND AID FOR THE AGED | Hours: 09:00-05:00 Mon-Fri
FIND AID WOODSTOCK OAC,FIND AID FOR THE AGED,127 West 43rd Street,Manhattan,10036,212-575-0693,Senior Center (DFTA),C3304,,,,,Sponsor: FIND AID FOR THE AGED | Hours: 09:00-05:00 Mon-Fri
FOOD BANK FOR NEW YORK CITY OAC,FOOD BANK FOR NEW YORK CITY,252 West 116th Street,Manhattan,10026,212-566-7855,Senior Center (DFTA),C3401,,,,,Sponsor: FOOD BANK FOR NEW YORK CITY | Hours: 09:00-06:00 Mon-Fri
GAYLORD WHITE OAC,UNION SETTLEMENT ASSOCIATION,2029 Second Avenue,Manhattan,10029,212-828-6055,Senior Center (DFTA),W2401,,,,,Sponsor: UNION SETTLEMENT ASSOCIATION | Hours: 09:00-05:00 Mon-Fri
GODDARD RIVERSIDE LSNC OAC @ WEST 65TH ST,GODDARD-RIVERSIDE COMMUNITY CENTER,250 West 65th Street,Manhattan,10023,212-874-0860,Senior Center (DFTA),C3601,,,,,Sponsor: GODDARD-RIVERSIDE COMMUNITY CENTER | Hours: 08:00-04:00 Mon-Fri
GODDARD RIVERSIDE OAC AT WEST 88TH STREET,GODDARD-RIVERSIDE COMMUNITY CENTER,593 Columbus Avenue,Manhattan,10024,212-873-6600,Senior Center (DFTA),C3602,,,,,Sponsor: GODDARD-RIVERSIDE COMMUNITY CENTER | Hours: 09:00-05:00 Mon-Fri
GRAND ST SETTLEMENT GRAND COALITION OF OLDER ADULTS OAC,GRAND STREET SETTLEMENT INC,175 Delancey street,Manhattan,10002,646-201-4251,Senior Center (DFTA),C3701,,,,,Sponsor: GRAND STREET SETTLEMENT INC | Hours: 09:00-05:00 Mon-Fri
HAMILTON GRANGE NSC,CONVENT AVENUE BAPTIST CHURCH,420 West 145th Street,Manhattan,10032,212-862-4181,Senior Center (DFTA),C2401,,,,,Sponsor: CONVENT AVENUE BAPTIST CHURCH | Hours: 09:00-05:00 Mon-Fri
HENRY STREET OAC - GOOD COMPANIONS,HENRY STREET SETTLEMENT,334 Madison Street,Manhattan,10002,212-349-2770,Senior Center (DFTA),C4101,,,,,Sponsor: HENRY STREET SETTLEMENT | Hours: 09:00-05:00 Mon-Fri
HMH CITY HALL OLDER ADULT CENTER,HAMILTON MADISON HOUSE INC,100 Gold Street Lower Level,Manhattan,10038,212-788-5580,Senior Center (DFTA),C3801,,,,,Sponsor: HAMILTON MADISON HOUSE INC | Hours: 08:30-04:30 Mon-Fri
HUDSON GUILD,HUDSON GUILD,119 9th Avenue,Manhattan,10011,212-924-6710,Senior Center (DFTA),C8201,,,,,Sponsor: HUDSON GUILD | Hours: 09:00-05:00 Mon-Fri
INDEPENDENCE PLAZA,GREENWICH HOUSE INC.,310 Greenwich Street,Manhattan,10013,212-267-0499,Senior Center (DFTA),W1503,,,,,Sponsor: GREENWICH HOUSE INC. | Hours: 09:00-05:00 Mon-Fri
JACKIE ROBINSON OLDER ADULT CENTER,CHARLES A WALBURG MULTI SERVICE ORGANIZATION INC,1301 Amsterdam Avenue,Manhattan,10027,212-222-2552,Senior Center (DFTA),C9901,,,,,Sponsor: CHARLES A WALBURG MULTI SERVICE ORGANIZATION INC | Hours: 09:00-05:00 Mon-Fri
JASA CLUB 76 OLDER ADULT CENTER,THE JEWISH ASSOCIATION FOR SERVICES FOR THE AGED,120 West 76th Street,Manhattan,10023,212-712-0170,Senior Center (DFTA),C8304,,,,,Sponsor: THE JEWISH ASSOCIATION FOR SERVICES FOR THE AGED | Hours: 09:00-05:00 Mon-Fri
JEFFERSON OAC,UNION SETTLEMENT ASSOCIATION,2205 1st Avenue,Manhattan,10029,212-828-6104,Senior Center (DFTA),W2403,,,,,Sponsor: UNION SETTLEMENT ASSOCIATION | Hours: 08:00-04:30 Mon-Fri
LEHMAN VILLAGE SENIOR PROGRAM (SOCIAL CLUB),CARTER BURDEN NETWORK INC.,1641 Madison Avenue,Manhattan,10029,646-370-5642,Senior Center (DFTA),C1604,,,,,Sponsor: CARTER BURDEN NETWORK INC. | Hours: 08:00-04:00 Mon-Fri
LIFELONG LEARNING CENTER @ ENCORE WEST,ENCORE COMMUNITY SERVICES,755 10th Avenue,Manhattan,10019,212-991-3726,Senior Center (DFTA),W1402,,,,,Sponsor: ENCORE COMMUNITY SERVICES | Hours: 08:00-04:30 Mon-Fri
M M BETHUNE,COTHOA LUNCHEON CLUB INC,1970 Amsterdam Avenue,Manhattan,10032,646-918-7710,Senior Center (DFTA),C2603,,,,,Sponsor: COTHOA LUNCHEON CLUB INC | Hours: 09:00-05:00 Mon-Fri
NYFSC DYCKMAN OLDER ADULT CENTER,NEW YORK FOUNDATION FOR SENIOR CITIZENS INC,3754 10th Avenue,Manhattan,10034,212-569-7790,Senior Center (DFTA),C5101,,,,,Sponsor: NEW YORK FOUNDATION FOR SENIOR CITIZENS INC | Hours: 08:30-04:30 Mon-Fri
NYFSC LAGUARDIA OLDER ADULT CENTER,NEW YORK FOUNDATION FOR SENIOR CITIZENS INC,280 Cherry Street,Manhattan,10002,212-732-3656,Senior Center (DFTA),C5102,,,,,Sponsor: NEW YORK FOUNDATION FOR SENIOR CITIZENS INC | Hours: 08:30-04:30 Mon-Fri
NYFSC MOTT STREET OLDER ADULT CENTER,NEW YORK FOUNDATION FOR SENIOR CITIZENS INC,180 Mott Street,Manhattan,10012,212-966-5460,Senior Center (DFTA),C5103,,,,,Sponsor: NEW YORK FOUNDATION FOR SENIOR CITIZENS INC | Hours: 09:00-05:00 Mon-Fri
OUR LADY OF POMPEII,GREENWICH HOUSE INC.,25 Carmine Street,Manhattan,10014,212-989-3620,Senior Center (DFTA),W1502,,,,,Sponsor: GREENWICH HOUSE INC. | Hours: 09:00-05:00 Mon-Fri
POLISH AND SLAVIC CENTER INC,POLISH & SLAVIC CENTER INC,103 East 7th Street,Manhattan,10009,212-673-7704,Senior Center (DFTA),C5502,,,,,Sponsor: POLISH & SLAVIC CENTER INC | Hours: 09:00-05:00 Mon-Fri
POLO GROUNDS SATELLITE,COTHOA LUNCHEON CLUB INC,2965 Frederick Douglass Blvd,Manhattan,10039,212-283-5475,Senior Center (DFTA),C2602,,,,,Sponsor: COTHOA LUNCHEON CLUB INC | Hours: 09:00-05:00 Mon-Fri
PSS HARLEM,PRESBYTERIAN SENIOR SERVICES,127 West 127th Street,Manhattan,10027,212-222-3132,Senior Center (DFTA),W1906,,,,,Sponsor: PRESBYTERIAN SENIOR SERVICES | Hours: 08:00-04:00 Mon-Fri
PSS KING TOWERS,PRESBYTERIAN SENIOR SERVICES,50 Lenox Avenue,Manhattan,10026,646-861-2077,Senior Center (DFTA),W1907,,,,,Sponsor: PRESBYTERIAN SENIOR SERVICES | Hours: 08:00-04:00 Mon-Fri
PSS MANHATTANVILLE,PRESBYTERIAN SENIOR SERVICES,530 West 133rd Street,Manhattan,10027,212-862-5562,Senior Center (DFTA),W1905,,,,,Sponsor: PRESBYTERIAN SENIOR SERVICES | Hours: 08:00-04:00 Mon-Fri
RAIN INWOOD OAC,REGIONAL AID FOR INTERIM NEEDS INC,84 Vermilyea Avenue,Manhattan,10034,212-567-3200,Senior Center (DFTA),C5806,,,,,Sponsor: REGIONAL AID FOR INTERIM NEEDS INC | Hours: 08:00-04:00 Mon-Fri
RIVERSTONE SENIOR LIFE SERVICES OAC,RIVERSTONE SENIOR LIFE SERVICES INC.,99 Fort Washington Avenue,Manhattan,10032,212-927-5600,Senior Center (DFTA),C6201,,,,,Sponsor: RIVERSTONE SENIOR LIFE SERVICES INC. | Hours: 08:30-04:30 Mon-Fri
SAGE CENTER HARLEM,SERVICES AND ADVOCACY FOR GAYLESBIANBISEXUAL AND TRANSGEND,220 West 143rd Street,Manhattan,10030,929-458-0170,Senior Center (DFTA),C6902,,,,,Sponsor: SERVICES AND ADVOCACY FOR GAYLESBIANBISEXUAL AND TRANSGEND | Hours: 09:00-05:00 Mon-Fri
SENIOR CENTER @ ST PETER'S CHURCH,LENOX HILL NEIGHBORHOOD HOUSE INC,619 Lexington Avenue,Manhattan,10022,212-308-1959,Senior Center (DFTA),W1802,,,,,Sponsor: LENOX HILL NEIGHBORHOOD HOUSE INC | Hours: 08:00-06:00 Mon-Fri
STANLEY ISAACS NSC/HOLMES OLDER ADULT CENTER,STANLEY M ISAACS NEIGHBORHOOD CENTER INC,415 E 93rd Street,Manhattan,10128,212-360-7620,Senior Center (DFTA),C7601,,,,,Sponsor: STANLEY M ISAACS NEIGHBORHOOD CENTER INC | Hours: 09:00-05:00 Mon-Fri
STEIN OLDER ADULT CENTER,STEIN SENIOR CENTER INC,204 East 23rd Street,Manhattan,10010,646-395-8083,Senior Center (DFTA),C7801,,,,,Sponsor: STEIN SENIOR CENTER INC | Hours: 08:00-04:00 Mon-Fri
UJCES LILLIAN WALD OAC CENTER,UNITED JEWISH COUNCIL OF THE EAST SIDE INC,12 Ave D,Manhattan,10009,212-260-2731,Senior Center (DFTA),C8501,,,,,Sponsor: UNITED JEWISH COUNCIL OF THE EAST SIDE INC | Hours: 09:00-05:00 Mon-Fri
UJCES LUNCH CLUB OAC,UNITED JEWISH COUNCIL OF THE EAST SIDE INC,15 Willett Street,Manhattan,10002,212-673-9328,Senior Center (DFTA),C8502,,,,,Sponsor: UNITED JEWISH COUNCIL OF THE EAST SIDE INC | Hours: 08:00-04:00 Mon-Fri
UNIVERSITY SETTLEMENT OAC,UNIVERSITY SETTLEMENT SOCIETY OF NEW YORK,189 Allen Street,Manhattan,10002,212-453-4564,Senior Center (DFTA),C8701,,,,,Sponsor: UNIVERSITY SETTLEMENT SOCIETY OF NEW YORK | Hours: 08:00-04:00 Mon-Fri
VISIONS CENTER ON AGING OAC,VISIONS/SERVICES FOR THE BLIND AND VISUALLY IMPAIRED,135 West 23rd Street,Manhattan,10011,646-486-4444,Senior Center (DFTA),C8801,,,,,Sponsor: VISIONS/SERVICES FOR THE BLIND AND VISUALLY IMPAIRED | Hours: 09:00-05:00 Mon-Fri
WAGNER SATELLITE,UNION SETTLEMENT ASSOCIATION,435 East 120th Street,Manhattan,10035,212-987-2980,Senior Center (DFTA),W2404,,,,,Sponsor: UNION SETTLEMENT ASSOCIATION | Hours: 09:00-05:00 Mon-Fri
WASHINGTON HEIGHTS NEIGHBORHOOD SENIOR CENTER (STAR OAC),WASHINGTON HEIGHTS COMMUNITY SERVICE INC,650 West 187th Street,Manhattan,10033,212-781-8331,Senior Center (DFTA),C8901,,,,,Sponsor: WASHINGTON HEIGHTS COMMUNITY SERVICE INC | Hours: 08:00-04:00 Mon-Fri
WASHINGTON LEXINGTON SATELLITE,UNION SETTLEMENT ASSOCIATION,1775 Third Avenue,Manhattan,10029,212-828-6115,Senior Center (DFTA),W2402,,,,,Sponsor: UNION SETTLEMENT ASSOCIATION | Hours: 09:00-05:00 Mon-Fri
WESTBETH,GREENWICH HOUSE INC.,155 Bank Street,Manhattan,10014,212-255-5191,Senior Center (DFTA),W1505,,,,,Sponsor: GREENWICH HOUSE INC. | Hours: 00:00-00:00 Mon-Fri
ALLEN AME COMMUNITY SENIOR CITIZENS CENTERS - LINDEN BLVD,ALLEN AME CHURCH dba ALLEN COMMUNITY SENIOR CITIZENS CENTER,166-01 Linden Blvd,Queens,11434,718-658-0980,Senior Center (DFTA),C0204,,,,,Sponsor: ALLEN AME CHURCH dba ALLEN COMMUNITY SENIOR CITIZENS CENTER | Hours: 08:00-04:00 Mon-Fri
ALLEN AME ROCKAWAY BLVD SENIOR CENTER,ALLEN AME CHURCH dba ALLEN COMMUNITY SENIOR CITIZENS CENTER,123-10 143rd Street,Queens,11436,718-657-6752,Senior Center (DFTA),C0205,,,,,Sponsor: ALLEN AME CHURCH dba ALLEN COMMUNITY SENIOR CITIZENS CENTER | Hours: 09:00-05:00 Mon-Fri
ALLEN AME THEODORA JACKSON CENTER,ALLEN AME CHURCH dba ALLEN COMMUNITY SENIOR CITIZENS CENTER,92-47 165th Street,Queens,11433,929-357-9552,Senior Center (DFTA),C0201,,,,,Sponsor: ALLEN AME CHURCH dba ALLEN COMMUNITY SENIOR CITIZENS CENTER | Hours: 09:00-05:00 Mon-Fri
ALLEN INTERNATIONAL TOWERS AFFILIATE,ALLEN AME CHURCH dba ALLEN COMMUNITY SENIOR CITIZENS CENTER,90-20 170th Street,Queens,11432,718-657-5075,Senior Center (DFTA),C0202,,,,,Sponsor: ALLEN AME CHURCH dba ALLEN COMMUNITY SENIOR CITIZENS CENTER | Hours: 09:00-05:00 Mon-Fri
ALPHA PHI ALPHA SENIOR CITIZENS OAC,ALPHA PHI ALPHA SENIOR CITIZENS CENTER INC,220-01 Linden Blvd,Queens,11411,718-528-8238,Senior Center (DFTA),C0301,,,,,Sponsor: ALPHA PHI ALPHA SENIOR CITIZENS CENTER INC | Hours: 09:00-05:00 Mon-Fri
ASTORIA NSC,SPANISH SPEAKING ELDERLY COUNCIL RAICES INC.,21-21 30th Drive,Queens,11102,718-726-9642,Senior Center (DFTA),C7209,,,,,Sponsor: SPANISH SPEAKING ELDERLY COUNCIL RAICES INC. | Hours: 09:00-05:00 Mon-Fri
BROOKS SENIOR CENTER,BROOKS MEMORIAL UNITED METHODIST CHURCH,143-22 109th Avenue,Queens,11435,718-291-3935,Senior Center (DFTA),C1401,,,,,Sponsor: BROOKS MEMORIAL UNITED METHODIST CHURCH | Hours: 08:00-04:00 Mon-Fri
BROOKS SENIOR CENTER,BROOKS SENIOR CENTER,143-22 109TH AVENUE.,Queens,11435,718-291-3935,Senior Center (DFTA),VN601,,,,,Sponsor: BROOKS SENIOR CENTER | Hours: - Mon-Fri
CCNS BAYSIDE OAC,CATHOLIC CHARITIES NEIGHBORHOOD SERVICES INC,221-15 Horace Harding Expressway,Queens,11364,718-225-1144,Senior Center (DFTA),C1701,,,,,Sponsor: CATHOLIC CHARITIES NEIGHBORHOOD SERVICES INC | Hours: 08:00-04:00 Mon-Fri
CCNS BEST LIFE OAC,CATHOLIC CHARITIES NEIGHBORHOOD SERVICES INC,118-35 Farmers Boulevard,Queens,11412,718-722-6095,Senior Center (DFTA),C1712,,,,,Sponsor: CATHOLIC CHARITIES NEIGHBORHOOD SERVICES INC | Hours: 09:00-05:00 Mon-Fri
CCNS CATHERINE SHERIDAN OAC,CATHOLIC CHARITIES NEIGHBORHOOD SERVICES INC,35-24 83rd Street,Queens,11372,718-458-4600,Senior Center (DFTA),C1703,,,,,Sponsor: CATHOLIC CHARITIES NEIGHBORHOOD SERVICES INC | Hours: 08:30-04:30 Mon-Fri
CCNS DELLAMONICA- SREINWAY OAC,CATHOLIC CHARITIES NEIGHBORHOOD SERVICES INC,23-56 Broadway,Queens,11106,718-626-1500,Senior Center (DFTA),C1702,,,,,Sponsor: CATHOLIC CHARITIES NEIGHBORHOOD SERVICES INC | Hours: 09:00-05:00 Mon-Fri
CCNS HILLCREST OAC,CATHOLIC CHARITIES NEIGHBORHOOD SERVICES INC,91-34 182nd Pl,Queens,11432,718-297-7171,Senior Center (DFTA),C1707,,,,,Sponsor: CATHOLIC CHARITIES NEIGHBORHOOD SERVICES INC | Hours: 09:00-05:00 Mon-Fri
CCNS HOWARD BEACH OAC,CATHOLIC CHARITIES NEIGHBORHOOD SERVICES INC,155-55 Cross Bay Blvd,Queens,11414,718-738-8100,Senior Center (DFTA),C1704,,,,,Sponsor: CATHOLIC CHARITIES NEIGHBORHOOD SERVICES INC | Hours: 08:00-04:00 Mon-Fri
CCNS OZONE PARK OAC,CATHOLIC CHARITIES NEIGHBORHOOD SERVICES INC,103-02 101st Avenue,Queens,11416,718-847-2100,Senior Center (DFTA),C1705,,,,,Sponsor: CATHOLIC CHARITIES NEIGHBORHOOD SERVICES INC | Hours: 08:00-04:00 Mon-Fri
CCNS SEASIDE OAC,CATHOLIC CHARITIES NEIGHBORHOOD SERVICES INC,320 Beach 94th Street,Queens,11693,347-926-4119,Senior Center (DFTA),C1709,,,,,Sponsor: CATHOLIC CHARITIES NEIGHBORHOOD SERVICES INC | Hours: 08:00-04:00 Mon-Fri
CCNS WOODHAVEN-RICHMOND HILL OAC,CATHOLIC CHARITIES NEIGHBORHOOD SERVICES INC,89-02 91st Street,Queens,11421,718-847-9200,Senior Center (DFTA),C1716,,,,,Sponsor: CATHOLIC CHARITIES NEIGHBORHOOD SERVICES INC | Hours: 08:00-04:00 Mon-Fri
CORONA OAC,SPANISH SPEAKING ELDERLY COUNCIL RAICES INC.,107-24 Corona Avenue,Queens,11368,718-321-0463,Senior Center (DFTA),C7203,,,,,Sponsor: SPANISH SPEAKING ELDERLY COUNCIL RAICES INC. | Hours: 09:00-05:00 Mon-Fri
CPC NAN SHAN NEIGHBORHOOD SENIOR CENTER,CHINESE AMERICAN PLANNING COUNCIL INC,133-14 41st Avenue 1st Floor,Queens,11355,718-358-3030,Senior Center (DFTA),C2102,,,,,Sponsor: CHINESE AMERICAN PLANNING COUNCIL INC | Hours: 08:00-04:00 Mon-Fri
ELMCOR GOLDEN PHOENIX CLUB FOUR,ELMCOR YOUTH & ADULT ACTIVITIES INC,33-16 108th Street,Queens,11368,718-651-0096,Senior Center (DFTA),CC101,,,,,Sponsor: ELMCOR YOUTH & ADULT ACTIVITIES INC | Hours: 09:00-03:00 Mon-Fri
ELMCOR GOLDEN PHOENIX CLUB THREE,ELMCOR YOUTH & ADULT ACTIVITIES INC,96-05 Horace Harding ExpressWay,Queens,11368,718-651-0096,Senior Center (DFTA),45D01,,,,,Sponsor: ELMCOR YOUTH & ADULT ACTIVITIES INC | Hours: 09:00-05:00 Mon-Fri
ELMHURST,INSTITUTE FOR THE PUERTO RICAN HISPANIC ELDERLY INC,75-01 Broadway Avenue,Queens,11373,718-478-7171,Senior Center (DFTA),W1604,,,,,Sponsor: INSTITUTE FOR THE PUERTO RICAN HISPANIC ELDERLY INC | Hours: 08:00-04:00 Mon-Fri
FLORENCE E SMITH OAC,FLORENCE E. SMITH SENIOR SERVICE,102-19 34 Avenue,Queens,11368,718-899-0553,Senior Center (DFTA),C2501,,,,,Sponsor: FLORENCE E. SMITH SENIOR SERVICE | Hours: 08:00-04:00 Mon-Fri
GOLDEN PHOENIX 1 (ELMCOR NSC),ELMCOR YOUTH & ADULT ACTIVITIES INC,98-19 Astoria Blvd,Queens,11369,718-651-0096,Senior Center (DFTA),W1301,,,,,Sponsor: ELMCOR YOUTH & ADULT ACTIVITIES INC | Hours: 09:00-05:00 Mon-Fri
GOLDEN PHOENIX 2 (ELMCOR LEFRAK NSC),ELMCOR YOUTH & ADULT ACTIVITIES INC,95-18 Northern Blvd,Queens,11368,718-651-0096,Senior Center (DFTA),W1302,,,,,Sponsor: ELMCOR YOUTH & ADULT ACTIVITIES INC | Hours: 09:00-04:00 Mon-Fri
HANAC ANGELO PETROMELIS OLDER ADULT CENTER,HANAC INC.,13-28 123rd Street,Queens,11356,718-961-0344,Senior Center (DFTA),C3901,,,,,Sponsor: HANAC INC. | Hours: 08:00-03:30 Mon-Fri
HANAC RAVENSWOOD OLDER ADULT CENTER,HANAC INC.,34-35 12th Street,Queens,11106,718-786-1550,Senior Center (DFTA),C3903,,,,,Sponsor: HANAC INC. | Hours: 08:00-04:00 Mon-Fri
HARMONY JVL OLDER ADULT CENTER,HANAC INC.,27-40 Hoyt Avenue South,Queens,11102,718-396-5002,Senior Center (DFTA),C3902,,,,,Sponsor: HANAC INC. | Hours: 08:30-04:30 Mon-Fri
INDIA HOME DESI SENIOR CENTER,INDIA HOME INC,85-37 168 Street,Queens,11432,917-825-1559,Senior Center (DFTA),C4401,,,,,Sponsor: INDIA HOME INC | Hours: 09:00-05:00 Mon-Fri
INDIA HOME INC.,INDIA HOME INC,178-36 Wexford Terrace,Queens,11432,917-288-7600,Senior Center (DFTA),4DV01,,,,,Sponsor: INDIA HOME INC | Hours: - Mon-Fri
ITALIAN SENIOR CITIZENS CENTER,ITALIAN SENIOR CITIZENS CENTER INC.,83-20 Queens Blvd,Queens,11373,718-335-7272,Senior Center (DFTA),C4501,,,,,Sponsor: ITALIAN SENIOR CITIZENS CENTER INC. | Hours: 09:00-04:00 Mon-Fri
JAMAICA OLDER ADULT CENTER,QUEENS COMMUNITY HOUSE INC.,89-60 164th Street,Queens,11432,718-592-5757,Senior Center (DFTA),CC201,,,,,Sponsor: QUEENS COMMUNITY HOUSE INC. | Hours: 09:00-05:00 Mon-Fri
JASA BROOKDALE VILLAGE,THE JEWISH ASSOCIATION FOR SERVICES FOR THE AGED,131 Beach 19 Street,Queens,11691,718-471-3200,Senior Center (DFTA),W2204,,,,,Sponsor: THE JEWISH ASSOCIATION FOR SERVICES FOR THE AGED | Hours: 08:30-04:30 Mon-Fri
JASA HOLLISWOOD OLDER ADULT CENTER,THE JEWISH ASSOCIATION FOR SERVICES FOR THE AGED,86-25 Francis Lewis Boulevard,Queens,11427,718-454-6157,Senior Center (DFTA),C8305,,,,,Sponsor: THE JEWISH ASSOCIATION FOR SERVICES FOR THE AGED | Hours: 08:00-04:00 Mon-Fri
JASA ROCKAWAY PARK,THE JEWISH ASSOCIATION FOR SERVICES FOR THE AGED,106-20 Shore Front Parkway,Queens,11694,718-634-3044,Senior Center (DFTA),W2206,,,,,Sponsor: THE JEWISH ASSOCIATION FOR SERVICES FOR THE AGED | Hours: 08:00-04:00 Mon-Fri
JASA ROY REUTHER,THE JEWISH ASSOCIATION FOR SERVICES FOR THE AGED,711 Seagirt Avenue,Queens,11691,718-471-3110,Senior Center (DFTA),W2205,,,,,Sponsor: THE JEWISH ASSOCIATION FOR SERVICES FOR THE AGED | Hours: 08:00-04:00 Mon-Fri
KOREAN COMMUNITY SERVICES CORONA OAC,KOREAN COMMUNITY SERVICES OF METROPOLITAN NEW YORK INC,37-06 111th Street,Queens,11368,718-651-9220,Senior Center (DFTA),C4901,,,,,Sponsor: KOREAN COMMUNITY SERVICES OF METROPOLITAN NEW YORK INC | Hours: 09:00-05:00 Mon-Fri
KOREAN COMMUNITY SERVICES FLUSHING + SATELLITE MN9,KOREAN COMMUNITY SERVICES OF METROPOLITAN NEW YORK INC,42-15 166th Street,Queens,11358,718-886-8203,Senior Center (DFTA),C4902,,,,,Sponsor: KOREAN COMMUNITY SERVICES OF METROPOLITAN NEW YORK INC | Hours: 05:00-05:00 Mon-Fri
MIDDLE VILLAGE ADULT CENTER,RABBI ISRAEL MEYER HACOHEN RABBINICAL SEMINARY OF AMERICA,69-10 75th St.,Queens,11379,718-894-3441,Senior Center (DFTA),4AT01,,,,,Sponsor: RABBI ISRAEL MEYER HACOHEN RABBINICAL SEMINARY OF AMERICA | Hours: - Mon-Fri
MIDDLE VILLAGE OAC,RABBI ISRAEL MEYER HACOHEN RABBINICAL SEMINARY OF AMERICA,69-10 75th Street,Queens,11379,718-894-3441,Senior Center (DFTA),C5701,,,,,Sponsor: RABBI ISRAEL MEYER HACOHEN RABBINICAL SEMINARY OF AMERICA | Hours: 08:00-04:00 Mon-Fri
NNORC WOW,COMMONPOINT QUEENS,58-20 Little Neck Parkway,Queens,11362,718-225-6750,Senior Center (DFTA),4N101,,,,,Sponsor: COMMONPOINT QUEENS | Hours: - Mon-Fri
OCEAN BAY CDC OLDER ADULT CENTER,OCEAN BAY COMMUNITY DEVELOPMENT CORPORATION,57-17 Shore Front Parkway,Queens,11693,718-945-8640,Senior Center (DFTA),C5301,,,,,Sponsor: OCEAN BAY COMMUNITY DEVELOPMENT CORPORATION | Hours: 08:00-04:00 Mon-Fri
PETER CARDELLA OLDER ADULT CENTER,PETER CARDELLA SENIOR CITIZEN CENTER INC,68-52 Fresh Pond Road,Queens,11385,718-497-2908,Senior Center (DFTA),C5401,,,,,Sponsor: PETER CARDELLA SENIOR CITIZEN CENTER INC | Hours: 08:00-03:30 Mon-Fri
QCH FOREST HILLS OAC,QUEENS COMMUNITY HOUSE INC.,108-25 62nd Drive,Queens,11375,718-699-1010,Senior Center (DFTA),C5601,,,,,Sponsor: QUEENS COMMUNITY HOUSE INC. | Hours: 08:00-04:00 Mon-Fri
QCH KEW GARDENS COMMUNITY CENTER OAC,QUEENS COMMUNITY HOUSE INC.,80-02 Kew Gardens Road,Queens,11415,718-268-0895,Senior Center (DFTA),C5602,,,,,Sponsor: QUEENS COMMUNITY HOUSE INC. | Hours: 09:00-05:00 Mon-Fri
QCH POMONOK OAC,QUEENS COMMUNITY HOUSE INC.,67-09 Kissena Blvd,Queens,11367,718-591-3377,Senior Center (DFTA),C5603,,,,,Sponsor: QUEENS COMMUNITY HOUSE INC. | Hours: 08:00-04:00 Mon-Fri
QCH QUEENS CENTER FOR GAY SENIORS OAC,QUEENS COMMUNITY HOUSE INC.,37-06 77th Street,Queens,11372,718-533-6459,Senior Center (DFTA),C5604,,,,,Sponsor: QUEENS COMMUNITY HOUSE INC. | Hours: 09:00-05:00 Mon-Fri
QCH REGO PARK OAC,QUEENS COMMUNITY HOUSE INC.,93-29 Queens Blvd,Queens,11374,718-896-8511,Senior Center (DFTA),C5605,,,,,Sponsor: QUEENS COMMUNITY HOUSE INC. | Hours: 08:00-04:00 Mon-Fri
QUEENSBRIDGE CENTER,JACOB A RIIS NEIGHBORHOOD SETTLEMENT,10-25 41st Avenue,Queens,11101,718-784-7447,Senior Center (DFTA),C4601,,,,,Sponsor: JACOB A RIIS NEIGHBORHOOD SETTLEMENT | Hours: 08:00-04:00 Mon-Fri
RAICES ASTORIA SOCIAL CLUB,SPANISH SPEAKING ELDERLY COUNCIL RAICES INC.,4-05 Astoria Blvd,Queens,11102,718-762-9642,Senior Center (DFTA),C7210,,,,,Sponsor: SPANISH SPEAKING ELDERLY COUNCIL RAICES INC. | Hours: 09:00-05:00 Mon-Fri
RAICES BLAND SOCIAL CLUB,SPANISH SPEAKING ELDERLY COUNCIL RAICES INC.,40-15 College Point Blvd,Queens,11354,718-694-0895,Senior Center (DFTA),C7204,,,,,Sponsor: SPANISH SPEAKING ELDERLY COUNCIL RAICES INC. | Hours: 09:00-05:00 Mon-Fri
RIDGEWOOD OLDER ADULT CENTER AND SERVICES,RIDGEWOOD OLDER ADULT CENTER AND SERVICES INC,5914 70th Avenue,Queens,11385,718-456-2000,Senior Center (DFTA),C5901,,,,,Sponsor: RIDGEWOOD OLDER ADULT CENTER AND SERVICES INC | Hours: 08:30-04:00 Mon-Fri
ROBERT COUCHE OLDER ADULT CENTER,MERRILL PARK CIVIC ASSOCIATION OF SPRINGFIELD GARDENS INC,137-57 Farmers Boulevard,Queens,11434,718-978-8352,Senior Center (DFTA),CC301,,,,,Sponsor: MERRILL PARK CIVIC ASSOCIATION OF SPRINGFIELD GARDENS INC | Hours: 09:00-05:00 Mon-Fri
ROCHDALE VILLAGE SC,ROCHDALE VILLAGE SOCIAL SERVICES INC,169-65 137th Avenue,Queens,11434,718-525-2800,Senior Center (DFTA),C6301,,,,,Sponsor: ROCHDALE VILLAGE SOCIAL SERVICES INC | Hours: 09:00-05:00 Mon-Fri
SAM FIELD OLDER ADULT CENTER,COMMONPOINT QUEENS,58-20 Little Neck Pkwy,Queens,11362,718-225-6750,Senior Center (DFTA),C6501,,,,,Sponsor: COMMONPOINT QUEENS | Hours: 09:00-04:00 Mon-Fri
SAMUEL FIELD Y BAY TERRACE OLDER ADULT CENTER,COMMONPOINT QUEENS,21200 23rd Avenue,Queens,11360,718-225-4253,Senior Center (DFTA),C6502,,,,,Sponsor: COMMONPOINT QUEENS | Hours: 08:00-04:00 Mon-Fri
SELFHELP AUSTIN ST,SELFHELP COMMUNITY SERVICES INC,106-06 Queens Boulevard,Queens,11375,718-520-8197,Senior Center (DFTA),W2101,,,,,Sponsor: SELFHELP COMMUNITY SERVICES INC | Hours: 08:30-04:30 Mon-Fri
SELFHELP BENJAMIN ROSENTHAL,SELFHELP COMMUNITY SERVICES INC,45-25 Kissena Boulevard,Queens,11355,718-886-5777,Senior Center (DFTA),W2102,,,,,Sponsor: SELFHELP COMMUNITY SERVICES INC | Hours: 08:30-04:00 Mon-Fri
SELFHELP CLEARVIEW,SELFHELP COMMUNITY SERVICES INC,208-11 26th Avenue,Queens,11360,718-224-7888,Senior Center (DFTA),W2103,,,,,Sponsor: SELFHELP COMMUNITY SERVICES INC | Hours: 08:30-04:00 Mon-Fri
SELFHELP LATIMER,SELFHELP COMMUNITY SERVICES INC,34-30 137th Street,Queens,11354,718-961-3660,Senior Center (DFTA),W2104,,,,,Sponsor: SELFHELP COMMUNITY SERVICES INC | Hours: 08:30-04:00 Mon-Fri
SELFHELP MASPETH,SELFHELP COMMUNITY SERVICES INC,69-61 Grand Avenue,Queens,11378,718-429-3636,Senior Center (DFTA),W2105,,,,,Sponsor: SELFHELP COMMUNITY SERVICES INC | Hours: 08:30-04:00 Mon-Fri
SNAP #1: EASTERN QUEENS OAC,SERVICES NOW FOR ADULT PERSONS INC,80-45 Winchester Blvd Bldg. 4,Queens,11427,718-525-8899,Senior Center (DFTA),C7001,,,,,Sponsor: SERVICES NOW FOR ADULT PERSONS INC | Hours: 08:30-04:30 Mon-Fri
SNAP #2: BROOKVILLE OAC,SERVICES NOW FOR ADULT PERSONS INC,133-33 Brookville Boulevard,Queens,11422,718-454-2100,Senior Center (DFTA),C7002,,,,,Sponsor: SERVICES NOW FOR ADULT PERSONS INC | Hours: 08:30-04:30 Mon-Fri
SUNNYSIDE COMMUNITY SERVICES OAC,SUNNYSIDE COMMUNITY SERVICES INC,43-39 39th Street,Queens,11104,718-784-6173,Senior Center (DFTA),C7901,,,,,Sponsor: SUNNYSIDE COMMUNITY SERVICES INC | Hours: 08:30-04:30 Mon-Fri
WOODSIDE OLDER ADULT CENTER,SAMARITAN DAYTOP VILLAGE INC,50-37 Newtown Road,Queens,11377,718-932-6916,Senior Center (DFTA),C6401,,,,,Sponsor: SAMARITAN DAYTOP VILLAGE INC | Hours: 07:45-03:45 Mon-Fri
WOODSIDE OLDER ADULT CENTER,SAMARITAN DAYTOP VILLAGE INC,50-37 Newtown Road,Queens,11377,718-206-2000,Senior Center (DFTA),3TB01,,,,,Sponsor: SAMARITAN DAYTOP VILLAGE INC | Hours: - Mon-Fri
YOUNG ISRAEL PROGRAMS FOREST HILLS,YOUNG ISRAEL PROGRAMS INC,68-07 Burns Street,Queens,11375,718-520-2305,Senior Center (DFTA),C9401,,,,,Sponsor: YOUNG ISRAEL PROGRAMS INC | Hours: 08:00-04:00 Mon-Fri
YOUNG ISRAEL PROGRAMS QUEENS VALLEY II,YOUNG ISRAEL PROGRAMS INC,141-55 77th Avenue,Queens,11367,718-263-6995,Senior Center (DFTA),C9403,,,,,Sponsor: YOUNG ISRAEL PROGRAMS INC | Hours: 08:00-04:00 Mon-Fri
YOUNG ISRAEL WAVECREST & BAYSWATER SENIOR LEAGUE,YOUNG ISRAEL PROGRAMS INC,2716 Healy Avenue,Queens,11691,718-327-0297,Senior Center (DFTA),C9404,,,,,Sponsor: YOUNG ISRAEL PROGRAMS INC | Hours: 08:00-04:00 Mon-Fri
ANDERSON NEIGHBORHOOD SENIOR CENTER,CATHOLIC CHARITIES OF STATEN ISLAND INC.,120 Anderson Avenue,Staten Island,10302,718-448-5757,Senior Center (DFTA),C1801,,,,,Sponsor: CATHOLIC CHARITIES OF STATEN ISLAND INC. | Hours: 07:00-03:00 Mon-Fri
ARROCHAR,STATEN ISLAND COMMUNITY SERVICES FRIENDSHIP CLUBS INC,44 Bionia Avenue,Staten Island,10305,718-698-7979,Senior Center (DFTA),C7702,,,,,Sponsor: STATEN ISLAND COMMUNITY SERVICES FRIENDSHIP CLUBS INC | Hours: 08:00-04:00 Mon-Fri
AVIS SOUTH SHORE OAC,JEWISH COMMUNITY CENTER OF STATEN ISLAND INC,1297 Arthur Kill Road,Staten Island,10312,718-475-5283,Senior Center (DFTA),W1702,,,,,Sponsor: JEWISH COMMUNITY CENTER OF STATEN ISLAND INC | Hours: 08:00-04:00 Mon-Fri
BERNIKOW OAC,JEWISH COMMUNITY CENTER OF STATEN ISLAND INC,1466 Manor Road,Staten Island,10314,718-475-5284,Senior Center (DFTA),W1701,,,,,Sponsor: JEWISH COMMUNITY CENTER OF STATEN ISLAND INC | Hours: 09:00-05:00 Mon-Fri
CASC CASSIDY COLES NSC,COMMUNITY AGENCY FOR SENIOR CITIZENS INC,125 Cassidy Place,Staten Island,10301,718-273-6808,Senior Center (DFTA),C2201,,,,,Sponsor: COMMUNITY AGENCY FOR SENIOR CITIZENS INC | Hours: 08:00-04:00 Mon-Fri
CASC NEW LANE NSC,COMMUNITY AGENCY FOR SENIOR CITIZENS INC,70 New Lane,Staten Island,10301,718-448-5936,Senior Center (DFTA),C2202,,,,,Sponsor: COMMUNITY AGENCY FOR SENIOR CITIZENS INC | Hours: 08:00-04:00 Mon-Fri
GREAT KILLS OAC,STATEN ISLAND COMMUNITY SERVICES FRIENDSHIP CLUBS INC,11 Sampson Avenue,Staten Island,10308,718-356-5050,Senior Center (DFTA),C7701,,,,,Sponsor: STATEN ISLAND COMMUNITY SERVICES FRIENDSHIP CLUBS INC | Hours: 08:00-04:00 Mon-Fri
MOUNT LORETTO OAC,STATEN ISLAND COMMUNITY SERVICES FRIENDSHIP CLUBS INC,6581 Hylan Boulevard,Staten Island,10309,718-984-8589,Senior Center (DFTA),C7703,,,,,Sponsor: STATEN ISLAND COMMUNITY SERVICES FRIENDSHIP CLUBS INC | Hours: 08:00-04:00 Mon-Fri
NEW DORP BEACH OAC,STATEN ISLAND COMMUNITY SERVICES FRIENDSHIP CLUBS INC,128 Cedar Grove Avenue,Staten Island,10306,TBD,Senior Center (DFTA),C7704,,,,,Sponsor: STATEN ISLAND COMMUNITY SERVICES FRIENDSHIP CLUBS INC | Hours: 09:00-05:00 Mon-Fri
STAPELTON OAC,JEWISH COMMUNITY CENTER OF STATEN ISLAND INC,189 Gordon Street,Staten Island,10304,718-981-8828,Senior Center (DFTA),W1703,,,,,Sponsor: JEWISH COMMUNITY CENTER OF STATEN ISLAND INC | Hours: 08:00-04:00 Mon-Fri
TODT HILL OAC,STATEN ISLAND COMMUNITY SERVICES FRIENDSHIP CLUBS INC,184 SCHMIDTS LANE,Staten Island,10314,718-698-7979,Senior Center (DFTA),C7705,,,,,Sponsor: STATEN ISLAND COMMUNITY SERVICES FRIENDSHIP CLUBS INC | Hours: 08:00-04:00 Mon-Fri
WEST BRIGHTON NEIGHBORHOOD SENIOR CENTER,CATHOLIC CHARITIES OF STATEN ISLAND INC.,230 Broadway,Staten Island,10310,718-727-9793,Senior Center (DFTA),C1802,,,,,Sponsor: CATHOLIC CHARITIES OF STATEN ISLAND INC. | Hours: 08:00-04:00 Mon-Fri
