Rank,Venue,Neighborhood,Address,Phone,Booking Email,Booking Contact,Website,Capacity,Genres,Hours,Notable Acts / History,Email Template Note
1,Terra Blues,Greenwich Village,"149 Bleecker St, New York, NY 10012",(212) 777-7776,reservations@terrablues.com,Bookings via email,https://terrablues.com/,150 (21+),"Blues (acoustic + electric), Chicago-style, soul-blues",Tue–Sun live music,Live blues since 1990 — second-floor view of Bleecker,Use ""reservations@"" — site says include name, group size, arrival time, phone
2,The Iridium,Midtown West,"1650 Broadway (at 51st St), New York, NY 10019",(212) 582-2121,iridiumjazz@gmail.com,Brian McKenna — Exclusive In-House Booking — 1-917-748-4337,https://www.theiridium.com/,~75–80,"Jazz, blues, classic rock, guitar-forward music",7 PM–12 AM nightly,Les Paul residency 1965–2009 — call Brian directly for serious booking inquiries
3,Smalls Jazz Club,West Village,"183 W 10th St (basement), New York, NY 10014",(212) 252-5091,(via smallslive.com/contact form),Mitchell Borden founded 1994; current booking via venue,https://www.smallslive.com/,~50,"Straight-ahead jazz, late-night jam sessions",Late-night sets + 2 PM Sunday jam,Affordable cover, deep jam tradition — go through the contact form, mention whether you want a set or a jam slot
4,The Stone at the New School,Greenwich Village,"55 W 13th St, New York, NY 10011",(212) 229-8913,(via thestonenyc.com),Curator: John Zorn (booking is curated, not open submission),http://thestonenyc.com/,~100,"Experimental, avant-garde, free improv",Wed–Sat 8:30 PM,$20 per set — invitation/curation driven, not a typical booking inquiry
5,Blue Note,Greenwich Village,"131 W 3rd St, New York, NY 10012",(212) 475-8592 (box office),(via bluenotejazz.com/nyc/contact),Booking via Blue Note Entertainment Group,https://www.bluenotejazz.com/nyc/,~200,"Jazz (primary), blues + soul guests",Music 8 PM & 10:30 PM, doors 6 PM & 10 PM,Most famous jazz club in NYC — $20 minimum per person — go through the website contact form
6,Zinc Bar,Greenwich Village,"82 W 3rd St, New York, NY 10012",(212) 477-9462,info@zincbar.com (verify on site),(via website contact),https://www.zincbar.com/,~60,"Afro-Cuban, Brazilian, jazz, world-blues fusion",Bar 5 PM–midnight; shows 7 PM + 8:30 PM (no cover),Art Deco candle-lit room; oldest surviving jazz club in Greenwich Village
7,Cellar Dog (formerly Fat Cat),West Village,"75 Christopher St, New York, NY 10014",(212) 675-6056,bookings@cellar.dog,Booking Manager,https://www.cellardog.net/,"~150 (pool hall + stage)","Jazz, Latin, blues jams, Brazilian grooves",Mon–Sun 4 PM–4 AM; jazz at 7 PM nightly,$5 cover most nights ($10 weekends) — pool tables + ping-pong in back
8,The Bitter End,Greenwich Village,"147 Bleecker St, New York, NY 10012",(212) 673-7030,info@bitterend.com,Booking via email — send EPK + phone number,https://bitterend.com/,"~200","Rock, folk, blues, jazz, funk, spoken word",Open 7 days a week,Since 1961 — Stevie Wonder, Joni Mitchell, Lady Gaga got their starts here — also does on-site recording
9,Cafe Wha?,Greenwich Village,"116 MacDougal St, New York, NY 10012",(212) 254-3706,(via cafewha.com/contact form),Booking via website contact form,https://www.cafewha.com/,~200,"Multi-genre: rock, funk, blues, reggae, jazz",Wed–Sun evenings (House Band 8 PM/9:45 PM/11:30 PM),Since 1959 — Bob Dylan's first NYC gig Jan 1961 — contact form is the official route
10,Barbès,Park Slope / Brooklyn,"376 9th St, Brooklyn, NY 11215",(347) 422-0248,info@barbesbrooklyn.com,Olivier Conan + team,https://barbesbrooklyn.com/,~60 (21+),"Acoustic, jazz, Afro-Cuban, Balkan, global folk-blues",Mon–Sun evenings — programming nightly,Park Slope living room — world-music-tinged, acoustic-leaning — a room that books true artists
11,Jalopy Theatre and School of Music,Red Hook / Brooklyn,"315 Columbia St, Brooklyn, NY 11231",(718) 395-3214,feral@jalopytheatre.org,Feral Foster (Booking),https://jalopytheatre.org/,~50,"Folk, old-time, Appalachian, blues, traditional music",Hours vary with shows + classes,Non-profit, deep roots-music community — also runs a school of music — Feral books the room
12,Knitting Factory Brooklyn,Williamsburg / Brooklyn,"361 Metropolitan Ave, Brooklyn, NY 11211",(347) 729-3136,info@bk.knittingfactory.com (verify),Knitting Factory Entertainment — booking dept,https://bk.knittingfactory.com/,~300,"Experimental, jazz, indie, blues-rock, hip-hop",Evenings — varies,Original Knit was the downtown experimental room — Brooklyn room carries that lineage — Knitting Factory Management also books
13,Ginny's Supper Club (downstairs at Red Rooster),Harlem,"310 Lenox Ave (at 125th), New York, NY 10027",(212) 792-9001,events@marcussamuelsson.com (or via Red Rooster),Marcus Samuelsson Group — events team,https://www.ginnyssupperclub.com/,~40 seated / 50 standing,"Gospel, soul, blues, jazz, R&B — Harlem Renaissance programming",Evenings — schedule varies,Speakeasy-style below Red Rooster — book private events through the MSG group
14,Red Rooster Harlem,Harlem,"310 Lenox Ave (at 125th), New York, NY 10027",(212) 792-9001,info@redroosterharlem.com (verify),Marcus Samuelsson Group,https://www.redroosterharlem.com/,~150 (restaurant + stage),"Gospel brunch, soul, blues, jazz, R&B",Daily — Ginny's Supper Club downstairs hosts live music nightly,Marcus Samuelsson's flagship — strong community/activist programming
15,Smalls Paradise successor / Harlem blues nights (combine: Paris Blues),Harlem,"2021 7th Ave (at 122nd), New York, NY 10027",(212) 662-8626,bluesharlem@aol.com (historical),Booking via phone,https://www.parisbluesharlem.com/,~40,"Classic blues, jazz — Sunday afternoon blues jam",Afternoon/evening hours,Long-running Harlem blues room with a Sunday jam — small, real, old-school
16,The Hideout,Brooklyn (Bushwick),"726 Franklin Ave, Brooklyn, NY 11238",(no public phone — DM),(no public email — Instagram DM),(via Instagram),https://www.hideoutbk.com/,~100,"Roots, country-blues, soul, indie — community-driven",Evenings — varies,Bushwick DIY room — cosmic in the loose, late-night way
17,Bar Lunático,Bed-Stuy / Brooklyn,"486 Halsey St, Brooklyn, NY 11233",(718) 513-0119,(via website contact),(via website),https://barlunatico.com/,~40,"Jazz, world, Afrobeat, blues, soul",Wed–Sun evenings,Beloved Bed-Stuy listening room — strong neighborhood crowd — call ahead for booking
18,The Owl Music Parlor,Park Slope / Brooklyn,"497 9th St, Brooklyn, NY 11215",(347) 223-4082,booking@theowl.nyc (verify),(via website),https://www.theowl.nyc/,~60,"Songwriter, folk, blues, jazz — listening-room format",Evenings — reservation-based,Strict listening-room etiquette — house piano — acoustic-leaning
19,Barbès successor / Park Slope (alt: SubCulture),Greenwich Village / NoHo,"45 Bleecker St (downstairs), New York, NY 10012",(212) 533-5640,(via subculture.nyc),(via website),https://www.subculture.nyc/,~80,"Jazz, chamber, folk, world, blues-adjacent",Evenings — schedule varies,Newer listening room (took the SubCulture name) — small, quality-first programming
20,Cornelia Street Cafe,Greenwich Village,"29 Cornelia St, New York, NY 10014",(212) 989-9319,info@corneliastreetcafe.com (verify),Bill Zito (legacy booking) — current booking via venue,https://corneliastreetcafe.com/,~50,"Jazz, folk, blues, poetry, world music",Mon–Sun,Legendary Village songwriter/blues room — long history of literary and music programming
