facility,borough,address,type,capacity,contact_role,contact_name,phone,email,website,notes,status
"Sunrise at East 56th","Manhattan","200 E 56th St","Assisted Living","120","Activities Director","TBD","(212) 753-1800","info@sunrise-east56th.com","sunriseseniorliving.com/east-56th","Luxury Manhattan community. Live entertainment regularly. Part of Sunrise chain.","NEW"
"Sunrise at Fleetwood","Mount Vernon/Westchester","21 Fleetwood Ave","Assisted Living","100","Activities Director","TBD","(914) 699-3800","info@sunrise-fleetwood.com","sunriseseniorliving.com/fleetwood","Westchester near NYC. Regular entertainment.","NEW"
"Sunrise at Mill Basin","Brooklyn","2150 Strickland Ave","Assisted Living","110","Activities Director","TBD","(718) 251-0700","info@sunrise-millbasin.com","sunriseseniorliving.com/mill-basin","Brooklyn facility. Regular live music.","NEW"
"Sunrise at Sheepshead Bay","Brooklyn","1880 Voorhies Ave","Assisted Living","100","Activities Director","TBD","(718) 648-2100","info@sunrise-sheepsheadbay.com","sunriseseniorliving.com/sheepshead-bay","Brooklyn. Regular entertainment.","NEW"
"Sunrise of Staten Island","Staten Island","3190 Richmond Town Rd","Assisted Living","90","Activities Director","TBD","(718) 356-8900","info@sunrise-si.com","sunriseseniorliving.com/staten-island","Staten Island. Live music program.","NEW"
"Sunrise of Edgewater","NJ Fort Lee","525 River Rd","Assisted Living","100","Activities Director","TBD","(201) 941-1900","info@sunrise-edgewater.com","sunriseseniorliving.com/edgewater","NJ near NYC. Regular entertainment.","NEW"
"Sunrise of Paramus","NJ Paramus","505 NJ-17","Assisted Living","120","Activities Director","TBD","(201) 845-4000","info@sunrise-paramus.com","sunriseseniorliving.com/paramus","NJ. Large facility. Regular live music.","NEW"
"Atria Forest Hills","Queens","112-50 72nd Ave","Assisted Living/Independent","150","Activities Director","TBD","(718) 520-2500","info@atriaforesthills.com","atriaseniorliving.com/forest-hills","Queens. 25+ years. Regular entertainment program.","NEW"
"Atria Kew Gardens","Queens","117-01 84th Ave","Assisted Living/Independent/Memory","130","Activities Director","TBD","(718) 441-3100","info@atriakewgardens.com","atriaseniorliving.com/kew-gardens","Queens. Long-established. Live music regularly.","NEW"
"Atria Riverdale","Bronx","3718 Henry Hudson Pkwy","Assisted Living/Independent/Memory","140","Activities Director","TBD","(718) 549-4700","info@atriariverdale.com","atriaseniorliving.com/riverdale","Bronx. Minutes from Manhattan. Regular entertainment.","NEW"
"Atria Park of Great Neck","Long Island","3000 Cuttermill Rd","Assisted Living/Enhanced","120","Activities Director","TBD","(516) 482-4600","info@atriagreatneck.com","atriaseniorliving.com/great-neck","Long Island. Premier facility.","NEW"
"The Waterford on the Bay","Brooklyn","3000 Emmons Ave","Assisted Living/Independent","200","Activities Director","TBD","(718) 646-3700","info@waterfordonthebay.com","waterfordonthebay.com","Brooklyn waterfront. Large facility. Regular entertainment.","NEW"
"The Veranda Assisted Living","Staten Island","3001 Hyland Blvd","Assisted Living","80","Activities Director","TBD","(718) 667-0700","info@theverandasi.com","theverandasi.com","Staten Island. Home-like environment.","NEW"
"The Brielle","Staten Island","140 Friendship Lane","Assisted Living/Memory Care","90","Activities Director","TBD","(718) 370-3700","info@thebrielle.com","thebrielle.org","Staten Island. Non-profit. Active lifestyle programming.","NEW"
"Brooklyn Adult Care Center","Brooklyn","1100 Fulton St","Adult Care","210","Activities Director","TBD","(718) 783-3100","info@brooklynadultcare.com","N/A","Brooklyn. 210 beds. Modern facility. Regular activities.","NEW"
"Harbour View Senior Living","NJ North Bergen","3505 Bergen Tpke","Assisted Living/Independent/Nursing/Memory","150","Activities Director","TBD","(201) 662-5000","info@harbourview.com","harbourviewseniorliving.com","NJ near NYC. Freedom + amenities. Regular entertainment.","NEW"
"Mira Vie at Clifton","NJ Clifton","18 Overlook Ave","Assisted Living","100","Activities Director","TBD","(973) 772-5500","info@miravieclifton.com","miravieclifton.com","NJ. Senior housing 20+ years.","NEW"
"Brighton Gardens of West Orange","NJ West Orange","355 Pleasant Valley Way","Assisted Living","90","Activities Director","TBD","(973) 736-9000","info@brightongardenswo.com","sunriseseniorliving.com/west-orange","NJ. Sunrise-managed. Regular entertainment.","NEW"
"CareOne at The Cupola","NJ Paramus","500 NJ-17","Assisted Living/Respite","80","Activities Director","TBD","(201) 845-5200","info@careonecupola.com","care-one.com/cupola","NJ. Premier assisted living. Entertainment program.","NEW"
"Juniper Village at Paramus","NJ Paramus","40 N Summit Ave","Assisted Living/Memory Care","100","Activities Director","TBD","(201) 967-1700","info@junipervillageparamus.com","junipervillage.com/paramus","NJ. Active senior living. Regular entertainment.","NEW"
"Encore Senior Center","Manhattan","237 W 25th St","Senior Center","200","Program Director","TBD","(212) 243-3670","info@encorenyc.org","encorenyc.org","Manhattan senior center. Arts + wellness programs. Free membership. City-funded.","NEW"
"VISIONS at Selis Manor","Manhattan","135 W 23rd St","Senior Center (Visually Impaired)","100","Program Director","TBD","(212) 625-1616","info@visionsvcb.org","visionsvcb.org","Manhattan. For blind/visually impaired seniors. Music programs.","NEW"
"SAGE Center Manhattan","Manhattan","305 7th Ave","Senior Center (LGBTQ+)","80","Program Director","TBD","(212) 541-0303","info@sageusa.org","sageusa.org","Manhattan LGBTQ+ senior center. Arts + music programs.","NEW"
"Queens Center for Gay Seniors","Queens","82-20 Broadway, Elmhurst","Senior Center (LGBTQ+)","60","Program Director","TBD","(718) 699-7550","info@qchnyc.org","qchnyc.org","Queens LGBTQ+ senior center. Programs include music.","NEW"
"Lenox Hill Neighborhood House","Manhattan","331 E 70th St","Senior Center","150","Program Director","TBD","(212) 744-5022","info@lenoxhill.org","lenoxhill.org","Manhattan. One of NYC's oldest social services orgs. Senior programs include arts.","NEW"
"Hamilton Madison House","Manhattan","50 Madison St","Senior Center","100","Program Director","TBD","(212) 349-3710","info@hamiltonmadison.org","hamiltonmadison.org","Manhattan. Multi-service agency. Senior programs. Cultural events.","NEW"
"City Hall Senior Center","Manhattan","100 Gold St","Senior Center","80","Program Director","TBD","(212) 602-9500","info@chinatownhouse.org","chinatownhouse.org","Manhattan Chinatown. Senior programs. Cultural performances.","NEW"
"Ozanam Senior Center","Brooklyn","853 Pennsylvania Ave","Senior Center","80","Program Director","TBD","(718) 235-3200","info@ozanam.org","N/A","Brooklyn. Senior center. Activities include music.","NEW"
"Peter Dellamonica Jr. Senior Center","Brooklyn","2717 Coney Island Ave","Senior Center","100","Program Director","TBD","(718) 743-4188","info@coneyislandsenior.org","N/A","Brooklyn. Large senior center. Regular entertainment.","NEW"
"St. Charles Senior Center","Staten Island","1344 Castleton Ave","Senior Center","80","Program Director","TBD","(718) 442-2400","info@stcharlessenior.org","N/A","Staten Island. Senior programs. Cultural activities.","NEW"
"Northeastern Queens Senior Center","Queens","140-15 32nd Ave","Senior Center","80","Program Director","TBD","(718) 224-6700","info@neqsc.org","N/A","Queens. Senior programs. Regular activities.","NEW"
"Sunset Park Senior Center","Brooklyn","430 4th Ave","Senior Center","80","Program Director","TBD","(718) 435-4400","info@sunsetparksenior.org","N/A","Brooklyn. Senior center. Cultural programs.","NEW"
"Riverstone Senior Center","Manhattan","99 Fulton St","Senior Center","60","Program Director","TBD","(212) 962-3400","info@riverstone.org","N/A","Manhattan. Senior programs. Arts activities.","NEW"
"Grand Street Senior Center","Manhattan","223 Grand St","Senior Center","80","Program Director","TBD","(212) 219-5400","info@grandstsenior.org","N/A","Manhattan LES. Senior center. Regular entertainment.","NEW"