rank,festival,date,venue,location,state,phone,website,status,booking_contact,email,notes
1,"However, some festivals had not set their",2026 dates at press time.,,,,,,,,,From Living Blues Festival Guide 2026
2,The Southern Soul & R&B Music Festival,"February 7, 2026",,"March 14, AL",AL,205.458.8400,www.bjcc.org,,,,From Living Blues Festival Guide 2026
3,Heritage Park,251.943.3291,,"Dothan, AL",AL,,www.foleybbqandblues.net,,,,From Living Blues Festival Guide 2026
4,Wilson Pickett,"March 28, 2026",Music and Arts Festival,Cooters Pond Park,AL,,,,,,From Living Blues Festival Guide 2026
5,The Orion Amphitheater,256.964.9556,theorionhuntsville.com,"Huntsville, AL",AL,,,,,,From Living Blues Festival Guide 2026
6,Festival,"April 25, 2026",,"May 3, AL",AL,205.426.1400,,,,,From Living Blues Festival Guide 2026
7,River Walk Amphitheater,,29th Annual Joe Douglas Old School &,"Montgomery, AL",AL,,www.rnbbluespicnic.com,,,,From Living Blues Festival Guide 2026
8,Hank Williams Festival,"June 5-6, 2026",,"Georgiana, AL",AL,334.376.2555,,,,,From Living Blues Festival Guide 2026
9,"June 6, 2026",,DeBardeleben Park,"Bessemer, AL",AL,251.525.2660,www.cacaoonline.org,,,,From Living Blues Festival Guide 2026
10,Summer Blues Camp 2026,"July 13-17, 2026",,"Florence, AL",AL,205.752.6263,www.alabamablues.orgW.C. Handy Music Festival,,,,From Living Blues Festival Guide 2026
11,Gulf Coast Ethnic & Heritage Jazz Festival,"July 23-26, 2026",,"September 12-13, AL",AL,251.478.4027,,,,,From Living Blues Festival Guide 2026
12,"Cullman, Alabama",256.739.6682,,"Dothan, AL",AL,,www.bernardbluesbbq.com,,,,From Living Blues Festival Guide 2026
13,Kentuck Festival of the Arts,"October 17-18, 2026",,"October 24, AL",AL,205.758.1257,www.kentuck.org,,,,From Living Blues Festival Guide 2026
14,VBC Propst Arena,256.533.1953,,"Wetumpka, AL",AL,334.567.5147,www.vonbrauncenter.com,,,,From Living Blues Festival Guide 2026
15,Burritt on the Mountain,256.536.2882,burrittonthemountain.com,"Huntsville, Tba",Tba,,,,,,From Living Blues Festival Guide 2026
16,"Tuscaloosa, Alabama",205.887.6859,,Blues-Festival-100057153592608,Tba,,www.facebook.com/p/Johnny-Shines-,,,,From Living Blues Festival Guide 2026
17,Reverend Thomas Gilmore Square,205.372.0525,blackbeltfolkrootsfestival.weebly.com,"Eutaw, Tba",Tba,,,,,,From Living Blues Festival Guide 2026
18,"Huntsville, Alabama",256.262.7911,,valleyartsandentertainment.org,Tba,,,,,,From Living Blues Festival Guide 2026
19,"January 22-February 1, 2026",Juneau Jazz Festival,anchoragefolkfestival.org,"Anchorage, AK",AK,907.463.3378,www.jazzandclassics.org,,,,From Living Blues Festival Guide 2026
20,"April 6-12, 2026","Juneau, Alaska",Juneau Jazz & Classics Spring Festival,akfolkfest.org,AK,907.463.3378,www.jazzandclassics.org,,,,From Living Blues Festival Guide 2026
21,Spenard Jazz Fest,"May 28-June 8, 2026",,"Ninilchik, AK",AK,,www.spenardjazzfest.org,,,,From Living Blues Festival Guide 2026
22,salmonfestalaska.orgARIZONA,"January 16-24, 2026",Tucscon Jazz Festival,"Tucson, AK",AK,520.762.6260,,,,,From Living Blues Festival Guide 2026
23,Oro Valley Marketplace,"February 28, 2026",artstateaz.org,"Oro Valley, AK",AK,954.465.0998,,,,,From Living Blues Festival Guide 2026
24,Northernarizonabluesalliance,"March 14, 2026",Flat Iron Community Park,"Superstition Blues, AK",AK,,,,,,From Living Blues Festival Guide 2026
25,"Camp Verde, Arizona",928.554.0851,Woodystock Blues & Brews Festival,visitcampverde.com/pecan-and-wine-festival,AK,760.646.5330,,,,,From Living Blues Festival Guide 2026
26,Chandler Jazz Festival,"April 9-12, 2026",,"April 11, AK",AK,480.782.3037,www.visitchandler.com,,,,From Living Blues Festival Guide 2026
27,"Scottsdale, Arizona",602.524.7998,Flagstaff Blues & Brews,scottsdalejazzfest.org,AK,,,,,,From Living Blues Festival Guide 2026
28,"Flagstaff, Arizona",928.606.7600,SABHF Blues Heritage Festival,flagstaffblues.com,Tba,,,,,,From Living Blues Festival Guide 2026
29,"Tucson, Arizona",,Dukes & Boots,Arkansas State Fairgrounds,Tba,888.684.9998,www.facebook.com/AZBLUES.ORGARKANSAS,,,,From Living Blues Festival Guide 2026
30,Osceola Heritage MusicFest,"May 15-16, 2026",,"Proctor, Tba",Tba,901.481.4961,www.osceolaheritagemusicfestival.com,,,,From Living Blues Festival Guide 2026
31,Entertainment-100089526567313,"May 28-31, 2026",Eureka Springs Blues Party,"Eureka Springs, Tba",Tba,,,,,,From Living Blues Festival Guide 2026
32,"Hot Springs, Arkansas",,bikesbluesandbbq.org,"Rogers, Tba",Tba,479.527.9993,www.bigsteammusicfestival.com,,,,From Living Blues Festival Guide 2026
33,"October 8-10, 2026",870.572.5223,kingbiscuitfestival.com,"Helena, Tba",Tba,,,,,,From Living Blues Festival Guide 2026
34,"Springdale, Arkansas",,arbluesandstringbandfest.com,Tba,Tba,,,,,,From Living Blues Festival Guide 2026
35,Biscuits and Blues 31st Anniversary,"February 21, 2026",Blues Fest,Biscuits and Blues,CA,415.292.2583,www.biscuitsandblues.com,,,,From Living Blues Festival Guide 2026
36,"March 15, 2026","April 4, 2026",Upland Hills Country Club,"Upland, CA",CA,,,,,,From Living Blues Festival Guide 2026
37,springharpfest.org,"April 6, 2026",Blues Walk of Fame Fundraiser,Jack London Square,CA,510.472.8800,www.westcoastbluessociety.org,,,,From Living Blues Festival Guide 2026
38,"April 18, 2026",707.428.7767,County Green,"Fairfield, CA",CA,,www.fairfield.ca.gov/our-city/city-events/,,,,From Living Blues Festival Guide 2026
39,"San Diego, California",619.282.7329,,"Gator by the Bay Zydeco, CA",CA,,www.adamsavenuebusiness.com,,,,From Living Blues Festival Guide 2026
40,Crawfish Festival,"May 7-10, 2026",gatorbythebay.com,"San Diego, CA",CA,,,,,,From Living Blues Festival Guide 2026
41,"Fountain Valley, California",562.495.5959,,"Three Rivers, CA",CA,,www.nabluesfest.comTopanga Blues Festival,,,,From Living Blues Festival Guide 2026
42,"May 17, 2026",,Will Geer Theatricum Botanicum,"Topanga, CA",CA,,www.facebook.com/,,,,From Living Blues Festival Guide 2026
43,"Ojai, California",805.625.1332,,"Norco, CA",CA,,www.brewnquefestival.com,,,,From Living Blues Festival Guide 2026
44,Blue Note Jazz Festival,"June 13-14, 2026",,"June 14, CA",CA,323.850.2050,www.hollywoodbowl.com,,,,From Living Blues Festival Guide 2026
45,The World Famous Turf Club,510.472.8800,,"June 19, CA",CA,,www.westcoastbluessociety.org,,,,From Living Blues Festival Guide 2026
46,"Pleasanton, California",510.472.8800,,"San Luis Obispo, CA",CA,805.781.3030,www.westcoastbluessociety.org,,,,From Living Blues Festival Guide 2026
47,Richmond Juneteenth Celebration,"June 20, 2026",,"June 27, CA",CA,510.472.8800,www.westcoastbluessociety.org,,,,From Living Blues Festival Guide 2026
48,Rear of Hayward City Hall,510.472.8800,,"San Jose, CA",CA,408.641.4144,www.westcoastbluessociety.orgSan Jose Fountain Blues & Brews Festival,,,,From Living Blues Festival Guide 2026
49,fountainblues.com,"July 2-5, 2026",High Sierra Music Festival,"Grass Valley, CA",CA,,www.highsierramusic.com,,,,From Living Blues Festival Guide 2026
50,Blues & Brews Festival,"July 17-18, 2026",,"San Jose, CA",CA,,www.bluesandbrewsfestival.com,,,,From Living Blues Festival Guide 2026
51,sanjosejazz.org,"August 8-9, 2026",Long Beach Jazz Festival,"Long Beach, CA",CA,562.424.0013,www.longbeachjazzfestival.com,,,,From Living Blues Festival Guide 2026
52,Perigot Park,"August 29-30, 2026",humboldtfolklife.com,"Blue Lake, CA",CA,,,,,,From Living Blues Festival Guide 2026
53,newbluesfestival.com,"September 12-13, 2026",Blue Wing Blues Festival,"Upper Lake, CA",CA,707.275.2244,www.theserenite.com/tallman-hotel,,,,From Living Blues Festival Guide 2026
54,"September 19, 2026",559.582.9457,Main Street Hanford,"Hanford, CA",CA,,www.mainstreethanford.com,,,,From Living Blues Festival Guide 2026
55,"Blues, Brews & BBQ","September 20, 2026",,"Alameda, CA",CA,415.309.8565,www.westendartsdistrict.org/blues-brews-,,,,From Living Blues Festival Guide 2026
56,"September 24-27, 2026",661.340.0026,Frandy Campground,"Kernville, CA",CA,,www.kernriverrocknblues.com,,,,From Living Blues Festival Guide 2026
57,"Sausalito, California",510.472.8800,,"Monterey, CA",CA,831.373.3366,www.westcoastbluessociety.org,,,,From Living Blues Festival Guide 2026
58,Ohana Festival,"September 25-27, 2026",,"Eureka, CA",CA,,www.ohanafest.com,,,,From Living Blues Festival Guide 2026
59,rcmfest.org,"October 1-4, 2026",San Diego Tijuana International Jazz,Festival,CA,,www.sdtjjazz.orgBlues from Around the World,,,,From Living Blues Festival Guide 2026
60,Jack London Square,510.472.8800,,"Los Angeles, CA",CA,,www.westcoastbluessociety.org,,,,From Living Blues Festival Guide 2026
61,Caravan of All-Stars Performance and,510.472.8800,Lecture,First Saturday of each month,CA,,www.westcoastbluessociety.org,,,,From Living Blues Festival Guide 2026
62,First Sunday of each month,510.472.8800,Blondie’s Bar,"San Francisco, CA",CA,,www.westcoastbluessociety.org,,,,From Living Blues Festival Guide 2026
63,"Mammoth Lakes, California",,mammothbluesbrewsfest.com,Mare Island Dock of Bay Music Festival,Tba,,,,,,From Living Blues Festival Guide 2026
64,Mare Island,707.265.1333,dockofbay.com,"Vallejo, Tba",Tba,,,,,,From Living Blues Festival Guide 2026
65,"Brownsville, California",,brownsvillebluesfestival,Humphreys Labor Day Blues Fest,Tba,,www.facebook.com/,,,,From Living Blues Festival Guide 2026
66,Humphreys Backstage Live,619.224.3577,,"San Diego, Tba",Tba,,www.humphreysbackstagelive.com,,,,From Living Blues Festival Guide 2026
67,"Los Angeles,","April 18-19, 2026",California,tbmpac.comCOLORADO,Tba,,www.bluebirdmusicfestival.org,,,,From Living Blues Festival Guide 2026
68,FoCoMX,"April 24-25, 2026",focoma.org/focomx,"Fort Collins, Tba",Tba,,,,,,From Living Blues Festival Guide 2026
69,beavercreekresortcompany.ticketspice.,"August 20-22, 2026",com/2026-blues-brews-bbq,Durango Blues Train,Tba,970.728.8037,www.durangobluestrain.com,,,,From Living Blues Festival Guide 2026
70,"June 5-6, 2026",970.573.5019,greeleybluesjam.org,"Greeley, Tba",Tba,,,,,,From Living Blues Festival Guide 2026
71,Blues from the Top,"June 26-28, 2026",,"Telluride, Tba",Tba,303.921.3316,,,,,From Living Blues Festival Guide 2026
72,Telluride Blues & Brews Festival,"September 18-20, 2026",,"Telluride, Tba",Tba,,www.tellurideblues.com,,,,From Living Blues Festival Guide 2026
73,Blues Festival at Madison Beach Hotel,"February 20-22, 2026",,"Madison, CT",CT,203.350.0014,,,,,From Living Blues Festival Guide 2026
74,"March 6, 2026",,Willimantic Elks Lodge,"Willimantic, CT",CT,,www.eventbrite.com/e/2026-willimantic-,,,,From Living Blues Festival Guide 2026
75,"Stratford, Connecticut",,stratford,Litchfield Jazz Festival,CT,860.361.6285,www.stratfordct.gov/page/celebrate-,,,,From Living Blues Festival Guide 2026
76,Black Bear Americana Music Fest,"August 14-16, 2026",,"Harwinton, CT",CT,,www.blackbearmusicfest.com,,,,From Living Blues Festival Guide 2026
77,Yurechko Tree Farm,,Connecticut Rhythm & Blues Fest,"Griswold, Tba",Tba,,www.ecpaa.org,,,,From Living Blues Festival Guide 2026
78,Trinity-on-Main,,ctbluesfest.com,"New Britain, Tba",Tba,,,,,,From Living Blues Festival Guide 2026
79,"Hartford, Connecticut",860.278.7427,,Tba,Tba,,www.blackeyedsallys.com,,,,From Living Blues Festival Guide 2026
80,Rocking the Docks Summer Blues Fest,"August 15, 2026",rockingthedocks.ticketspice.com/,"Lewes, DE",DE,,,,,,From Living Blues Festival Guide 2026
81,Fort DuPont State Park,302.836.8202,,"Rehoboth Beach, DE",DE,,www.truebluejazz.org,,,,From Living Blues Festival Guide 2026
82,Rehoboth Beach Jazz Festival,"October 15-18, 2026",Delaware,"Rehoboth Beach, DE",DE,,www.rehobothjazz.com,,,,From Living Blues Festival Guide 2026
83,"Seaford, Delaware",302.228.5636,,AFRAM-Festival-100064638761658,Tba,,www.facebook.com/p/Eastern-Shore-,,,,From Living Blues Festival Guide 2026
84,G & R Campground,,,"Houston, Tba",Tba,,www.delfolk.org,,,,From Living Blues Festival Guide 2026
85,Giant National Capital Barbecue Battle,"June 27-28, 2026",bbqindc.com,"Washington, DC",DC,,,,,,From Living Blues Festival Guide 2026
86,Smithsonian Folklife Festival,202.633.6440,throughout 2026,"Events in Washington, DC",DC,,,,,,From Living Blues Festival Guide 2026
87,"Washington, DC",,,Tba,Tba,,www.dcblues.org,,,,From Living Blues Festival Guide 2026
88,Fort Mose Jazz & Blues Series,"February 6-15, 2026",discoverfortmose.com,"St. Augustine, FL",FL,,,,,,From Living Blues Festival Guide 2026
89,bbq-blues-festivalClearwater Sea-Blues Festival,"February 28-March 1, 2026",,"March 7, FL",FL,727.562.4800,www.myclearwaterparks.com,,,,From Living Blues Festival Guide 2026
90,Cypress Grove Park,,park-2026-registration-1978626358702,"Orlando, FL",FL,,www.eventbrite.com/e/mayors-jazz-in-the-,,,,From Living Blues Festival Guide 2026
91,bluetaverntallahassee.com,"March 9-14, 2026",Sarasota Jazz Festival,"Sarasota, FL",FL,941.260.9951,www.sarasotajazzfestival.com,,,,From Living Blues Festival Guide 2026
92,Venice Airport Festival Grounds,941.960.3769,,"Port St. Joe, FL",FL,850.227.1223,www.venicebluesandbbq.com,,,,From Living Blues Festival Guide 2026
93,Maitland Jazz & Blues Festival,"April 10-11, 2026",,"April 10-12, FL",FL,407.539.6223,www.maitlandjazzandblues.com,,,,From Living Blues Festival Guide 2026
94,Seawalk Pavilion,904.270.9301,,"St. Petersburg, FL",FL,,www.springingtheblues.com,,,,From Living Blues Festival Guide 2026
95,"April 10-12, 2026",813.708.8423,Meridian Fields,"Tampa, FL",FL,,,,,,From Living Blues Festival Guide 2026
96,"Dania Beach, Florida",954.924.6800,Cajun Crawfish & Music Festival,daniabeachfl.gov,FL,561.427.0500,,,,,From Living Blues Festival Guide 2026
97,cajuncrawfishmusicfestival.com,"April 11-12, 2026",Tallahassee Jazz & Blues Festival,Tallahassee Museum,FL,850.575.8684,,,,,From Living Blues Festival Guide 2026
98,"April 25, 2026",,Blues & Brews Festival,"DeLand, FL",FL,850.638.4157,www.washcomall.com,,,,From Living Blues Festival Guide 2026
99,Seabreeze Jazz Festival,"April 22-26, 2026",Amphitheater,Aaron Beasant Park,FL,,www.seabreezejazzfestival.com,,,,From Living Blues Festival Guide 2026
100,Curtis Hixon Waterfront Park,"May 2, 2026",tampablackheritage.org,"Tampa, FL",FL,954.250.4239,www.deerfield-beach.com,,,,From Living Blues Festival Guide 2026
101,Women in Blues Showcase,"May 17, 2026",ncfblues.orgFlorida Folk Festival,"Gainesville, FL",FL,,,,,,From Living Blues Festival Guide 2026
102,"White Springs, Florida",850.245.2157,,"New Smyrna Beach, FL",FL,,www.floridastateparks.org/,,,,From Living Blues Festival Guide 2026
103,Amelia Island Jazz Festival,"October 4-11, 2026",,"October 10-11, FL",FL,904.504.4772,,,,,From Living Blues Festival Guide 2026
104,"Port St. Joe, Florida",,Camping with the Blues,Florida Sand Music Ranch,FL,941.758.7585,www.campingwiththeblues.com,,,,From Living Blues Festival Guide 2026
105,Downtown Festival & Art Show,"November 14-15, 2026",,"February 27-28, FL",FL,352.393.8543,www.gainesvilledowntownartfest.net,,,,From Living Blues Festival Guide 2026
106,"Vero Beach, Florida",772.492.6105,,"Brooksville, FL",FL,941.758.7585,www.verobluesfest.com,,,,From Living Blues Festival Guide 2026
107,Pasco Blues Festival,727.674.1464,On hiatus until 2027,Land O’Lakes Heritage Park,FL,,,,,,From Living Blues Festival Guide 2026
108,Waterside Place,,lakewoodranch.com,"Lakewood Ranch, Tba",Tba,,,,,,From Living Blues Festival Guide 2026
109,Lake Concord Park,407.262.7700,,"Casselberry, Tba",Tba,,www.casselberry.org,,,,From Living Blues Festival Guide 2026
110,St. Benedict the Moor Catholic Church,904.228.0051,saintbensbluesfest.com,"St. Augustine, Tba",Tba,,,,,,From Living Blues Festival Guide 2026
111,Pioneer Park,,dunedinwinestheblues.com,"Dunedin, Tba",Tba,,,,,,From Living Blues Festival Guide 2026
112,"Boca Raton, Florida",,bocabluesfestival,Tba,Tba,,www.facebook.com/groups/,,,,From Living Blues Festival Guide 2026
113,"Miami, Florida",305.638.6771,,Palatka Porchfest,Tba,,www.ahcacmiami.org,,,,From Living Blues Festival Guide 2026
114,"Palatka, Florida",,palatkaporchfest.com,Tba,Tba,,,,,,From Living Blues Festival Guide 2026
115,Bainbridge Jazz & Blues Festival,"February 7, 2026",,"March 21, GA",GA,229.400.9494,www.facebook.com/,,,,From Living Blues Festival Guide 2026
116,Court Street Livery,,Savannah Music Festival,"Washington, GA",GA,912.200.5991,www.savannahmusicfestival.org,,,,From Living Blues Festival Guide 2026
117,"April 10, 2026","April 10-11, 2026",Trilith Live,"Fayetteville, GA",GA,,,,,,From Living Blues Festival Guide 2026
118,"April 11, 2026","April 18, 2026",Cobb Energy,Performing Arts Centre,GA,,,,,,From Living Blues Festival Guide 2026
119,"Norcross, Georgia",678.622.2104,Pan African Festival of Georgia,bluesberrybeerfestival.com,GA,478.743.8544,,,,,From Living Blues Festival Guide 2026
120,tubmanmuseum.com,"April 24-25, 2026",BBQ & Boogie,"Calhoun, GA",GA,706.602.5570,,,,,From Living Blues Festival Guide 2026
121,Northside Tavern,404.874.8745,,"Athens, GA",GA,,www.northsidetavern.com,,,,From Living Blues Festival Guide 2026
122,athenticbrewing.com,"May 2, 2026",BBQ & Blues Festival & Car Show,"Adairsville, GA",GA,770.773.3451,www.adairsvillega.netThe “Peg Leg” Howell BBQ & Blues,,,,From Living Blues Festival Guide 2026
123,"Eatonton, Georgia",706.749.9150,,"Barnesville, GA",GA,404.733.7034,www.downtowneatonton.com,,,,From Living Blues Festival Guide 2026
124,Atlanta Jazz Festival,"May 23-25, 2026",atljazzfest.com,"Atlanta, GA",GA,,,,,,From Living Blues Festival Guide 2026
125,citysprings.com/juneteenth,"September 12, 2026",Blind Willie McTell Music Festival,"Thomson, GA",GA,,www.blindwillie.com,,,,From Living Blues Festival Guide 2026
126,blueridgebluesandbbq.com,"September 24-27, 2026",GABBAfest 2026,"Macon, GA",GA,478.765.2822,www.gabbafest.net,,,,From Living Blues Festival Guide 2026
127,"City Springs, Georgia",770.730.5600,The Original Collard Greens Cultural,citysprings.com/events/bluestone,GA,,,,,,From Living Blues Festival Guide 2026
128,originalcollardgreensculturalfestival.com,"October 24, 2026",Historic Zion Church Blues Festival,Zion Episcopal Church,GA,,www.facebook.com/ziontalbottonRhythm & Ribs BBQ Festival,,,,From Living Blues Festival Guide 2026
129,"Tifton, Georgia",229.382.8700,,WRFG Labor Day Blues BBQ,GA,,www.tiftonribsfest.com,,,,From Living Blues Festival Guide 2026
130,"Atlanta, Georgia",404.523.3471,,"Blues, Tba",Tba,,,,,,From Living Blues Festival Guide 2026
131,"Savannah, Georgia",912.660.8440,,ccaga.org,Tba,,,,,,From Living Blues Festival Guide 2026
132,Big Island Jazz & Blues Festival,"May 14-17, 2026",,"August 20-23, HI",HI,808.283.9070,,,,,From Living Blues Festival Guide 2026
133,Hilton Hawaiian Village Resort,240.972.5394,,"Honolulu, HI",HI,,www.alohajazzfestival.com,,,,From Living Blues Festival Guide 2026
134,"Ritz-Carlton Maui, Kapalua",,mauijazzandbluesfestival.com,"Maui, Tb",Tb,,,,,,From Living Blues Festival Guide 2026
135,"Hilo, Hawaii",,,Tba,Tba,,www.ehjazzbluesfest.com,,,,From Living Blues Festival Guide 2026
136,Wallace Music Fest,"July 10-12, 2026",wallacemusicfest.com,"Wallace, ID",ID,,www.yellowpinefestival.org,,,,From Living Blues Festival Guide 2026
137,Eagle Jazz & Blues Fest,"September 18-19, 2026",,"Eagle, ID",ID,,www.eaglejazz.org,,,,From Living Blues Festival Guide 2026
138,"October 15-18, 2026",877.478.5277,,"Sun Valley, ID",ID,,www.sunvalleyjazz.com,,,,From Living Blues Festival Guide 2026
139,"Priest River, Idaho",208.448.2395,,Jazz/Blues Festival,Tba,,www.facebook.com/Panhandlebluesfest,,,,From Living Blues Festival Guide 2026
140,"Idaho Falls, Idaho",,eijs.org,Tba,Tba,,,,,,From Living Blues Festival Guide 2026
141,International Jazz Day,"April 30, 2026",jazzday.com,"Chicago, IL",IL,,,,,,From Living Blues Festival Guide 2026
142,jacksonvilleil.org/event/blues-brews-,"May 16-17, 2026",festival-2,Grafton Winery Blues Festival,IL,618.786.3001,,,,,From Living Blues Festival Guide 2026
143,Chicago Blues Festival,"June 4-7, 2026",,"Long Grove, IL",IL,,www.chicagobluesfestival.us,,,,From Living Blues Festival Guide 2026
144,Blues in the District,"June 12 & 26, July 10 & 24, and August 14",,"June 20, IL",IL,217.228.8696,www.thedistrictquincy.comBlues on the Fox,,,,From Living Blues Festival Guide 2026
145,"Aurora, Illinois",630.896.6666,FitzGerald’s 43rd American Music,paramountaurora.com,IL,,,,,,From Living Blues Festival Guide 2026
146,Prairie Crossroads Blues Festival,"August 7-8, 2026",,"Willow Springs, IL",IL,,www.prairiecrossroads.org/bluesfest.html,,,,From Living Blues Festival Guide 2026
147,Crossroads Blues Festival,"August 29, 2026",,"September 4-5, IL",IL,,www.crossroadsbluessociety.com,,,,From Living Blues Festival Guide 2026
148,"Peoria, Illinois","September 19-20, 2026",peoriabluesandheritagefestival.com,Windy City Blues Fest,IL,,,,,,From Living Blues Festival Guide 2026
149,Various dates,773.795.6426,Logan Center for the Arts,University of Chicago,IL,,www.logancenter.uchicago.edu/,,,,From Living Blues Festival Guide 2026
150,Carpenter Park,224.699.9030,dukes-blues-n-bbq.comJoliet Blues Festival,"Carpentersville, Tba",Tba,,,,,,From Living Blues Festival Guide 2026
151,Billie Limacher Bicentennial Park,,Heritage Blues and Gospel Festival,"Joliet, Tba",Tba,,www.jolietbluesmusicfestival.com,,,,From Living Blues Festival Guide 2026
152,"Cairo, Illinois",,,Tba,Tba,,www.cairoheritagefoundation.org,,,,From Living Blues Festival Guide 2026
153,Broad Street Blues & BBQ Festival,"June 12-14, 2026",,"June 13, IN",IN,219.924.7500,www.facebook.com/Broadstreetbluesfest,,,,From Living Blues Festival Guide 2026
154,Fort Ben Cultural Campus,317.875.1900,,"Fort Wayne, IN",IN,,www.artsforlawrence.org,,,,From Living Blues Festival Guide 2026
155,bbqribfest.com,"June 18-21, 2026",Elkhart Jazz Festival,"Elkhart, IN",IN,574.293.4469,,,,,From Living Blues Festival Guide 2026
156,"Cumberland, Indiana",317.894.6203,,"Mishawaka, IN",IN,,www.firefightersblues.org,,,,From Living Blues Festival Guide 2026
157,Downtown Blues & Jazz Festival,"July 18, 2026",downtownlafayette.net/jazzblues,"Lafayette, IN",IN,812.701.8466,,,,,From Living Blues Festival Guide 2026
158,"August 27-29, 2026",812.988.6422,Bill Monroe Music Park & Campground,"Bean Blossom, IN",IN,,,,,,From Living Blues Festival Guide 2026
159,"Brownsburg, Indiana",317.858.4172,Burg,brownsburgparks.com/515/Blues-in-the-,IN,,,,,,From Living Blues Festival Guide 2026
160,visitlawrenceindiana.com/events/event-,"September 12, 2026",calendar/bbq-blues,Island of Blues,IN,574.295.7275,www.cityofelkhartin.gov,,,,From Living Blues Festival Guide 2026
161,Haunted Huntingburg Blues Festival,"October 10, 2026",,"Huntingburg, IN",IN,812.482.9115,,,,,From Living Blues Festival Guide 2026
162,Amphitheater at Fox Park,,Fishers Blues Fest,"La Porte, Tba",Tba,,www.laporteblues.org,,,,From Living Blues Festival Guide 2026
163,Nickel Plate District Amphitheater,317.595.3150,npdamp.com,"Fishers, Tba",Tba,,,,,,From Living Blues Festival Guide 2026
164,McCormick’s Creek State Park,,friendsmccormickscreek.org,"Spencer, Tba",Tba,,,,,,From Living Blues Festival Guide 2026
165,"New Harmony, Indiana",,Botanical Blues,Greater Des Moines Botanical Garden,Tba,513.323.6290,www.newharmonybluesfestival.orgIOWA,,,,From Living Blues Festival Guide 2026
166,Kee Live Music Festival,"January 16-17, 2026",,"February 13-14, Tba",Tba,712.225.6414,,,,,From Living Blues Festival Guide 2026
167,"Des Moines, Iowa","May 23-August 22, 2026",cibs.org,Rhythms at Riverfront Crossings,Tba,319.337.7944,,,,,From Living Blues Festival Guide 2026
168,Iowa Arts Festival,"June 5-7, 2026",,"June 10-August 26, Tba",Tba,319.337.7944,,,,,From Living Blues Festival Guide 2026
169,"Iowa City, Iowa",319.337.7944,Cajun Fest Boil & Brew,summerofthearts.org,Tba,,www.cajunfestiowa.com,,,,From Living Blues Festival Guide 2026
170,"July 3-5, 2026",319.337.7944,summerofthearts.org,"Iowa City, Tba",Tba,,,,,,From Living Blues Festival Guide 2026
171,saturdayinthepark.com,"July 11, 2026",North Liberty Blues & BBQ,Centennial Park,Tba,,,,,,From Living Blues Festival Guide 2026
172,"Cedar Rapids, Iowa",319.362.7375,,"Rockin’ on the River: Rock, Tba",Tba,,www.brucemore.org/bluesmore,,,,From Living Blues Festival Guide 2026
173,Rand Park Pavilion,,groups/1367273254219927,"Keokuk, Tba",Tba,,www.facebook.com/,,,,From Living Blues Festival Guide 2026
174,Maytag Bowl & Maytag Park,641.485.0809,,"Newton, Tba",Tba,,www.facebook.com/south.skunk.1,,,,From Living Blues Festival Guide 2026
175,"Davenport, Iowa",,Bondu Blues & Brews Festival,Tba,Tba,,www.mvbs.org,,,,From Living Blues Festival Guide 2026
176,"Bondurant, Iowa",515.967.2418,,Blue Ribbon Blues Fest,Tba,,www.cityofbondurant.com,,,,From Living Blues Festival Guide 2026
177,Jefferson County Fairgrounds,641.919.7477,southeastiowabluessociety.org,"Fairfield, Tba",Tba,,,,,,From Living Blues Festival Guide 2026
178,Wichita Riverfest,"May 29-June 6, 2026",,"July 4, KS",KS,316.267.2817,,,,,From Living Blues Festival Guide 2026
179,"Topeka, Kansasa",,Paola Roots Festival,Paola Park Square,KS,913.294.6427,www.rootsfestival.org,,,,From Living Blues Festival Guide 2026
180,"September 12, 2026",913.367.2427,,"Paxico, KS",KS,,www.visitatchison.com,,,,From Living Blues Festival Guide 2026
181,FortFest,,,KS,KS,,,,,,From Living Blues Festival Guide 2026
182,"Fort Scott, Kansas",,blueskc.org,KC Blues & Jazz Festival,Tba,,,,,,From Living Blues Festival Guide 2026
183,Legends Field,913.328.5618,,"Kansas City, Tba",Tba,,www.kcbluesandjazzfestival.com,,,,From Living Blues Festival Guide 2026
184,Midland Railroad Hotel,785.658.2284,,"Wilson, Tba",Tba,,www.midlandrailroadhotel.com,,,,From Living Blues Festival Guide 2026
185,Lower Town Arts & Music Festival,"May 8-9, 2026",ltamf.com,"Paducah, KY",KY,,www.facebook.com/groups/,,,,From Living Blues Festival Guide 2026
186,gtownbluesfest,"June 6, 2026",Kentucky Blues Music Festival,Kentucky Music Hall of Fame Amphitheater,KY,606.256.1000,,,,,From Living Blues Festival Guide 2026
187,"June 13, 2026",859.940.2742,,"Henderson, KY",KY,,www.midwaykentucky.org,,,,From Living Blues Festival Guide 2026
188,kyheritagejazzfest.org,"October 9-10, 2026",Garvin Gate Blues Festival,"Louisville, KY",KY,502.445.4193,www.thegarvingatebluesfestival.com,,,,From Living Blues Festival Guide 2026
189,New Orleans Cigar Box Guitar Festival,"January 15-17, 2026",,"February 14, LA",LA,,www.neworleanscbg.com,,,,From Living Blues Festival Guide 2026
190,North Boulevard Town Square,"March 14, 2026",ultimatelouisianapar.wixsite.com/,"Baton Rouge, LA",LA,,,,,,From Living Blues Festival Guide 2026
191,nolajazzmuseum.org,"March 20-29, 2026",Danny Barker Banjo & Guitar Festival,"New Orleans, LA",LA,,,,,,From Living Blues Festival Guide 2026
192,Congo Square Rhythms Festival,"March 28-29, 2026",,"April 3, LA",LA,504.558.6100,www.jazzandheritage.org,,,,From Living Blues Festival Guide 2026
193,Brookshire Grocery Arena,"April 8-12, 2026",bluesisalright.comCycle Zydeco,"Shreveport, LA",LA,337.354.7924,www.cyclezydeco.org,,,,From Living Blues Festival Guide 2026
194,Dewey Balfa Cajun & Creole Heritage,"April 13-16, 2026",Week,Lakeview Park & Beach,LA,337.234.8360,,,,,From Living Blues Festival Guide 2026
195,"April 16-19, 2026",504.522.5730,frenchquarterfest.org,"New Orleans, LA",LA,,www.brblues.org,,,,From Living Blues Festival Guide 2026
196,La Fête du Monde,"April 17-19, 2026",,"April 18, LA",LA,985.532.6640,www.facebook.com/Lafetedumonde,,,,From Living Blues Festival Guide 2026
197,Tulane University,,Festival International de Louisiane,"New Orleans, LA",LA,337.232.8086,www.festivalinternational.org,,,,From Living Blues Festival Guide 2026
198,New Orleans Jazz & Heritage Festival,"April 23-May 3, 2026",,"New Orleans, LA",LA,,www.nojazzfest.com,,,,From Living Blues Festival Guide 2026
199,Celebration,"April 27, 2026",,"May 1-3, LA",LA,504.558.6100,www.jazzandheritage.org,,,,From Living Blues Festival Guide 2026
200,Parc Hardy,337.332.6655,bbcrawfest.com,"Breaux Bridge, LA",LA,,,,,,From Living Blues Festival Guide 2026
201,tuckafest4.eventbrite.com,4th Annual Wolfman Fest,Walter “Wolfman” Washington Memorial,"May 9, LA",LA,,,,,,From Living Blues Festival Guide 2026
202,"May 9-October 24, 2026",337.256.8681,Isle of Iberia RV Resort,"New Iberia, LA",LA,,www.isleofiberia.com,,,,From Living Blues Festival Guide 2026
203,Mid-City Bayou Boogaloo Music Festival,"May 15-17, 2026",thebayouboogaloo.com,"New Orleans, LA",LA,318.226.5641,,,,,From Living Blues Festival Guide 2026
204,mudbugmadness.com,"May 23-24, 2026",Baton Rouge Soul Food Festival,Main Library,LA,225.802.9681,,,,,From Living Blues Festival Guide 2026
205,Jean Lafitte Auditorium & Grounds,504.689.2208,,"Baton Rouge, LA",LA,,www.lafitteseafoodfest.com,,,,From Living Blues Festival Guide 2026
206,arena.raisingcanesrivercenter.com,"June 19-22, 2026",Let the Good Times Roll Juneteenth,Festival,LA,,www.letthegoodtimesrollfestival.com,,,,From Living Blues Festival Guide 2026
207,"June 26-28, 2026",318.461.5775,,"July 4, LA",LA,,www.facebook.com/p/Mansfield-Annual-,,,,From Living Blues Festival Guide 2026
208,"Marksville, Louisiana",318.264.9392,,"Lebeau, LA",LA,,www.avoyellesarts.com,,,,From Living Blues Festival Guide 2026
209,cajuntravel.com/events/lebeau-zydeco-,"July 18, 2026",festival,Natchitoches-NSU Folk Festival,LA,318.357.4332,www.nsula.edu/folklife/natchitoches-nsu-,,,,From Living Blues Festival Guide 2026
210,folk-festival,"August 1-2, 2026",Satchmo Summerfest,New Orleans Jazz Museum,LA,504.522.5730,,,,,From Living Blues Festival Guide 2026
211,Rayne Civic Center,225.395.5007,batonrougecajundance.com,"Rayne, LA",LA,,,,,,From Living Blues Festival Guide 2026
212,Natchitoches Meat Pie Festival,"September 18-19, 2026",,"Shreveport, LA",LA,,www.meatpiefestival.com,,,,From Living Blues Festival Guide 2026
213,A Taste of the Deep South Festival,"September 19-20, 2026",,"September 24-27, LA",LA,310.721.1592,,,,,From Living Blues Festival Guide 2026
214,"New Iberia, Louisiana","September 25-26, 2026",hisugar.org,Bogalusa Blues & Heritage Festival,LA,985.516.0311,www.bogalusablues.com,,,,From Living Blues Festival Guide 2026
215,Chicken & Blues Festival,"October 3, 2026",,"October 8-11 & October 15-18, LA",LA,,www.chickenbluesfest.com,,,,From Living Blues Festival Guide 2026
216,"Shreveport, Louisiana",318.424.4000,Crescent City Blues & BBQ Festival,redriverrevel.com,LA,504.558.6100,,,,,From Living Blues Festival Guide 2026
217,"October 9-11, 2026","October 16-18, 2026",Girard Park,"Lafayette, LA",LA,,,,,,From Living Blues Festival Guide 2026
218,Acadia Music Fest,"October 17, 2026",,"New Orleans, LA",LA,985.492.0017,www.acadiamusicfest.net,,,,From Living Blues Festival Guide 2026
219,State Fair of Louisiana,"October 29-November 15, 2026",,"October 30-31, LA",LA,318.635.1361,www.statefairoflouisiana.com,,,,From Living Blues Festival Guide 2026
220,"Lafayette, Louisiana",,NOLA Zydeco Fest,Heritage Park,LA,,www.blackpotfestival.com,,,,From Living Blues Festival Guide 2026
221,"November 6, 2026","November 13-14, 2026",Orpheum Theater,"New Orleans, LA",LA,,,,,,From Living Blues Festival Guide 2026
222,Bluesberry Festival,,On hiatus until 2027,"Covington, LA",LA,,www.thebluesberryfest.comLouisiana Cajun-Zydeco Festival,,,,From Living Blues Festival Guide 2026
223,"New Orleans, Louisiana",504.558.6100,,Original Southwest Louisiana Zydeco,Tba,,www.jazzandheritage.org,,,,From Living Blues Festival Guide 2026
224,Yambilee Festival Grounds,337.290.6048,,"Opelousas, Tba",Tba,,www.zydeco.org,,,,From Living Blues Festival Guide 2026
225,North Atlantic Blues Festival,"July 11-12, 2026",,"July 23-26, ME",ME,207.691.0825,www.northatlanticbluesfestival.com,,,,From Living Blues Festival Guide 2026
226,"Hiram, Maine",207.256.6238,Mountain Valley Stomp,ossipeevalley.com,ME,207.310.4010,,,,,From Living Blues Festival Guide 2026
227,mountainvalleystomp.rocks,"August 15, 2026",York County Blues Fest,Friendship Park,ME,,,,,,From Living Blues Festival Guide 2026
228,"Auburn, Maine",207.333.6601,,Maine Blues Festival,Tba,,www.auburnblues.com,,,,From Living Blues Festival Guide 2026
229,"Lisbon Falls, Maine",,,Tba,Tba,,www.mainebluesfestival.com,,,,From Living Blues Festival Guide 2026
230,Artscape,"May 23-24, 2026",,"Hagerstown, MD",MD,410.752.8632,www.artscape.orgWestern Maryland Blues Fest,,,,From Living Blues Festival Guide 2026
231,Baltimore AFRAM,"June 19-21, 2026",aframbaltimore.com,"Baltimore, MD",MD,,,,,,From Living Blues Festival Guide 2026
232,"Arts, Wine, Jazz & Soul Festival","August 8, 2026",,"September 18-20, MD",MD,443.939.0366,www.hdgcoloredschool.com,,,,From Living Blues Festival Guide 2026
233,"Salisbury, Maryland",410.677.1916,Eastern’s Bayside Blues & Wine Festival,mdfolkfest.com,MD,,,,,,From Living Blues Festival Guide 2026
234,Eastern Yacht Club,,easternsbaysidefestival.com,"Baltimore, Tba",Tba,,,,,,From Living Blues Festival Guide 2026
235,Port Covington Marina,,oystersbluesandbrews.com,"Baltimore, Tba",Tba,,,,,,From Living Blues Festival Guide 2026
236,"Greenbelt, Maryland",,Groove City Culture Fest,Tba,Tba,,www.facebook.com/GreenbeltBluesFest,,,,From Living Blues Festival Guide 2026
237,"Cambridge, Maryland",443.225.0819,,Alonzo’s Memorial Picnic,Tba,,www.groovecityheritageculturegrp.org,,,,From Living Blues Festival Guide 2026
238,"Baltimore, Maryland",,,Tba,Tba,,www.mojoworkin.com,,,,From Living Blues Festival Guide 2026
239,HCA Winter BluesFest,"January 17, 2026",,"Hopkinton, Tba",Tba,508.435.9222,www.hopartscenter.org,,,,From Living Blues Festival Guide 2026
240,"February 28, 2026",978.462.5888,Blue Ocean Music Hall,"Salisbury, Tba",Tba,,www.blueoceanhall.com,,,,From Living Blues Festival Guide 2026
241,Center,,3rd Annual Boston Harbor Distillery Blues,"Marlborough, Tba",Tba,,www.neffa.org,,,,From Living Blues Festival Guide 2026
242,bostonharbordistillery.com,"July 4, 2026",Mike Crandall Franklin Blues Festival,"Franklin, Tba",Tba,508.440.9978,www.franklin4th.com,,,,From Living Blues Festival Guide 2026
243,"Springfield, Massachusetts","July 24-26, 2026",springfieldjazzfest.com,Lowell Folk Festival,Tba,,,,,,From Living Blues Festival Guide 2026
244,"Williamstown, Massachusetts",,williamstownbluesandrootsfestival,North River Blues Festival,Tba,781.834.6629,www.ginacolemanmusic.com/,,,,From Living Blues Festival Guide 2026
245,marshfieldfair.org,"September 24-26, 2027",FreshGrass Festival,MASS MoCA,Tba,,,,,,From Living Blues Festival Guide 2026
246,"Gloucester,",207.691.0825,Massachusetts,gloucesterbluesfestival.com,Tba,,,,,,From Living Blues Festival Guide 2026
247,John Alden Sportsmen’s Club,781.254.5986,,"Plymouth, Tba",Tba,,www.facebook.com/,,,,From Living Blues Festival Guide 2026
248,Nauset Beach,,,"Orleans, Tba",Tba,,www.outermostfestival.com,,,,From Living Blues Festival Guide 2026
249,"January 30-31, 2026",734.761.1818,theark.org18th Annual Motor City Blues Festival,"Ann Arbor, MI",MI,,www.313presents.com,,,,From Living Blues Festival Guide 2026
250,Mr. B’s 29th Annual Blues and Boogie,"April 18, 2026",Piano Celebration,The Ark,MI,734.761.1818,,,,,From Living Blues Festival Guide 2026
251,"June 11-13, 2026",517.962.5939,,"Lansing, MI",MI,,www.facebook.com/JacksonBluesfest,,,,From Living Blues Festival Guide 2026
252,Buttermilk Jamboree,"June 19-21, 2026",,"June 20, MI",MI,269.623.5555,www.buttermilkjamboree.org,,,,From Living Blues Festival Guide 2026
253,Alpena Bandshell,,Marshall Blues Festival,"Alpena, MI",MI,,www.marshallbluesfest.com,,,,From Living Blues Festival Guide 2026
254,"July 10-11, 2026","July 10-12, 2026",Old Dog Tavern,"Kalamazoo, MI",MI,,,,,,From Living Blues Festival Guide 2026
255,blissfest.org,"July 17-18, 2026",Houghton Lake Blues Festival,"Houghton Lake, MI",MI,586.634.6376,www.facebook.com/profile.,,,,From Living Blues Festival Guide 2026
256,"July 19, 2026","July 23-25, 2026",Schoolcraft College,"Livonia, MI",MI,586.446.2470,,,,,From Living Blues Festival Guide 2026
257,Sterlingfest,"August 5-8, 2026",JazzFest Michigan,Old Town,MI,,www.micharts.org,,,,From Living Blues Festival Guide 2026
258,Downtown Harbor Park,,Barbecue,"City of Westland Blues, MI",MI,734.713.3888,www.portsanilacbluesfestival.net,,,,From Living Blues Festival Guide 2026
259,Ribs R&B Music Festival Weekend,"August 7-9, 2026",,"August 23, MI",MI,800.794.7503,www.ribsrnbmusicfestival.com,,,,From Living Blues Festival Guide 2026
260,Eastern Market Shed 5,,Blues by the Bay Festival,"Detroit, MI",MI,,www.bluesbythebaytawas.org,,,,From Living Blues Festival Guide 2026
261,Detroit Jazz Festival,"September 4-7, 2026",,"September 11-12, MI",MI,313.469.6564,www.detroitjazzfest.org,,,,From Living Blues Festival Guide 2026
262,"Brighton, Michigan","September 16-19, 2026",sites.google.com/view/,brightonsmokinfestival/homeMichigan BluesFest,MI,,www.micharts.org,,,,From Living Blues Festival Guide 2026
263,Beat the Winter Blues & Jazz Festival,"February 6, 2026",,"Alexandria, MN",MN,,www.eventbrite.com/e/beat-the-,,,,From Living Blues Festival Guide 2026
264,delanomnarts.org,"June 19-20, 2026",Twin Cities Jazz Festival,Mears Park,MN,,www.twincitiesjazzfestival.com,,,,From Living Blues Festival Guide 2026
265,Fort Belmont,,Watona Park Blues Festival,"Jackson, MN",MN,507.642.8822,www.rhythmoftheriver.org,,,,From Living Blues Festival Guide 2026
266,"August 14-16, 2026",715.817.6933,Bayfront Festival Park,"Duluth, MN",MN,,www.bayfrontblues.com,,,,From Living Blues Festival Guide 2026
267,"St. Peter, Minnesota",,northstarblues.com,"Minneapolis, MN",MN,,www.rockbend.orgNorth Star Blues 2026,,,,From Living Blues Festival Guide 2026
268,Belgrade-100054284959304,,,MN,MN,,,,,,From Living Blues Festival Guide 2026
269,Natchez Festival of Music,"December 5, 2025 - May 16, 2026",,"Clarksdale, MS",MS,601.807.4442,www.natchezfestivalofmusic.com,,,,From Living Blues Festival Guide 2026
270,Blues is Alright,"March 13, 2026",bluesisalright.com,"Tupelo, MS",MS,,,,,,From Living Blues Festival Guide 2026
271,Casey Jones Music Fest,"March 21, 2026",mainstreetwatervalley.org,"Water Valley, MS",MS,601.296.7500,,,,,From Living Blues Festival Guide 2026
272,theadphattiesburg.com/hubfest,"April 8-12, 2026",Juke Joint Festival & Related Events,"Clarksdale, MS",MS,662.624.5992,www.jukejointfestival.com,,,,From Living Blues Festival Guide 2026
273,"Columbus, Mississippi",800.327.2686,World Catfish Festival,visitcolumbusms.org,MS,,www.catfishcapitol.com,,,,From Living Blues Festival Guide 2026
274,Crosstie Arts & Jazz Festival,"April 18, 2026",,"Starkville, MS",MS,662.722.0103,www.crosstiefestival.com,,,,From Living Blues Festival Guide 2026
275,Downtown Crawfish Jam Music Festival,"April 18, 2026",dcjhburg.com,"Hattiesburg, MS",MS,,,,,,From Living Blues Festival Guide 2026
276,Double Decker Arts Festival,"April 24-25, 2026",,"Kosciusko, MS",MS,662.232.2477,,,,,From Living Blues Festival Guide 2026
277,"Holly Springs, Mississippi","May 2, 2026",kimbroughcottonpatchsoulbluesfest.com,Market Street Festival,MS,662.328.6305,www.marketstreetfestival.comPre-Mother’s Day Extravaganza,,,,From Living Blues Festival Guide 2026
278,Washington County Convention Center,,Tavern Fest,"Greenville, MS",MS,,www.facebook.com/pg.tavern.2023,,,,From Living Blues Festival Guide 2026
279,Jimmie Rodgers Music Festival,"May 7-9, 2026",,"Leland, MS",MS,601.938.7427,www.jimmierodgers.com,,,,From Living Blues Festival Guide 2026
280,Clarksdale Caravan Music Fest,"May 9, 2026",,"Clarksdale, MS",MS,,www.clarksdalecaravan.com,,,,From Living Blues Festival Guide 2026
281,pinetopperkinsfoundation.org,"May 9, 2026",Mississippi Makers Fest,Entergy Plaza at the Two Mississippi,MS,601.576.6800,,,,,From Living Blues Festival Guide 2026
282,Rhythm & Soul Picnic: Mother’s Day,"May 10, 2026",Edition,The Center at Forrest County,MS,,,,,,From Living Blues Festival Guide 2026
283,Q.V. Sykes Sports Complex,601.410.2995,,"Clarksdale, MS",MS,,www.facebook.com/,,,,From Living Blues Festival Guide 2026
284,Playing Contest & Festival,"May 21-24, 2026",,"May 22-23, MS",MS,662.801.2251,,,,,From Living Blues Festival Guide 2026
285,Ground Zero Blues Club,662.621.9009,,"Clarksdale, MS",MS,,www.groundzerobluesclub.com,,,,From Living Blues Festival Guide 2026
286,Memorial Day Southern Soul Blues Fest,"May 23, 2026",,"Holly Springs, MS",MS,662.216.3005,www.eventbrite.com/e/nikki-jones-,,,,From Living Blues Festival Guide 2026
287,Bad Apple Blues Festival,"May 24, 2026",,"Byhalia, MS",MS,,www.facebook.com/badapplebluesclub,,,,From Living Blues Festival Guide 2026
288,presents-14th-annual-wall-hill-blues-fest-,"May 28-30, 2026",tickets-1984195634556,Son House Tribute Festival,MS,413.531.8536,www.sonhousetributefestival.com,,,,From Living Blues Festival Guide 2026
289,"June 4-7, 2026",662.841.6598,,"Ripley, MS",MS,662.512.0226,www.tupeloelvisfestival.com,,,,From Living Blues Festival Guide 2026
290,visitripleyms.com,,,MS,MS,,,,,,From Living Blues Festival Guide 2026
291,Experience & Blues Showcase,"June 16-19, 2026",Ground Zero Blues Club,"Hopson Commissary, MS",MS,,,,,,From Living Blues Festival Guide 2026
292,Blue Front Cafe,800.381.0662,visityazoo.org,"Bentonia, MS",MS,662.621.2221,,,,,From Living Blues Festival Guide 2026
293,bamfestms.com,"June 21, 2026",Father’s Day Tailgate & Blues Festival,Paul Battle Jr. Arena & Exposition Center,MS,662.671.1230,www.eventbrite.com/e/craig-smacks-,,,,From Living Blues Festival Guide 2026
294,North Mississippi Hill Country Picnic,"June 26-27, 2026",nmshillcountrypicnic.com,"Waterford, MS",MS,,,,,,From Living Blues Festival Guide 2026
295,"Duck Hill, Mississippi",,Laurel Blues Festival,Laurel Fairgrounds,MS,,www.laurelbluesfestival.com,,,,From Living Blues Festival Guide 2026
296,"July 27, 2026","July 28-August 2, 2026",Jackson Convention Center Ballroom,"Jackson, MS",MS,,,,,,From Living Blues Festival Guide 2026
297,"Biloxi, Mississippi",678.403.1993,,"Greenwood, MS",MS,662.453.4152,www.bikesbluesbayous.com,,,,From Living Blues Festival Guide 2026
298,"August 7-9, 2026",,Cat Head 24th Anniversary Weekend,"Clarksdale, MS",MS,662.624.5992,www.cathead.biz,,,,From Living Blues Festival Guide 2026
299,"August 28-29, 2026",8th Red’s Old Timers Blues Festival,Northwest Shrine Club,"Coldwater, MS",MS,,,,,,From Living Blues Festival Guide 2026
300,redpaden.com,"September 12, 2026",Biloxi Seafood Festival,"Biloxi, MS",MS,228.604.0014,,,,,From Living Blues Festival Guide 2026
301,oxfordbluesfest.org,49th Annual Mississippi Delta Blues &,Washington County Convention Center,"September 19, MS",MS,662.335.3523,,,,,From Living Blues Festival Guide 2026
302,Mighty Roots Music Festival,"September 25-26, 2026",,"New Albany, MS",MS,662.534.1010,www.visitnewalbany.com,,,,From Living Blues Festival Guide 2026
303,Jessie Mae Hemphill Hill Country Blues,"September 26, 2026",Festival,Crossroads Cultural Arts Center,MS,,,,,,From Living Blues Festival Guide 2026
304,"Leland, Mississippi",662.347.4223,,"Marks, MS",MS,662.388.1550,www.highway61blues.com,,,,From Living Blues Festival Guide 2026
305,Bukka White Blues Festival,"October 10, 2026",,"Charleston, MS",MS,662.369.9440,,,,,From Living Blues Festival Guide 2026
306,charlestongatewayfe,"October 10, 2026",stival.org,Hopson Pumpkin Pickin’ Festival,MS,,www.hopsonhospitality.com,,,,From Living Blues Festival Guide 2026
307,"October 11, 2026",662.624.5992,,"Clarksdale, MS",MS,,www.cathead.biz,,,,From Living Blues Festival Guide 2026
308,Backyard Blues Party,"October 11, 2026",,"Clarksdale, MS",MS,662.627.7008,www.facebook.com/BluesberryCafe,,,,From Living Blues Festival Guide 2026
309,"October 15-17, 2026","October 16-17, 2026",deltawilliamsfestival.com,"Clarksdale, MS",MS,662.378.3121,www.mainstreetgreenville.com,,,,From Living Blues Festival Guide 2026
310,Hambone Festival,"October 29-November 1, 2026",,"October 31, MS",MS,662.403.8810,www.stanstreet.com,,,,From Living Blues Festival Guide 2026
311,"Clarksdale, Mississippi",662.902.4181,,"Jackson, MS",MS,,www.facebook.com/p/Cruzn-,,,,From Living Blues Festival Guide 2026
312,New Year’s at the Crossroads,"December 31, 2026",,"Jackson, MS",MS,662.624.5992,www.cathead.bizMississippi Blues Marathon,,,,From Living Blues Festival Guide 2026
313,MississippiBlues,,Summit Street Unity Festival,MS,MS,,,,,,From Living Blues Festival Guide 2026
314,"McComb, Mississippi",601.341.0866,,summitstreetunityfestival,Tba,,www.facebook.com/,,,,From Living Blues Festival Guide 2026
315,On the grounds of Studio-B,662.327.1789,awesomeam.com,"Columbus, Tba",Tba,,,,,,From Living Blues Festival Guide 2026
316,"Hollandale, Mississippi",662.827.2241,,St. Rose BBQ & Blues Festival,Tba,,www.facebook.com/SamChatmonBlues,,,,From Living Blues Festival Guide 2026
317,St. Rose de Lima,228.467.7347,Catholic Church,"Bay St. Louis, Tba",Tba,,www.facebook.com/SaintRoseDeLimaBSL,,,,From Living Blues Festival Guide 2026
318,Lauren Rogers Museum of Art,601.649.6374,,"Laurel, Tba",Tba,,www.lrma.org,,,,From Living Blues Festival Guide 2026
319,"Greenwood, Mississippi",662.299.9150,,Booker Fest,Tba,,www.awesomeam.com,,,,From Living Blues Festival Guide 2026
320,"Bay St. Louis, Mississippi",100menhall.com,,Hill Country Boucherie and Blues Picnic,Tba,,,,,,From Living Blues Festival Guide 2026
321,Home Place Pastures,662.426.6191,homeplacepastures.comBlack Prairie Blues Festival,"Como, Tba",Tba,,,,,,From Living Blues Festival Guide 2026
322,"West Point, Mississippi",662.275.7819,Historic Mobile Street Renaissance,blackprairiebluesmuseum.com,Tba,,,,,,From Living Blues Festival Guide 2026
323,"Hattiesburg, Mississippi",601.818.9275,Walls Delta Festival,mobile-street-festival.com,Tba,,,,,,From Living Blues Festival Guide 2026
324,"Walls, Mississippi",662.781.1282,,Wing Dang Doodle Festival,Tba,,www.townofwalls.com,,,,From Living Blues Festival Guide 2026
325,Gaddis Park,601.469.4332,,"Forest, Tba",Tba,,www.wingdangdoodlefestival.com,,,,From Living Blues Festival Guide 2026
326,"Rolling Fork, Mississippi",,greatdeltabearaffair.org,Oktoberfest,Tba,,,,,,From Living Blues Festival Guide 2026
327,Carthage Coliseum,601.267.9231,,"Carthage, Tba",Tba,,www.leakems.com,,,,From Living Blues Festival Guide 2026
328,"Macon, Mississippi",662.726.4456,,Mississippi John Hurt Homecoming,Tba,,www.facebook.com/dancingrabbitfestival,,,,From Living Blues Festival Guide 2026
329,"Avalon, Mississippi",,Tommy Johnson Blues Festival,Tba,Tba,,www.msjohnhurtfoundation.org,,,,From Living Blues Festival Guide 2026
330,"Jackson, Mississippi",,,Tba,Tba,,www.facebook.com/tommyjohnsonblues,,,,From Living Blues Festival Guide 2026
331,Missouri Blues Fest,"January 9, 2026",,"Columbia, MO",MO,573.874.1944,,,,,From Living Blues Festival Guide 2026
332,"March 20, 2026","April 24-26, 2026",Chaifetz Arena,"St. Louis, MO",MO,636.239.1743,,,,,From Living Blues Festival Guide 2026
333,Lorie Smith Blues Fest,"May 3, 2026",,"May 15-16, MO",MO,573.353.2601,,,,,From Living Blues Festival Guide 2026
334,Linden Square,816.436.4523,,"June 13, MO",MO,,www.gladstonechamber.com/bluesfest,,,,From Living Blues Festival Guide 2026
335,"Springfield, Missouri","August 14-16, 2026",stompthebluesoutofhomelessness.com,Blues at the Arch,MO,314.881.2015,www.archpark.org,,,,From Living Blues Festival Guide 2026
336,CWE Jazz & Blues Festival,"August 15, 2026",,"Discover Farmington’s Blues, MO",MO,314.305.4012,,,,,From Living Blues Festival Guide 2026
337,"September 18-19, 2026",573.454.2617,discoverfarmingtonmo.com,"Farmington, Bbq",Bbq,,,,,,From Living Blues Festival Guide 2026
338,"September 25-27, 2026",816.760.2278,,"Kansas City, Bbq",Bbq,,"www.18thandvineartsfestival.comBuds, Blues & BBQ",,,,From Living Blues Festival Guide 2026
339,"Columbia, Missouri",,budsbluesandbbq.com,Lake of the Ozarks Blues Festival,Tba,,,,,,From Living Blues Festival Guide 2026
340,Great American Campground & Dive Bar,,lotobs.com,"Gravois Mills, Tba",Tba,,,,,,From Living Blues Festival Guide 2026
341,Coleman Hawkins Park,,Big Muddy Blues Festival,"St. Joseph, Tba",Tba,,www.colemanhawkins.org,,,,From Living Blues Festival Guide 2026
342,Laclede’s Landing,314.695.3797,bigmuddybluesfestival.com,"St. Louis, Tba",Tba,,,,,,From Living Blues Festival Guide 2026
343,"Hermann, Missouri",573.789.0771,,hermannjazz.com,Tba,,,,,,From Living Blues Festival Guide 2026
344,"Blues, Brews and Barbecue","June 20, 2026",,"Butte, MT",MT,406.859.3388,,,,,From Living Blues Festival Guide 2026
345,montanafolkfestival.com,"July 31-August 2, 2026",Big Sky Blues Festival,"Noxon, MT",MT,,www.bigskybluesfest.com,,,,From Living Blues Festival Guide 2026
346,"Libby, Montana","August 21-22, 2026",riverfrontbluesfestival.com,River City Roots Festival,MT,406.543.4238,www.rivercityrootsfestival.comSymes Hot Springs Blues Festival,,,,From Living Blues Festival Guide 2026
347,"Hot Springs, Montana",,HotSpringsBluesFestival,Tba,Tba,,www.facebook.com/,,,,From Living Blues Festival Guide 2026
348,Playing with Fire,"April 18 & August 13-15, 2026",,"Lincoln, NE",NE,,www.playingwithfir,,,,From Living Blues Festival Guide 2026
349,zoobar.com,"July 31-August 1, 2026",In the Market for Blues,"Omaha, NE",NE,,,,,,From Living Blues Festival Guide 2026
350,"Omaha, Nebraska",402.968.0984,Soaring Wings Blues Fest,hallinscorp.com,NE,,,,,,From Living Blues Festival Guide 2026
351,Soaring Wings Vineyard,402.943.6238,soaringwings.com,"Springfield, Tba",Tba,,,,,,From Living Blues Festival Guide 2026
352,Reno Jazz Festival,"April 23-25, 2026",,"April 24-26, NV",NV,775.784.4278,www.unr.edu/jazz-festival,,,,From Living Blues Festival Guide 2026
353,Pioneer Saloon,,nevadabluesfestival.com,"Goodsprings, NV",NV,,,,,,From Living Blues Festival Guide 2026
354,"Reno, Nevada",,brews-and-blues-festival,Jazz and Beyond – Carson City Music,NV,775.883.4154,www.caesars.com/reno/events/bbq-,,,,From Living Blues Festival Guide 2026
355,jazzcarsoncity.com,"September 2-7, 2026",Best in the West Nugget Rib Cook-Off,Nugget Casino Resort,NV,888.868.4438,www.nuggetribcookoff.com,,,,From Living Blues Festival Guide 2026
356,"September 10-13, 2026",,Westgate Las Vegas Resort & Casino,"Las Vegas, NV",NV,,,,,,From Living Blues Festival Guide 2026
357,White Mountain Boogie n’ Blues Festival,"August 14-16, 2026",,"August 22, NH",NH,603.726.3867,www.whitemountain,,,,From Living Blues Festival Guide 2026
358,"Londonderry, New Hampshire",603.303.0352,,"Portsmouth, NH",NH,,www.facebook.com/p/,,,,From Living Blues Festival Guide 2026
359,Granite State Blues Festival,,,NH,NH,,,,,,From Living Blues Festival Guide 2026
360,Veterans Memorial Park,"February 6, 2026",granitestateblues.orgNEW JERSEY,"Manchester, Tba",Tba,,,,,,From Living Blues Festival Guide 2026
361,Exit Zero Jazz Festival,"May 15-17, 2026",,"Augusta, Tba",Tba,,www.exitzerojazzfestival.com,,,,From Living Blues Festival Guide 2026
362,Jersey City Jazz Festival,"May 29-31, 2026",Plaza,Hudson River Waterfront at Exchange Place,Tba,,www.riverviewjazz.org,,,,From Living Blues Festival Guide 2026
363,"Freehold, New Jersey","June 24-September 7, 2026",mcdiversityalliance.com,Tony Mart Presents,Tba,609-653-6069,,,,,From Living Blues Festival Guide 2026
364,"Rock, Ribs, and Ridges Festival","June 26-28, 2026",,"FBAC Jazz, Tba",Tba,973.882.8240,,,,,From Living Blues Festival Guide 2026
365,"July 5-August 30, 2026",732.333.0094,,"North Wildwood, Tba",Tba,,www.downtownfreehold.com,,,,From Living Blues Festival Guide 2026
366,angleseablues.comJersey Gumbo Cookoff & Louisiana Music,"July 13, 2026",Festival,"Somers Point, Tba",Tba,609-653-6069,www.tonymart.com,,,,From Living Blues Festival Guide 2026
367,"Morristown, New Jersey",,Montclair Jazz Festival,Long Branch Jazz & Blues Festival,Tba,973.744.2273,www.montclairjazzfestival.org,,,,From Living Blues Festival Guide 2026
368,"August 29, 2026","August 29, 2026",jsjbf.org,"Long Branch, Tba",Tba,,www.njfolkfest.org,,,,From Living Blues Festival Guide 2026
369,Kean University Jazz & Roots Music,,Festival,Tba,Tba,,,,,,From Living Blues Festival Guide 2026
370,"The Lawn at Enlow Hall, Kean University",908.737.5326,,"Union Township, Tba",Tba,,www.kean.edu/jazz-roots,,,,From Living Blues Festival Guide 2026
371,"Marlboro, New Jersey",,VeteransBluesandBBQFestival,Beverly Blues Festival,Tba,,www.facebook.com/,,,,From Living Blues Festival Guide 2026
372,Riverfront Park,609.479.3093,haaffamilyarts.org,"Beverly, Tba",Tba,,,,,,From Living Blues Festival Guide 2026
373,Crawdaddy Blues Fest,"May 16-17, 2026",,"Madrid, NM",NM,505.473.0743,www.themineshafttavern.com,,,,From Living Blues Festival Guide 2026
374,"May 23-24, 2026",575.538.2505,Gough Park,"Silver City, NM",NM,,www.silvercitybluesfestival.org,,,,From Living Blues Festival Guide 2026
375,"Farmington, New Mexico",505.320.0615,Bernalillo Blues Festival,nwnmac.org,NM,,www.bernalilloblues.com,,,,From Living Blues Festival Guide 2026
376,"Las Cruces, New Mexico",,Roswell Jazz Festival,New Mexico Jazz Festival,NM,505.359.4876,www.roswelljazz.org,,,,From Living Blues Festival Guide 2026
377,Outpost Performance Space,505.268.0044,outpostspace.org,"Albuquerque, Tba",Tba,,,,,,From Living Blues Festival Guide 2026
378,Winter Blues Weekend,"January 16-18, 2026",,"Ellicottville, NY",NY,800.349.9099,www.ellicottvilleny.com/events/winter-,,,,From Living Blues Festival Guide 2026
379,"February 20-28, 2026",646.468.0710,,"New York, NY",NY,,www.bluenotejazz.com/jazz-festival-nyc,,,,From Living Blues Festival Guide 2026
380,juneteenthny.com,"July 9, 16, 23 & 30, 2026",River & Blues,Wagner Park,NY,212.417.2000,,,,,From Living Blues Festival Guide 2026
381,Lima Crossroads Festival,"July 30-August 2, 2026",limafest.org,"Lima, NY",NY,,,,,,From Living Blues Festival Guide 2026
382,Blues in the Bay,"September 4-7, 2026",,"Fredonia, NY",NY,315.482.9531,,,,,From Living Blues Festival Guide 2026
383,festivalsfredoniany.org,"September 12, 2026",Up the River Blues Festival,Louis Engel Waterfront Park,NY,,www.uptheriverbluesfestival.com,,,,From Living Blues Festival Guide 2026
384,"Binghamton, New York","September 13-20, 2026",bluesonthebridge.com,Art is Alive,NY,,www.asaseyaaent.orgNiagara Falls Blues Festival,,,,From Living Blues Festival Guide 2026
385,LBPL Celebration of Jazz & Blues,"September 26, 2026",,"Long Beach, NY",NY,516.307.2787,www.aip4arts.org,,,,From Living Blues Festival Guide 2026
386,"Highmount, New York",,mountainjamfestival.com,Buffalo Blues & Roots Festival,NY,,,,,,From Living Blues Festival Guide 2026
387,Buffalo RiverWorks,716.342.2292,buffaloriverworks.com,"Buffalo, Tba",Tba,,,,,,From Living Blues Festival Guide 2026
388,Hudson River Park,212.627.2020,hudsonriverpark.org,"New York, Tba",Tba,,,,,,From Living Blues Festival Guide 2026
389,"Brooklyn, New York",,Washington Square Park Folk Festival,Tba,Tba,,www.brooklynfolkfest.com,,,,From Living Blues Festival Guide 2026
390,Greenwich Village,,,"New York, Tba",Tba,,www.wspfolkfest.com,,,,From Living Blues Festival Guide 2026
391,North Carolina Jazz Festival,"February 5-7, 2026",,"March 6, NC",NC,910.399.6536,,,,,From Living Blues Festival Guide 2026
392,"Fayetteville, North Caroline",8th Annual Queen City Blues Festival,bluesisalright.com,"March 7, NC",NC,,,,,,From Living Blues Festival Guide 2026
393,MerleFest,"April 23-26, 2026",,"April 25, NC",NC,800.343.7857,,,,,From Living Blues Festival Guide 2026
394,"Morehead City, North Carolina",252.726.6273,,"Durham, NC",NC,,www.ncseafoodfestival.org,,,,From Living Blues Festival Guide 2026
395,NC Blues Week,"May 8-17, 2026",piedmontblues.org,"Greensboro, NC",NC,,,,,,From Living Blues Festival Guide 2026
396,musicmaker.org/freight-train-blues,"May 29-31, 2026",Bear Shadow,"Highlands, NC",NC,,,,,,From Living Blues Festival Guide 2026
397,"Wilmington, North Carolina",,DownEast Music Festival,Rocky Mount Sports Complex,NC,,"www.eliteentgrp.comBBQ, Blues & Brews",,,,From Living Blues Festival Guide 2026
398,Seven Springs Farm & Vineyard,,lawn-chair-and-tents-only-tickets-253684,"Norlina, NC",NC,,www.simpletix.com/e/bbq-blues-brews-,,,,From Living Blues Festival Guide 2026
399,"High Point, North Carolina",336.819.5299,Eno River Association’s 60th Anniversary,coltranejazzfest.com,NC,,,,,,From Living Blues Festival Guide 2026
400,North Carolina Folk Festival,"September 18-20, 2026",,"Black Mountain, NC",NC,,www.ncfolkfestival.com,,,,From Living Blues Festival Guide 2026
401,Duck Jazz Festival,"October 10-11, 2026",,"Duck, NC",NC,252.255.1234,,,,,From Living Blues Festival Guide 2026
402,River House Inn,,newriverbluesfestival.info,"Grassy Creek, Tba",Tba,,,,,,From Living Blues Festival Guide 2026
403,Buggies-N-Blues,"June 12-14, 2026",,"July 24-25, ND",ND,701.751.2983,www.buggies-n-blues.org,,,,From Living Blues Festival Guide 2026
404,"Fargo, North Dakota","February 7, 2026",fargoblues.comOHIO,Cincinnati Winter Blues Experience VII,ND,513.836.1118,,,,,From Living Blues Festival Guide 2026
405,Pickle’s Blues Weekend,"March 6-7, 2026",,"March 20-21, ND",ND,419.227.7463,www.oldcityprime.com,,,,From Living Blues Festival Guide 2026
406,The Lafayette Hotel,304.481.8389,bjfm.org,"Marietta, ND",ND,,,,,,From Living Blues Festival Guide 2026
407,"Cleveland, Ohio",216.677.8733,GACBS Bluesfest,thetreelawn.com,ND,,www.facebook.com/,,,,From Living Blues Festival Guide 2026
408,groups/235973476460482,"June 4-6, 2026",Logan Washboard Arts & Music Festival,"Logan, ND",ND,,www.loganwashboardfestival.com,,,,From Living Blues Festival Guide 2026
409,"Gahanna, Ohio",,Nelsonville Music Festival,Snow Fork Event Center,ND,740.753.1924,www.creeksidebluesandjazz.com,,,,From Living Blues Festival Guide 2026
410,Sean Carney’s Blues for a Cure,"June 26-27, 2026",,"Cadiz, ND",ND,614.906.4700,www.bluesforacure.com,,,,From Living Blues Festival Guide 2026
411,"July 11-12, 2026",513.739.2583,Village Green Park,"Fairfield, ND",ND,,,,,,From Living Blues Festival Guide 2026
412,Jazz & Rib Fest,"July 24-26, 2026",Bicentennial Park,West Bank Park &,ND,,www.hotribscooljazz.org,,,,From Living Blues Festival Guide 2026
413,"Canal Winchester, Ohio",614.270.5053,,"Waterville, ND",ND,,www.bluesandribfest.com,,,,From Living Blues Festival Guide 2026
414,"July 31-August 1, 2026",513.268.6069,lebanonbluesfestival.com,"Lebanon, ND",ND,,www.springfieldjazzbluesfest.com,,,,From Living Blues Festival Guide 2026
415,Dayton African American Cultural Festival,"August 15, 2026",,"Granville, ND",ND,937.715.5121,www.facebook.com/DAACFEST,,,,From Living Blues Festival Guide 2026
416,CBUS Soul Fest,"September 4-5, 2026",cbussoulfest.comBlues and Brews Festival,"Columbus, ND",ND,,,,,,From Living Blues Festival Guide 2026
417,Brews-Festival,"September 11-13, 2026",Black Swamp Arts Festival,"Bowling Green, ND",ND,,www.blackswampfest.org,,,,From Living Blues Festival Guide 2026
418,"Hamilton, Ohio",513.868.8336,,Big Bend Blues Bash,ND,,www.pyramidhill.org,,,,From Living Blues Festival Guide 2026
419,"Pomeroy, Ohio",,bigbendbluesbash.com,TruBlues 97.5 Marion Blues Festival,Tba,,,,,,From Living Blues Festival Guide 2026
420,"Marion, Ohio",,trublues975.com,Rubber City Jazz & Blues Festival,Tba,,,,,,From Living Blues Festival Guide 2026
421,"Akron, Ohio",,Dayton Blues Festival,Tba,Tba,,www.rubbercityjazz.org,,,,From Living Blues Festival Guide 2026
422,Levitt Pavilion Dayton,937.281.2144,levittdayton.org,"Dayton, Tba",Tba,,,,,,From Living Blues Festival Guide 2026
423,Bixby Rotary BBQ’n Blues Festival,"May 14-16, 2026",,"June 19-21, OK",OK,918.549.8065,www.bixbyrotarybbq.com,,,,From Living Blues Festival Guide 2026
424,"Tulsa, Oklahoma",918.200.9703,,"Rentiesville, OK",OK,,www.tulsajuneteenth.org,,,,From Living Blues Festival Guide 2026
425,"Arcadia, Oklahoma",,arcadiabluesfestival.com,Tba,Tba,,,,,,From Living Blues Festival Guide 2026
426,Rose City Blues,"February 20-22, 2026",pdxblues.com,"Portland, OR",OR,,,,,,From Living Blues Festival Guide 2026
427,"Milwaukie, Oregon",503.880.7171,Seaside Jazz & Blues Festival,winterbluesfest.net,OR,503.997.4902,,,,,From Living Blues Festival Guide 2026
428,Bend Blues Festival,"June 27, 2026",,"Portland, OR",OR,,www.bendbluesfest.com,,,,From Living Blues Festival Guide 2026
429,waterfrontbluesfest.com,"July 25-26, 2026",Bigfoot Blues Festival,Port of Brookings Harbor,OR,541.469.2218,www.portofbrookingsharbor.com,,,,From Living Blues Festival Guide 2026
430,"July 30-August 2, 2026","September 12, 2026",Pendarvis Farm,"Happy Valley, OR",OR,,,,,,From Living Blues Festival Guide 2026
431,findyourselfinwaldport.com,"October 7-11, 2026",Blues in the Gorge,Menucha Retreat and Conference Center,OR,503.695.2243,,,,,From Living Blues Festival Guide 2026
432,"Medford, Oregon",,,Tba,Tba,,www.rogueblues.org,,,,From Living Blues Festival Guide 2026
433,Lehigh River Blues Jam,"January 31, 2026",bevconklin.com/lehigh-river-blues-jam,"Allentown, PA",PA,,,,,,From Living Blues Festival Guide 2026
434,LancasterRootsAndBlues,"March 19-29, 2026",Boscov’s Berks Jazz Fest,"Reading, PA",PA,610.898.1930,www.berksjazzfest.com,,,,From Living Blues Festival Guide 2026
435,Terchon VFW Post 5542,215.946.4794,,"Indiana, PA",PA,,www.facebook.com/BUCKSCOUNTYBLUES,,,,From Living Blues Festival Guide 2026
436,westsylvaniajazzandblues.org,"June 6, 2026",Chester County Blues Barbecue,Wyndsor Farm,PA,,,,,,From Living Blues Festival Guide 2026
437,"Allentown, Pennsylvania",610.810.1676,,"June 20, PA",PA,,www.discoverlehighvalley.com/events/,,,,From Living Blues Festival Guide 2026
438,"Honesdale, Pennsylvania","June 20-21, 2026",honesdalerootsandrhythm.comFranklin Blues & Barbecue Festival,Bandstand Park,PA,412.585.0360,www.franklinbluesandbbq.org,,,,From Living Blues Festival Guide 2026
439,"July 9-11, 2026",570.379.3342,,"Creighton, PA",PA,,www.briggsfarm.com,,,,From Living Blues Festival Guide 2026
440,"Blast Furnace Blues: Stars, Stripes &","July 17-18, 2026",Steel,SteelStacks,PA,610.332.1300,www.artsquest.org,,,,From Living Blues Festival Guide 2026
441,"July 18, 2026","July 24-25, 2026",Snipes Farm,"Morrisville, PA",PA,814.539.1889,,,,,From Living Blues Festival Guide 2026
442,Erie’s Blues & Jazz Festival,"August 1-2, 2026",,"August 14-16, PA",PA,,www.eriebluesandjazz.com,,,,From Living Blues Festival Guide 2026
443,"Harleysville, Pennsylvania","August 29, 2026",folkfest.org,Anson B. Nixon Park Roots & Blues,PA,610.444.1416,,,,,From Living Blues Festival Guide 2026
444,roots-and-blues-festival,"August 29, 2026",East Petersburg Blues Festival,"East Petersburg, PA",PA,215.802.0500,www.facebook.com/eastpetebluesfestPittsburgh International Jazz Festival,,,,From Living Blues Festival Guide 2026
445,pittsburghjazzfest.org,"September 26, 2026",Haverford Township Music Festival,"Havertown, PA",PA,,,,,,From Living Blues Festival Guide 2026
446,"Chesterbrook, Pennsylvania",,mainlinemusicfest.com,Reading Blues Fest,Tba,,,,,,From Living Blues Festival Guide 2026
447,"Reading, Pennsylvania",610.898.1930,,st.com,Tba,,www.readingbluesfe,,,,From Living Blues Festival Guide 2026
448,"Philadelphia, Pennsylvania",,,Tba,Tba,,www.philadelphiabluessociety.org/festival,,,,From Living Blues Festival Guide 2026
449,Newport Folk Festival,"July 24-26, 2026",newportfolk.org,"Newport, RI",RI,,,,,,From Living Blues Festival Guide 2026
450,"Newport, Rhode Island","August 23, 2026",newportjazz.org,General Stanton Inn Blues Music Festival,RI,401.364.8888,www.thegeneralstantoninn.com,,,,From Living Blues Festival Guide 2026
451,Rhode Island Folk Festival,"August 30, 2026",rhodeislandfolkfestival.com,"East Providence, RI",RI,,,,,,From Living Blues Festival Guide 2026
452,"September 4-6, 2026",,Ninigret Park,"Charlestown, RI",RI,,,,,,From Living Blues Festival Guide 2026
453,Deep Winter Blues Festival,"February 21, 2026",,"February 28, SC",SC,864.898.2936,,,,,From Living Blues Festival Guide 2026
454,North Charleston Coliseum,"April 11, 2026",bluesisalright.com,"Charleston, SC",SC,,www.macarnold.com/tour,,,,From Living Blues Festival Guide 2026
455,Charleston Jazz Festival,"April 13-21, 2026",,"Rock Hill, SC",SC,843.641.0011,,,,,From Living Blues Festival Guide 2026
456,Old Time Weekend Jam Festival,"April 17-18, 2026",,"April 18, SC",SC,864.898.2936,,,,,From Living Blues Festival Guide 2026
457,James Island County Park,843.795.4386,,"Kiawah Island, SC",SC,,www.ccprc.com,,,,From Living Blues Festival Guide 2026
458,freshfieldsvillage.comMauldin Blues & Jazz Festival,"April 18, 2026",,"May 2, SC",SC,864.335.4862,,,,,From Living Blues Festival Guide 2026
459,Dolly Cooper Park,"May 9, 2026",rhythmontheriver.org,"Powdersville, SC",SC,,,,,,From Living Blues Festival Guide 2026
460,Spoleto Festival USA,"May 22-June 7, 2026",,"Charleston, SC",SC,843.579.3100,,,,,From Living Blues Festival Guide 2026
461,piccolospoleto.com,"June 6, 2026",Sparkle City Rhythm & Ribs Festival,Barnet Park,SC,864.680.6674,,,,,From Living Blues Festival Guide 2026
462,"June 19, 2026",,Historic Harriet Barber House & Grounds,"Hopkins, SC",SC,864.942.8448,www.harrietbarberhouse.org,,,,From Living Blues Festival Guide 2026
463,Riverfront Revival,"October 9-10, 2026",,"Cheraw, SC",SC,,www.riverfrontrevival.com,,,,From Living Blues Festival Guide 2026
464,"October 23-24, 2026","November 7, 2026",bbqbluesboos.org,"Barnwell, SC",SC,843.678.5912,www.scpecanfestival.com,,,,From Living Blues Festival Guide 2026
465,"Whiskey, Wine & Blues","November 14, 2026",,"Blues, SC",SC,,www.whiskeywineblues.com,,,,From Living Blues Festival Guide 2026
466,"Greenville, South Carolina",,tenatthetop.org,Six Mile Issaqueena Festival,Tba,,,,,,From Living Blues Festival Guide 2026
467,"Six Mile, South Carolina",864.868.2653,,"Martin Luther King, Tba",Tba,,,,,,From Living Blues Festival Guide 2026
468,"Chester, South Carolina",,Piedmont Blues & Roots Festival,Tba,Tba,,www.facebook.com/MLKJrBluesFestival,,,,From Living Blues Festival Guide 2026
469,"Laurens, South Carolina",864.984.3933,,Blues & Jazz Festival,Tba,,www.laurensbluesandroots.com,,,,From Living Blues Festival Guide 2026
470,"Rock Hill, South Carolina",803.328.2787,,"BBQ, Tba",Tba,,www.yorkcountyarts.org/bluesandjazz,,,,From Living Blues Festival Guide 2026
471,Historic Harriet Barber House & Grounds,,,"Hopkins, Tba",Tba,,www.harrietbarberhouse.org,,,,From Living Blues Festival Guide 2026
472,Deadwood Blues Festival,"July 10-12, 2026",deadwoodbluesfest.com,"Deadwood, SD",SD,,,,,,From Living Blues Festival Guide 2026
473,sdfotm.org,,,SD,SD,,,,,,From Living Blues Festival Guide 2026
474,"August 1, 2026",605.945.0794,Grey Goose Store & Social Club,"Pierre, SD",SD,,www.facebook.com/GreyGooseStore,,,,From Living Blues Festival Guide 2026
475,International Blues Challenge,"January 13-17, 2026",,"Knoxville, TN",TN,901.527.2583,,,,,From Living Blues Festival Guide 2026
476,bigearsfestival.org,"May 1-3, 2026",RiverBeat Music Festival,Tom Lee Park,TN,,,,,,From Living Blues Festival Guide 2026
477,"May 6, 2026",47th Annual Blues Music Awards,Alfred’s,"Memphis, TN",TN,901.527.2583,,,,,From Living Blues Festival Guide 2026
478,blues.org,"May 9, 2026",Art for All Festival,Dixon Gallery & Gardens,TN,,,,,,From Living Blues Festival Guide 2026
479,West Tennessee Delta Heritage Center,731.779.9000,,"Morristown, TN",TN,,www.exit56blues.com,,,,From Living Blues Festival Guide 2026
480,"May 30, 2026",865.637.4561,Emory Place,"Knoxville, TN",TN,,www.dogwoodarts.com,,,,From Living Blues Festival Guide 2026
481,Music City Freedom Festival,"June 20-21, 2026",,"September 4-6, TN",TN,615.525.0392,www.musiccityfreedomfest.com,,,,From Living Blues Festival Guide 2026
482,Junebug Boogie Ranch,,Bristol Rhythm & Roots Reunion,"Cookeville, TN",TN,423.573.1927,www.muddyroots.com,,,,From Living Blues Festival Guide 2026
483,AmericanaFest,"September 15-19, 2026",americanamusic.org,"Nashville, TN",TN,,,,,,From Living Blues Festival Guide 2026
484,louiebluie.org,"October 9-11, 2026",Mempho Music Festival,Radians Amphitheater at Memphis Botanic,TN,,,,,,From Living Blues Festival Guide 2026
485,"October 17, 2026",731.779.9000,,"Memphis, TN",TN,,www.hatchiefallfest.com,,,,From Living Blues Festival Guide 2026
486,riverartsmemphis.orgWCTE PBS Blues & Brews Craft Beer,"October 24, 2026",Festival,"Cookeville, TN",TN,931.528.2222,www.wcte.org,,,,From Living Blues Festival Guide 2026
487,"Franklin, Tennessee",865.637.4561,pilgrimagefestival.com,Southern Skies Music & Whiskey Festival,TN,,,,,,From Living Blues Festival Guide 2026
488,"Nashville, Tennessee",615.200.0354,Jefferson Street Jazz & Blues Festival,artsbellevue.org,Tba,,,,,,From Living Blues Festival Guide 2026
489,Robertson County Fairgrounds,805.625.1332,,"Springfield, Tba",Tba,,www.facebook.com/crookedeyebluesfest,,,,From Living Blues Festival Guide 2026
490,"Memphis, Tennessee",901.527.9565,,Tba,Tba,,www.wlok.com/stone-soul-picnic,,,,From Living Blues Festival Guide 2026
491,"January 17, 2026",830.997.3224,Luckenbach Dance Hall,"Fredericksburg, TX",TX,,www.luckenbachtexas.com,,,,From Living Blues Festival Guide 2026
492,"Dallas, Texas",214.828.9500,,TX,TX,,www.knon.org,,,,From Living Blues Festival Guide 2026
493,"March 8, 2026",713.715.9675,Houston Botanic Garden,"Houston, TX",TX,,,,,,From Living Blues Festival Guide 2026
494,Luck Reunion,"March 19, 2026",luckpresents.com,"Luck, TX",TX,,,,,,From Living Blues Festival Guide 2026
495,"Fort Worth, Texas",,Threads of Tradition Festival,ACE Center,TX,512.441.9255,www.fwaamusicfest.com,,,,From Living Blues Festival Guide 2026
496,oldsettlersmusicfest.org,18th Annual H-Town Blues Festival,NRG Arena,"April 24, TX",TX,,,,,,From Living Blues Festival Guide 2026
497,"Crockett, Texas",,Texas Trust CU Theatre,"April 25, TX",TX,,www.discovercrocketttx.com21st Annual Dallas Blues Festival,,,,From Living Blues Festival Guide 2026
498,Moody Amphitheater at Waterloo Park,,KNON Fort Worth Blues Festival,"Austin, TX",TX,214.828.9500,www.austinbluesfestival.com,,,,From Living Blues Festival Guide 2026
499,Dallas International Guitar Festival,"May 1-3, 2026",,"May 21-June 7, TX",TX,972.240.2206,www.guitarshow.com,,,,From Living Blues Festival Guide 2026
500,"Kerrville, Texas",830.257.3600,,"Austin, TX",TX,512.832.4000,www.kerrvillefolkfestival.org,,,,From Living Blues Festival Guide 2026
501,green-2026,"June 19-20, 2026",Missouri City Juneteenth Celebration,Hunters Glen Park,TX,281.545.5009,,,,,From Living Blues Festival Guide 2026
502,"June 20, 2026",,Doyle Community Pavilion,"Kerrville, TX",TX,,www.bluesfestkerrville.org,,,,From Living Blues Festival Guide 2026
503,willienelson.comBlues on Main,"September 5-6, 2026",,"September 26-27, TX",TX,972.878.4748,www.visitennistexas.com/bluesonmain,,,,From Living Blues Festival Guide 2026
504,"Austin, Texas","October 2-4 & 9-11, 2026",crossroadsguitarfestival.com,Austin City Limits Music Festival,TX,,www.aclfestival.com,,,,From Living Blues Festival Guide 2026
505,"October 17-18, 2026",,Houston Bluesfest,"East Austin, TX",TX,,www.eastsidekingsfest.com,,,,From Living Blues Festival Guide 2026
506,On hiatus,432.897.1469,tallcitybluesfest.com,"Midland, TX",TX,,,,,,From Living Blues Festival Guide 2026
507,"Denton, Texas",,Wortham Blues Festival,Tba,Tba,,www.dentonbluesfest.com,,,,From Living Blues Festival Guide 2026
508,"Wortham, Texas",,Navasota Blues Fest,Tba,Tba,,www.worthambluesfest.org,,,,From Living Blues Festival Guide 2026
509,"Navasota, Texas",979.696.2787,,Tba,Tba,,www.acbv.org,,,,From Living Blues Festival Guide 2026
510,Utah Blues Festival,"June 12-13, 2026",,"June 18-21, UT",UT,,www.utahbluesfest.org,,,,From Living Blues Festival Guide 2026
511,"Salt Lake City, Utah",801.322.2428,,uaf.org,UT,,,,,,From Living Blues Festival Guide 2026
512,Tuacahn Amphitheatre,800.746.9882,southernutahbluesfestival.com,"Ivins, Tba",Tba,,,,,,From Living Blues Festival Guide 2026
513,Burlington Discover Jazz Festival,"June 3-7, 2026",,"September 5-6, VT",VT,802.652.4500,www.flynnvt.org/bdjf,,,,From Living Blues Festival Guide 2026
514,"Plymouth Notch, Vermont",802.672.3773,,plymouthfolk.com,VT,,,,,,From Living Blues Festival Guide 2026
515,Winter Blues & Jazz Fest,"January 16-19, 2026",,"March 14, VA",VA,,www.winterbluesjazzfest.com,,,,From Living Blues Festival Guide 2026
516,"Charlottesville, Virginia",855.452.2295,,"Norfolk, VA",VA,,www.boarsheadresort.com/beer,,,,From Living Blues Festival Guide 2026
517,festevents.org,"June 13, 2026",Columbia Pike Blues Festival,"Arlington, VA",VA,703.892.2776,www.columbia-pike.org/bluesfest,,,,From Living Blues Festival Guide 2026
518,Festival Park at Atlantic Union Bank Pavilion,757.627.0864,ulhr.org/juneteenthHampton Jazz & Music Festival,"Portsmouth, VA",VA,757.838.4203,,,,,From Living Blues Festival Guide 2026
519,beacheventsvb.com,"September 26, 2026",John Jackson Piedmont Blues Festival,Castleton Meadows,VA,540.675.3619,www.facebook.com/johnjacksonbluesfest,,,,From Living Blues Festival Guide 2026
520,"Waynesboro, Virginia",540.943.9999,,Tinner Hill Music Festival,Tba,,www.virginiachili.com,,,,From Living Blues Festival Guide 2026
521,"Falls Church, Virginia",703.241.4109,,Stone Soul Music & Food Festival,Tba,,www.tinnerhill.org,,,,From Living Blues Festival Guide 2026
522,"Richmond, Virginia",804.672.9299,7 City Blues Festival,kissrichmond.com,Tba,,,,,,From Living Blues Festival Guide 2026
523,Scope Arena,,bluesisalright.com,"Norfolk, Tba",Tba,,,,,,From Living Blues Festival Guide 2026
524,Poulsbo Blues & Jazz Festival,"February 27-28, 2026",poulsborotary.org/poulsbo-blues-jazzWalla Walla Guitar Festival,"Poulsbo, WA",WA,,,,,,From Living Blues Festival Guide 2026
525,"May 14-17 & September 10-13, 2026",509.633.3786,Sunbanks Lakes Resort,"Electric City, WA",WA,,www.sunbanksfestival.com,,,,From Living Blues Festival Guide 2026
526,"Seattle, Washington",206.684.7300,Gorge Blues & Brews Festival,nwfolklife.org,WA,509.427.3980,,,,,From Living Blues Festival Guide 2026
527,GorgeBluesandBrewsFestival,"July 4, 2026",Celebration Park,"Red, WA",WA,253.835.6900,,,,,From Living Blues Festival Guide 2026
528,"July 17-19, 2026",800.820.9884,The Blues Ranch,"Winthrop, WA",WA,,,,,,From Living Blues Festival Guide 2026
529,"Port Townsend, Washington",360.385.3102,Rainier Music Festival,centrum.org,WA,,www.rainiermusicfestival.com,,,,From Living Blues Festival Guide 2026
530,Peninsula Blues Festival,"August 14-15, 2026",,"Ocean Park, WA",WA,360.214.2652,www.peninsulablues.com,,,,From Living Blues Festival Guide 2026
531,North Bend Blues Walk,"October 3, 2026",,"Bellevue, WA",WA,425.453.1223,www.northbendblueswalk.com,,,,From Living Blues Festival Guide 2026
532,Snoqualmie Days,,,WA,WA,,,,,,From Living Blues Festival Guide 2026
533,"Snoqualmie, Washington",,snoqualmiedays.org,Kitsap Blues Music Festival,Tba,,,,,,From Living Blues Festival Guide 2026
534,Kitsap Fairgrounds,360.373.6810,,"Bremerton, Tba",Tba,,www.admiraltheatre.org/kitsapblues,,,,From Living Blues Festival Guide 2026
535,Blues Week at Augusta Heritage Center,"July 13-17, 2026",College,Augusta Heritage Center of Davis & Elkins,WV,304.637.1209,,,,,From Living Blues Festival Guide 2026
536,Heritage Port Amphitheater,,West Virginia Black Heritage Festival,"Wheeling, WV",WV,304.641.9963,www.wvbhf.comWest Virginia Wine & Jazz Festival,,,,From Living Blues Festival Guide 2026
537,"September 19-20, 2026",,Hazel Ruby McQuain Park,"Morgantown, WV",WV,,,,,,From Living Blues Festival Guide 2026
538,"Huntington, West Virginia",,Johnnie Johnson,Blues & Jazz Festival,Tba,,www.huntingtonbluessociety.com,,,,From Living Blues Festival Guide 2026
539,"Fairmont, West Virginia",,JohnnieJohnsonBluesandJazz,Diamond Teeth Mary Medicine Show,Tba,,www.facebook.com/,,,,From Living Blues Festival Guide 2026
540,"March 13-14, 2026","April 17-18, 2026",Rothschild Pavilion,"Rothschild, WI",WI,,,,,,From Living Blues Festival Guide 2026
541,thebendwi.org,"June 16-17, June 18-20, June 25-27, &",Summerfest,"July 2-4, WI",WI,,www.summerfest.com,,,,From Living Blues Festival Guide 2026
542,Green County Fairgrounds,,Blue Ox Music Festival,"Monroe, WI",WI,715.602.4440,www.monroeballoonandblues.com,,,,From Living Blues Festival Guide 2026
543,"July 11, 2026",,Central Park,"Two Rivers, WI",WI,,www.facebook.com/,,,,From Living Blues Festival Guide 2026
544,New Glarus Village Park,608.527.2095,,"Prairie du Chien, WI",WI,,www.swisstown.com,,,,From Living Blues Festival Guide 2026
545,Sugar Maple Music Festival,"July 31-August 1, 2026",,"August 6-8, WI",WI,608.209.1252,,,,,From Living Blues Festival Guide 2026
546,Veteran’s Memorial Park,,Celebration Place,"August 15, WI",WI,262.898.5616,www.bluesonthechippewa.com,,,,From Living Blues Festival Guide 2026
547,Big Bull Falls Blues Fest,"August 21-22, 2026",wausauevents.org/big-bull-falls-blues-fest,"Wausau, WI",WI,,,,,,From Living Blues Festival Guide 2026
548,Chain O’Lakes Blues Festival,"October 2-3, 2026",,"Waupaca, WI",WI,715.258.7343,,,,,From Living Blues Festival Guide 2026
549,"September 4, 2027",262.208.6288,,"Delafield, WI",WI,,www.paramountmusic.org,,,,From Living Blues Festival Guide 2026
550,Granville Blues Fest,,,WI,WI,,,,,,From Living Blues Festival Guide 2026
551,"Milwaukee, Wisconsin",414.550.8150,,granvillebusiness.org,Tba,,,,,,From Living Blues Festival Guide 2026
552,Sweetwater Blues n’ Brews,"August 22, 2026",,"Rock Springs, WY",WY,307.352.1434,www.downtownrs.com/sweetwater-blues-,,,,From Living Blues Festival Guide 2026
553,The February Blues Music Festival,"February 1-2, 2026",,"February 12-15, Canada",Canada,800.668.9100,www.barriejazzbluesfest.com,,,,From Living Blues Festival Guide 2026
554,Tranzac Club,,Mid-Winter Blues Festival,"Toronto, Canada",Canada,,www.winterfolk.com,,,,From Living Blues Festival Guide 2026
555,"May 1-2, 2026",,Orangeville Blues & Jazz Festival,"Hornby Island, Canada",Canada,,www.hornbyblues.ca,,,,From Living Blues Festival Guide 2026
556,"Orangeville, Ontario",519.215.2439,Pender Harbour Blues Festival,orangevillebluesandjazz.ca,Canada,604.741.1186,www.penderharbourbluesfestival.com,,,,From Living Blues Festival Guide 2026
557,Barrie Jazz and Blues Festival,"June 11-22, 2026",,"Stratford, Canada",Canada,,www.barriejazzbluesfest.com,,,,From Living Blues Festival Guide 2026
558,Toronto Jazz Fest,"June 19-28, 2026",torontojazz.com,"Toronto, Canada",Canada,604.872.5200,,,,,From Living Blues Festival Guide 2026
559,Jazz Fest Saguenay,"June 25-27, 2026",,"Montréal, Canada",Canada,418.815.2554,www.jazzfestsaguenay.com,,,,From Living Blues Festival Guide 2026
560,montrealjazzfest.com,"July 3-4, 2026",Edmundston Jazz & Blues Festival,"Edmundston, Canada",Canada,,,,,,From Living Blues Festival Guide 2026
561,mariposafolk.comBeaches International Jazz Festival,"July 3-26, 2026",,"July 8-12, Canada",Canada,416.698.2152,www.beachesjazz.com,,,,From Living Blues Festival Guide 2026
562,"Mont-Tremblant, Québec",888.738.1777,Lighthouse Blues Festival,bluestremblant.ca,Canada,,www.lighthousebluesfestival.com,,,,From Living Blues Festival Guide 2026
563,"July 9-19, 2026",613-247-1188,LeBreton Flats,"Ottawa, Canada",Canada,,,,,,From Living Blues Festival Guide 2026
564,"Bécancour, Québec",819.298.2882,Festival Blues d’la Baie,moulinmichel.com,Canada,,www.bluesdlabaie.com,,,,From Living Blues Festival Guide 2026
565,"July 24-25, 2026",,Fort Langley Park,"Langley Township, Canada",Canada,,www.fortlangleyjazzfest.com,,,,From Living Blues Festival Guide 2026
566,"Salmon Arm, British Columbia",250.833.4096,Calgary International Blues Festival,rootsandblues.ca,Canada,403.668.7144,,,,,From Living Blues Festival Guide 2026
567,Festival de Blues de Donnacona,"August 5-9, 2026",donnaconablues.com,"Donnacona, Canada",Canada,,,,,,From Living Blues Festival Guide 2026
568,"August 6-9, 2026",,Edmonton Folk Festival,"Kitchener, Canada",Canada,780.429.1899,www.kitchenerbluesfestival.com,,,,From Living Blues Festival Guide 2026
569,edmontonfolkfest.org,"August 6-9, 2026",Nanaimo Blues Festival,Maffeo Sutton Park,Canada,,,,,,From Living Blues Festival Guide 2026
570,Deer Lake Park Festival Lawn,604.294.7944,,"Unionville, Canada",Canada,647.983.7777,www.burnabybluesfestival.com,,,,From Living Blues Festival Guide 2026
571,Tim Hortons Southside Shuffle Blues and,"September 11-13, 2026",Jazz Festival,"Port Credit, Canada",Canada,416.770.4374,www.southsideshuffle.ca,,,,From Living Blues Festival Guide 2026
572,"Belleville, Ontario","September 15-20, 2026",downtownblues.ca,Harvest Music Festival,Canada,506.454.2583,,,,,From Living Blues Festival Guide 2026
573,"September 18-20, 2026",,wasagabeachblues.com,"Wasaga Beach, Canada",Canada,,,,,,From Living Blues Festival Guide 2026
574,Donnelly’s Pub,905.227.1947,,"Thorold, Tba",Tba,,www.canalbankshuffle.com,,,,From Living Blues Festival Guide 2026
575,Loreto International Blues Festival,"March 14, 2026",,"San Miguel de Allende, Mexico",Mexico,,www.sanmigueljazz.com.mx,,,,From Living Blues Festival Guide 2026
576,The Unity Fest by Tequila Rock ’n Blues,"January 21-24 & February 26, 2027",Explosion,"Zihua & Ixtapa, Mexico",Mexico,,,,,,From Living Blues Festival Guide 2026
577,"San Cristóbal de las Casas, Chiapas,",,Mexico,jazzandrhythmsfestival,Tba,,www.facebook.com/,,,,From Living Blues Festival Guide 2026
578,"San Felipe, Baja California, Mexico",442.456.2444,,bluesandarts.org,Tba,,,,,,From Living Blues Festival Guide 2026
579,Mustique Blues Festival,"January 21-February 4, 2026",,"April 2-4, Caribbean",Caribbean,784.488.8350,,,,,From Living Blues Festival Guide 2026
580,Pietermaai District,"April 25-May 8, 2026",curacaoblueseasfestival.com,"Willemstad, Caribbean",Caribbean,,www.saintluciajazzandartsfestival.com,,,,From Living Blues Festival Guide 2026
581,"May 20-25, 2026","May 22-25, 2026",Curaçao,soulbeach.netFestival Terre de Blues,Caribbean,,www.terredeblues.com,,,,From Living Blues Festival Guide 2026
582,"Montego Bay, Jamaica",,Jamaica Ocho Rios Jazz Festival,Caribbean,Caribbean,,www.bluesjamaicagetaway2026.com,,,,From Living Blues Festival Guide 2026
583,"Ocho Rios, Jamaica",,JamaicaOchoRiosInternationalJazzFestival,Tba,Tba,,www.facebook.com/,,,,From Living Blues Festival Guide 2026
584,Costa Rica Blues Festival,"February 21, 2026",costaricablues.com,"Grecia, Central America",Central America,,,,,,From Living Blues Festival Guide 2026
585,Muddy Roots Brasil,"May 1-2, 2026",,"Ribeirão Preto, South America",South America,,www.muddyroots.com,,,,From Living Blues Festival Guide 2026
586,Rio das Ostras Jazz & Blues Festival,"June 4-7, 2026",,"Buenos Aires, South America",South America,,www.muddyroots.com,,,,From Living Blues Festival Guide 2026
587,Best of Blues and Rock,,,South America,South America,,,,,,From Living Blues Festival Guide 2026
588,"São Paulo, Brazil",,ViJazz & Blues Festival,Tba,Tba,,www.bestofbluesandrock.com.br,,,,From Living Blues Festival Guide 2026
589,"Viçosa, Minas Gerais, Brazil",,Blues & Folk Festival,Tba,Tba,,www.vijazz.com.br,,,,From Living Blues Festival Guide 2026
590,"Cali, Colombia",,,Tba,Tba,,www.colomboamericano.edu.co,,,,From Living Blues Festival Guide 2026
591,Pakkasukko Blues N’ Jazz,"February 4-8, 2026",,"Vila do Conde, Tba",Tba,,www.pakkasukkobluesnjazz.com,,,,From Living Blues Festival Guide 2026
592,Terri’Thouars Blues Festival,"March 25-29, 2026",+33.06.82.15.35.19,"Thouars, Tba",Tba,,www.blues-n-co.org,,,,From Living Blues Festival Guide 2026
593,"Inverness, Scotland, United Kingdom","April 8, 2026",invernessbluesfestival.com,UK Blues Awards,Tba,,www.ukblues.org,,,,From Living Blues Festival Guide 2026
594,"April 23-26, 2026",,United Kingdom,"Stromness, Tba",Tba,,www.solidentertainments.com,,,,From Living Blues Festival Guide 2026
595,Arran Rock ‘n’ Blues Festival,"May 1-3, 2026",Kingdom,"Brodick, Tba",Tba,,,,,,From Living Blues Festival Guide 2026
596,"May 8-9, 2026",,Geneva Blues Festival,"Kwadendamme, Tba",Tba,,www.bagblues.ch,,,,From Living Blues Festival Guide 2026
597,Breda Jazz Festival,"May 14-17, 2026",+31.06.22.32.74.85,"Breda, Tba",Tba,,www.bredajazzfestival.nl,,,,From Living Blues Festival Guide 2026
598,Blues Festival Baden,"May 23-30, 2026",,"Eutin, Tba",Tba,,www.baltic-blues.de,,,,From Living Blues Festival Guide 2026
599,Mönsterås Blues & Roots Festival,"May 29-30, 2026",bluesfestivalen.se,"Mönsterås, Tba",Tba,,,,,,From Living Blues Festival Guide 2026
600,Benicàssim Blues Festival,"May 29-31, 2026",benicassimblues.wordpress.com,"Benicàssim, Tba",Tba,,www.duvelblues.be,,,,From Living Blues Festival Guide 2026
601,Blues Rules Crissier Festival,"June 5-6, 2026",,"Segovia, Tba",Tba,,www.blues-rules.com,,,,From Living Blues Festival Guide 2026
602,afrobluefestival.comLes Nuits Blues de Marnaz,"June 12-13, 2026",,"June 18-20, Tba",Tba,,www.lesnuitsbluesdemarnaz.fr,,,,From Living Blues Festival Guide 2026
603,"Sierre, Switzerland",,Holland International Blues Festival,Blackpool International Soul Festival,Tba,,www.hollandinternationalbluesfestival.com,,,,From Living Blues Festival Guide 2026
604,Winter Gardens Blackpool,,Torrita Blues Festival,"Blackpool, Tba",Tba,,www.torritablues.it,,,,From Living Blues Festival Guide 2026
605,JazzAscona,"June 25-July 4, 2026",,"Basel, Tba",Tba,,www.jazzascona.ch,,,,From Living Blues Festival Guide 2026
606,Cognac Blues Passions,"July 1-4, 2026",bluespassions.com,"Cognac, Tba",Tba,,www.facebook.com/BluesCazorla,,,,From Living Blues Festival Guide 2026
607,Skånevik Bluesfestival,"July 2-4, 2026",,"Dereham, Tba",Tba,,www.derehambluesfestival.org.uk,,,,From Living Blues Festival Guide 2026
608,R&B Blues Festival,"July 3, 2026",,"Madona, Tba",Tba,,www.rbbluesfestival.com,,,,From Living Blues Festival Guide 2026
609,"July 3-4, 2026",,Umbria Jazz,"Gaildorf, Tba",Tba,,www.umbriajazz.it,,,,From Living Blues Festival Guide 2026
610,Montreux Jazz Festival,"July 3-18, 2026",,"Guglionesi, Tba",Tba,,www.goodtimebluesfest.com,,,,From Living Blues Festival Guide 2026
611,Åmål’s Blues Fest,"July 9-11, 2026",+46.0.532.713.98,"Åmål, Tba",Tba,,,,,,From Living Blues Festival Guide 2026
612,"Birmingham, United Kingdom","July 10-August 6, 2026",mostlyjazz.co.uk,Vallemaggia Magic Blues Festival,Tba,,www.magicblues.ch,,,,From Living Blues Festival Guide 2026
613,Rustic Stomp Roots Festival,"July 17-19, 2026",,"Playa de San Agustín, Tba",Tba,,www.rusticstomp.co.uk,,,,From Living Blues Festival Guide 2026
614,"Tirajana, Spain",,ejbf.com.uk,"Edinburgh, Tba",Tba,,www.facebook.com/soulmaspalomasEdinburgh Jazz & Blues Festival,,,,From Living Blues Festival Guide 2026
615,"Porretta Terme, Italy","July 24-25, 2026",porrettasoulfestival.it,Thrill Blues Festival,Tba,,,,,,From Living Blues Festival Guide 2026
616,"July 24-26, 2026",,Birmingham Jazz & Blues Festival,"Bilbao, Tba",Tba,,www.birminghamjazzfestival.com,,,,From Living Blues Festival Guide 2026
617,Blues N’Rock @ Lake Moubra,"August 7-8, 2026",blues-lake-moubra.ch,"Crans-Montana, Tba",Tba,,www.howthrootsandblues.com,,,,From Living Blues Festival Guide 2026
618,Braşov Jazz & Blues Festival,"August 14-16, 2026",brasovjazz.ro,"Braşov, Tba",Tba,,www.swingwespelaar.be,,,,From Living Blues Festival Guide 2026
619,Campsoul Music Festival,"August 28-31, 2026",campsoulfestival.comHarvest Time Blues Festival,"Ardington, Tba",Tba,,www.harvestblues.ie,,,,From Living Blues Festival Guide 2026
620,Blues Heaven Festival,"October 2-3, 2026",bluesheaven.dk,"Frederikshavn, Tba",Tba,,,,,,From Living Blues Festival Guide 2026
621,CallanderJazzAndBl,"October 3, 2026",uesFestival,Rawa Blues Festival,Tba,,,,,,From Living Blues Festival Guide 2026
622,"November 6-7, 2026",,Palais du Littoral,"Grand-Synthe, Tba",Tba,,www.solidentertainments.com,,,,From Living Blues Festival Guide 2026
623,Blues sur Seine,"November 6-21, 2026",,"November 7, Tba",Tba,,www.blues-sur-seine.com,,,,From Living Blues Festival Guide 2026
624,"Freiburg, Germany",,Lucerne Blues Festival,Tba,Tba,,www.bluesfestival.ch,,,,From Living Blues Festival Guide 2026
625,"November 12-14, 2026",,Tenby Blues Festival,"Šumperk, Tba",Tba,,www.bluesalive.cz,,,,From Living Blues Festival Guide 2026
626,"December 4-6, 2026",,Kwadendamme Indoor Blues Festival,"Looe, Tba",Tba,,www.kwadendamme.com,,,,From Living Blues Festival Guide 2026
627,"January 22-24, 2027",,Imperial Hotel,"Blackpool, Tba",Tba,,www.solidentertain,,,,From Living Blues Festival Guide 2026
628,ments.com,"April 1-4, 2027",Nidaros Blues 2027,Royal Garden Hotel Trondheim,Tba,,,,,,From Living Blues Festival Guide 2026
629,"Bridgwater, United Kingdom",,Léman Blues Festival,Tba,Tba,,www.facebook.com/BBAFFUK,,,,From Living Blues Festival Guide 2026
630,"Annemasse, France",,Transilvania Blues Festival,Tba,Tba,,www.leman-blues-festival.com,,,,From Living Blues Festival Guide 2026
631,"Braşov, Romania",,transilvaniablues.ro,Freiburg Blues Festival,Tba,,,,,,From Living Blues Festival Guide 2026
632,"Florence, Italy","May 13-17, 2026",fabbricaeuropa.netAFRICA,Festival International Jazz de Saint-Louis,Tba,,www.saintlouisjazz.org,,,,From Living Blues Festival Guide 2026
633,"March 27-28, 2026",,STRAB – The Subterranean Rhythm &,"Cape Town, Tba",Tba,,www.capetownjazzfest.com,,,,From Living Blues Festival Guide 2026
634,Standard Bank Joy of Jazz Festival,"September 25-26, 2026",,"Ségou, Tba",Tba,,www.joyofjazz.co.za,,,,From Living Blues Festival Guide 2026
635,alsurleniger.org,,Jozi Blues Festival,Tba,Tba,,,,,,From Living Blues Festival Guide 2026
636,"Edenvale, South Africa",,joziblues.com,Festival Taragalte,Tba,,,,,,From Living Blues Festival Guide 2026
637,"M’Hamihd El Ghizlane, Morocco",,Ain Farba International Festival of Arts,and Culture,Tba,,www.taragalte.org,,,,From Living Blues Festival Guide 2026
638,"Ain Farba, Mauritania",,,Tba,Tba,,www.festival-au-desert.org,,,,From Living Blues Festival Guide 2026
639,Mahindra Blues Festival,"February 14-15, 2026",mahindrablues.com,"Bandra, South Asia",South Asia,,,,,,From Living Blues Festival Guide 2026
640,jazzmandu.orgSOUTHEAST ASIA,"May 29-31, 2026",Java Jazz Festival,"Nice, South Asia",South Asia,,www.javajazzfestival.com,,,,From Living Blues Festival Guide 2026
641,"Pai, Mae Hong Son, Thailand",,Festival-61553006306889,Borneo Jazz Festival,South Asia,,www.facebook.com/p/Pai-Jazz-Blues-,,,,From Living Blues Festival Guide 2026
642,"Miri, Malaysia",,jazzborneo.com,Tba,Tba,,,,,,From Living Blues Festival Guide 2026
643,Fuji Rock Festival,"July 24-26, 2026",,"Sendai, East Asia",East Asia,,www.fujirockfestival.com,,,,From Living Blues Festival Guide 2026
644,Korea Blues Camp 2026,"November 24-December 2, 2026",koreabluescamp.com,"Seoul, East Asia",East Asia,,,,,,From Living Blues Festival Guide 2026
645,"Tokyo, Japan",,bluenotejazzfestival.jp,Tba,Tba,,,,,,From Living Blues Festival Guide 2026
646,Thredbo Blues Festival,"January 16-18, 2026",thredboblues.com.au,"Thredbo, Australia",Australia,,,,,,From Living Blues Festival Guide 2026
647,"Kew, Victoria",,St. Kilda Blues Festival,stkildabluesfestival.com.au,Australia,,www.matsumura.com.au,,,,From Living Blues Festival Guide 2026
648,"February 27-March 1, 2026","March 13-15, 2026",Memorial Park,"The Entrance, Australia",Australia,,www.bmff.org.au,,,,From Living Blues Festival Guide 2026
649,"Blues, Brews & BBQ’s Music Festival","March 14, 2026",rocktheturf.com,"Tumut, Australia",Australia,,,,,,From Living Blues Festival Guide 2026
650,"Undara, Queensland",,undara/activities-and-attractions/rock-,and-blues,Australia,,www.discoveryholidayparks.com.au/,,,,From Living Blues Festival Guide 2026
651,Blues on Broadbeach,"May 14-17, 2026",bluesonbroadbeach.com,"Broadbeach, Australia",Australia,,,,,,From Living Blues Festival Guide 2026
652,Mitchell Creek Rock ‘N’ Blues Fest,"September 18-20, 2026",,"Bridgetown, Australia",Australia,,www.bluesatbridgetown.com.au,,,,From Living Blues Festival Guide 2026
653,Port Noarlunga Music Festival,"November 20-22, 2026",portnoarlungabluesfestival.com.au,"Port Noarlunga, Australia",Australia,,www.agnesbluesandroots.com.auRedlands Coast Blues Festival,,,,From Living Blues Festival Guide 2026
654,Redlands Showgrounds,,redlandbaysidebluesfestival2022,"Cleveland, Tba",Tba,,www.facebook.com/,,,,From Living Blues Festival Guide 2026
655,Blues on the Point Festival,"March 13, 2026",tasmanbayblues.co.nz,"Nelson, New Zealand",New Zealand,,,,,,From Living Blues Festival Guide 2026
656,harbourstreetfestival.com,"April 3-6, 2026",Waiheke Jazz & Blues Festival,"Waiheke Island, New Zealand",New Zealand,,www.waihekejazzfestival.co.nz,,,,From Living Blues Festival Guide 2026
657,boimusicfestivals.com,"May 22-31, 2026",Manawatū International Jazz & Blues,Festival,New Zealand,,www.mjc.org.nz,,,,From Living Blues Festival Guide 2026
658,"Rotorua, New Zealand",,bluesandbbq.co.nz,Blues & Jazz by the Sea,Tba,,,,,,From Living Blues Festival Guide 2026
659,"Taramea Bay, Riverton, New Zealand",,,Tba,Tba,,www.bluesandjazzbythesea.com,,,,From Living Blues Festival Guide 2026
660,Havila Blues Cruise 2026,"April 17-28, 2026",,"April-December, Cruises",Cruises,833.210.9067,www.havilavoyages.com/offers/blues-,,,,From Living Blues Festival Guide 2026
661,"Charleston, South Carolina",843.722.1122,,"Puerto Vallarta, Cruises",Cruises,800.258.3746,,,,,From Living Blues Festival Guide 2026
662,Sandy Beaches Cruise,"January 9-16, 2027",,"January 16-23, Cruises",Cruises,855.487.2639,,,,,From Living Blues Festival Guide 2026
663,"Fort Lauderdale, Florida to Half Moon Cay,",855.923.7222,Maarten,"Bahamas, Cruises",Cruises,,,,,,From Living Blues Festival Guide 2026
664,"Turks & Caicos, San Juan, Puerto Rico, and",800.258.3746,bluescruise.com,"Santo Domingo, Cruises",Cruises,,,,,,From Living Blues Festival Guide 2026
665,Billtown Blues Audition,2026,,"Pennsylvania, PA",PA,,https://www.billtownblues.org/2026-audition-concert-application,,,,PA-based blues musicians only
666,Cincy Blues Challenge,"Jun 14, 2026",,"Cincinnati, OH",OH,,https://cincyblues.org/2026/05/18/cincy-blues-challenge-call-for-entries-18/,,,,Emerging artists competition
667,Westsylvania Jazz & Blues Festival,2026,,PA,,,https://westsylvaniajazzandblues.org/news/star-call,,,,Student musicians grades 8-12
668,Wiregrass Blues Festival,"Mar 21, 2026",,"Dothan, AL",AL,,https://www.wiregrassbluesfestival.com/2026---13th-annual,,,,"13th annual, Crystal Shawanda headlining"
669,San Rafael PorchFest,"Sep 20, 2026",,"San Rafael, CA",CA,,https://www.sanrafaelporchfest.com/apply-to-perform,,,,Application open 3/15-6/15
670,Blues at Bridgetown,2026,,"Bridgetown, Australia",Australia,,https://wam.org.au/2026/03/11/blues-at-bridgetown-2026-artist-applications-open/,,,,Artist applications OPEN
671,Girrakool Blues Festival,"Feb 27 - Mar 1, 2026",,"Central Coast, Australia",Australia,,https://girrakoolblues.com.au/artist-applications/,,,,"8th annual, artist applications open"
672,Blues Aperitiv Competition,2026,,Czech Republic,,,https://www.bluesalive.cz/en/aperitiv-en/,,,,"27th edition, blues competition for new talents"
673,ABAS Blues Festival & Challenge,2026,,Greece,,,https://europeanbluesunion.com/abas-blues-festival-challenge-2026/,,,,"2nd edition, applications open"
