rank,festival,date,venue,city,state,phone,website,status,booking_contact,email,notes
1,Arkansas Country Blues and Stringband,TBA,Festival,Springdale,AK,,,,,,From Living Blues Festival Guide 2026
2,"Bikes, Blues & BBQ Motorcycle Rally","September 30-October 3, 2026",bikesbluesandbbq.org,Rogers,AK,870.572.5223,,,,,From Living Blues Festival Guide 2026
3,Entertainment-100089526567313,"May 28-31, 2026",Eureka Springs Blues Party,Eureka Springs,AK,,www.bigsteammusicfestival.com,,,,From Living Blues Festival Guide 2026
4,"January 22-February 1, 2026",Juneau Jazz Festival,anchoragefolkfestival.org,Anchorage,AK,907.463.3378,www.jazzandclassics.org,,,,From Living Blues Festival Guide 2026
5,"Juneau, Alaska",Juneau Jazz & Classics Spring Festival,akfolkfest.org,April 24-May 9,AK,907.463.3378,www.jazzandclassics.org,,,,From Living Blues Festival Guide 2026
6,Northernarizonabluesalliance,"March 14, 2026",Flat Iron Community Park,Superstition Blues,AK,928.554.0851,,,,,From Living Blues Festival Guide 2026
7,Salmonfest,"July 31-August 2, 2026",Kenai Peninsula Fairgrounds,Ninilchik,AK,520.762.6260,,,,,From Living Blues Festival Guide 2026
8,Scottsdale Jazz Festival,"April 11, 2026",Talking Stick Resort,Scottsdale,AK,928.606.7600,,,,,From Living Blues Festival Guide 2026
9,flagstaffblues.com,TBA,SABHF Blues Heritage Festival,Tucson,AK,888.684.9998,www.facebook.com/AZBLUES.ORGARKANSAS,,,,From Living Blues Festival Guide 2026
10,iluvdablues.com,"May 15-16, 2026",Osceola Heritage MusicFest,Osceola,AK,901.481.4961,www.osceolaheritagemusicfestival.com,,,,From Living Blues Festival Guide 2026
11,tucsonjazzfestival.org,"February 7, 2026",Oro Valley Marketplace,Cruise,AK,,,,,,From Living Blues Festival Guide 2026
12,visitcampverde.com/pecan-and-wine-festival,"March 21-22, 2026",Woodystock Blues & Brews Festival,Windsor Beach State Park,AK,760.646.5330,www.woodystock.info,,,,From Living Blues Festival Guide 2026
13,"Bessemer, Alabama","July 10-12, 2026",MOB Music Festival,Mobile,AL,251.525.2660,www.cacaoonline.org,,,,From Living Blues Festival Guide 2026
14,Black Belt Folk Roots Festival,TBA,Reverend Thomas Gilmore Square,Eutaw,AL,256.262.7911,,,,,From Living Blues Festival Guide 2026
15,Burritt on the Mountain,TBA,burrittonthemountain.com,Huntsville,AL,205.887.6859,www.facebook.com/p/Johnny-Shines-,,,,From Living Blues Festival Guide 2026
16,"Dothan, Alabama","October 17-18, 2026",wiregrassheritagefestival.com,Kentuck Festival of the Arts,AL,205.758.1257,www.kentuck.org,,,,From Living Blues Festival Guide 2026
17,Hank Williams Festival,"June 5-6, 2026",Hank Williams Music Park,Georgiana,AL,334.376.2555,,,,,From Living Blues Festival Guide 2026
18,"May 3, 2026",29th Annual Joe Douglas Old School &,River Walk Amphitheater,Montgomery,AL,,www.rnbbluespicnic.com,,,,From Living Blues Festival Guide 2026
19,"Mobile, Alabama","April 25, 2026",Festival,DeBardeleben Park,AL,205.426.1400,www.mackdaddyproductions.com15th Annual Bob Sykes BBQ & Blues,,,,From Living Blues Festival Guide 2026
20,The Southern Soul & R&B Music Festival,"February 7, 2026",BJCC Concert Hall,Birmingham,AL,205.458.8400,www.bjcc.org,,,,From Living Blues Festival Guide 2026
21,"Tuscaloosa, Alabama","July 15-27, 2026",Gulf Coast Ethnic & Heritage Jazz Festival,Florence,AL,256.766.7642,www.alabamablues.orgW.C. Handy Music Festival,,,,From Living Blues Festival Guide 2026
22,VBC Propst Arena,Postponed,Wetumpka’s River Jam Music Festival,Huntsville,AL,334.567.5147,www.vonbrauncenter.com,,,,From Living Blues Festival Guide 2026
23,Wiregrass Blues Festival,"March 21, 2026",The Plant,Dothan,AL,334-648-6542,www.wiregrassbluesfestival.com,,https://www.wiregrassbluesfestival.com/2026---13th-annual,wiregrassblues@gmail.com,"Wiregrass Blues Society. PO Box 6185, Dothan, AL 36302"
24,gcehjazzfest.org,"September 12-13, 2026",Bernard Blues & BBQ,St. Bernard Abbey & Preparatory School,AL,256.739.6682,www.bernardbluesbbq.com,,,,From Living Blues Festival Guide 2026
25,valleyartsandentertainment.org,,,,AL,,,,,,From Living Blues Festival Guide 2026
26,wilsonpickettfestival.com,"March 28, 2026",Taste of Soul Family Festival,The Orion Amphitheater,AL,256.964.9556,,,,,From Living Blues Festival Guide 2026
27,"April 18-19, 2026","April 24-25, 2026",Macky Auditorium,Boulder,CA,,www.bluebirdmusicfestival.org,,,,From Living Blues Festival Guide 2026
28,"April 6, 2026","April 18, 2026",Jack London Square,Oakland,CA,707.428.7767,www.westcoastbluessociety.org,,,,From Living Blues Festival Guide 2026
29,Beaver Creek Resort,"August 20-22, 2026",beavercreekresortcompany.ticketspice.,Avon,CA,970.728.8037,www.durangobluestrain.com,,,,From Living Blues Festival Guide 2026
30,Biscuits and Blues 31st Anniversary,"February 21, 2026",Blues Fest,Biscuits and Blues,CA,415.292.2583,www.biscuitsandblues.com,,,,From Living Blues Festival Guide 2026
31,Blue Note Jazz Festival,"June 13-14, 2026",Hollywood Bowl,Los Angeles,CA,323.850.2050,www.hollywoodbowl.com,,,,From Living Blues Festival Guide 2026
32,Blues from the Top,"June 26-28, 2026",bluesfromthetop.org,Winter Park,CA,970.728.8037,www.telluridejazz.org,,,,From Living Blues Festival Guide 2026
33,"Blues, Brews & BBQ","September 20, 2026",Washington Park,Alameda,CA,415.309.8565,www.westendartsdistrict.org/blues-brews-,,,,From Living Blues Festival Guide 2026
34,Buddy Brown Blues Festival,"August 15, 2026",Perigot Park,Blue Lake,CA,,,,,,From Living Blues Festival Guide 2026
35,Caravan of All-Stars Performance and,,Lecture,First Saturday of each month,CA,510.472.8800,www.westcoastbluessociety.org,,,,From Living Blues Festival Guide 2026
36,"Gator by the Bay Zydeco, Blues &","May 7-10, 2026",Crawfish Festival,Spanish Landing Park,CA,,,,,,From Living Blues Festival Guide 2026
37,Greeley Blues Jam,"June 5-6, 2026",greeleybluesjam.org,Greeley,CA,970.573.5019,www.bluesnbbq.com,,,,From Living Blues Festival Guide 2026
38,High Sierra Music Festival,"July 2-5, 2026",Alameda County Fairgrounds,Grass Valley,CA,510.472.8800,www.highsierramusic.com,,,,From Living Blues Festival Guide 2026
39,Humphreys Backstage Live,TBA,Barbara Morrison Jazz & Blues Festival,San Diego,CA,619.224.3577,www.humphreysbackstagelive.com,,,,From Living Blues Festival Guide 2026
40,"June 27, 2026","June 27-28, 2026",Rear of Hayward City Hall,Hayward,CA,408.641.4144,www.westcoastbluessociety.orgSan Jose Fountain Blues & Brews Festival,,,,From Living Blues Festival Guide 2026
41,Juneteenth featuring Oakland Blues Divas,"June 19, 2026",and Various Artists,Alameda County Fairgrounds,CA,510.472.8800,www.westcoastbluessociety.org,,,,From Living Blues Festival Guide 2026
42,"Kernville, California","September 25, 2026",Jazz by the Bay,Sausalito Waterfront,CA,510.472.8800,www.kernriverrocknblues.com,,,,From Living Blues Festival Guide 2026
43,"March 15, 2026","April 4, 2026",Upland Hills Country Club,Upland,CA,,,,,,From Living Blues Festival Guide 2026
44,Mare Island,TBA,dockofbay.com,Vallejo,CA,707.265.1333,www.facebook.com/,,,,From Living Blues Festival Guide 2026
45,NA Gateway Blues Fest,"May 16, 2026",Lions Club Roping Arena,Three Rivers,CA,,www.nabluesfest.comTopanga Blues Festival,,,,From Living Blues Festival Guide 2026
46,North Richmond Music Festival,"July 11, 2026",Shields-Reid Park,Richmond,CA,510.472.8800,www.westcoastbluessociety.org,,,,From Living Blues Festival Guide 2026
47,"October 1-4, 2026","October 1-4, 2026",rcmfest.org,Eureka,CA,707.445.3378,www.sdtjjazz.orgBlues from Around the World,,,,From Living Blues Festival Guide 2026
48,"October 10, 2026","October 17, 2026",Jack London Square,Oakland,CA,510.472.8800,www.westcoastbluessociety.org,,,,From Living Blues Festival Guide 2026
49,Ojai Blues Fest,"May 29-30, 2026",Ojai Art Center,Ojai,CA,805.625.1332,www.facebook.com/ojaibluesfest,,,,From Living Blues Festival Guide 2026
50,"San Francisco, California",TBA,Mammoth Festival of Beers &,Bluesapalooza,CA,510.472.8800,www.westcoastbluessociety.org,,,,From Living Blues Festival Guide 2026
51,San Jose Jazz Summer Fest,"August 7-9, 2026",sanjosejazz.org,San Jose,CA,562.424.0013,www.longbeachjazzfestival.com,,,,From Living Blues Festival Guide 2026
52,"San Luis Obispo, California","June 20, 2026",Richmond Juneteenth Celebration,Nickel Park,CA,510.472.8800,www.liveoakfest.org,,,,From Living Blues Festival Guide 2026
53,San Rafael PorchFest,"Sep 20, 2026",,San Rafael,CA,,https://www.sanrafaelporchfest.com/apply-to-perform,,https://www.sanrafaelporchfest.com/apply-to-perform,,Application via web form on Wix site
54,"September 19, 2026","September 19-20, 2026",Main Street Hanford,Hanford,CA,619.282.7329,www.mainstreethanford.com,,,,From Living Blues Festival Guide 2026
55,"September 25-27, 2026","September 25-27, 2026",montereyjazz.org,Monterey,CA,831.373.3366,www.ohanafest.com,,,,From Living Blues Festival Guide 2026
56,Telluride Blues & Brews Festival,"September 18-20, 2026",,Telluride,CA,,www.tellurideblues.com,,,,From Living Blues Festival Guide 2026
57,blues-brews-bbq,"April 25, 2026",Adams Avenue Unplugged,San Diego,CA,619.282.7329,www.adamsavenuebusiness.com,,,,From Living Blues Festival Guide 2026
58,newbluesfestival.com,"September 12-13, 2026",Blue Wing Blues Festival,Upper Lake,CA,707.275.2244,www.theserenite.com/tallman-hotel,,,,From Living Blues Festival Guide 2026
59,Beanstalk Music Festival,"Aug 6-8, 2026",,Bond,CO,,https://www.frontstagefestivals.com/festival/beanstalk-music-festival-2026,,https://beanstalkfestival.com/contact-us.html,BeanstalkFestival@gmail.com,Colorado-based festival
60,Black-Eyed & Blues Fest,TBA,,Hartford,CT,860.278.7427,www.blackeyedsallys.com,,,,From Living Blues Festival Guide 2026
61,Blues Festival at Madison Beach Hotel,"February 20-22, 2026",Madison Beach Hotel,Madison,CT,203.350.0014,,,,,From Living Blues Festival Guide 2026
62,ECPAA Music Festival,TBA,Yurechko Tree Farm,Griswold,CT,,www.ecpaa.org,,,,From Living Blues Festival Guide 2026
63,"March 6, 2026","July 18, 2026",Willimantic Elks Lodge,Willimantic,CT,,www.eventbrite.com/e/2026-willimantic-,,,,From Living Blues Festival Guide 2026
64,stratford,"July 24-26, 2026",Litchfield Jazz Festival,Litchfield,CT,860.361.6285,,,,,From Living Blues Festival Guide 2026
65,"Events in Washington, DC, and nationwide",TBA,throughout 2026,festival.si.edu,DC,202.633.6440,www.dcblues.org,,,,From Living Blues Festival Guide 2026
66,Giant National Capital Barbecue Battle,"June 27-28, 2026",bbqindc.com,Washington,DC,,www.dcjazzfest.org,,,,From Living Blues Festival Guide 2026
67,"October 14-18, 2026","October 15-18, 2026",Delaware,Rehoboth Beach,DE,,www.truebluejazz.org,,,,From Living Blues Festival Guide 2026
68,Rocking the Docks Summer Blues Fest,"August 15, 2026",Lewes Ferry Grounds,Lewes,DE,,,,,,From Living Blues Festival Guide 2026
69,"Seaford, Delaware",TBA,AFRAM-Festival-100064638761658,Delmarva Folk Festival,DE,302.228.5636,www.facebook.com/p/Eastern-Shore-,,,,From Living Blues Festival Guide 2026
70,"April 10-12, 2026","April 11, 2026",Meridian Fields,Tampa,FL,954.924.6800,,,,,From Living Blues Festival Guide 2026
71,Fort Mose Jazz & Blues Series,"February 6-15, 2026",Fort Mose State Park,St. Augustine,FL,813.782.1913,www.eastpascochamber.org/pigz-in-zhills-,,,,From Living Blues Festival Guide 2026
72,"Gainesville, Florida","February 27-28, 2027",Vero Beach Blues Festival,Indian River County Fairgrounds,FL,772.492.6105,www.gainesvilledowntownartfest.net,,,,From Living Blues Festival Guide 2026
73,Maitland Jazz & Blues Festival,"April 10-11, 2026",Independence Square,Maitland,FL,407.539.6223,www.maitlandjazzandblues.com,,,,From Living Blues Festival Guide 2026
74,"March 19-21, 2027",,Florida Sand Music Ranch,Brooksville,FL,727.674.1464,www.bluesbashattheranch.com,,,,From Living Blues Festival Guide 2026
75,"New Smyrna Beach, Florida","October 4-11, 2026",nsbjazzfest.com,Amelia Island Jazz Festival,FL,904.504.4772,,,,,From Living Blues Festival Guide 2026
76,Palatka Porchfest,TBA,palatkaporchfest.com,Palatka,FL,,,,,,From Living Blues Festival Guide 2026
77,"Port St. Joe, Florida","October 16-18, 2026",Camping with the Blues,Florida Sand Music Ranch,FL,941.758.7585,www.forgottenmusicfestival.com,,,,From Living Blues Festival Guide 2026
78,Seabreeze Jazz Festival,"April 22-26, 2026",Aaron Beasant Park,Amphitheater,FL,,www.seabreezejazzfestival.com,,,,From Living Blues Festival Guide 2026
79,St. Benedict the Moor Blues Festival,TBA,St. Benedict the Moor Catholic Church,St. Augustine,FL,904.228.0051,,,,,From Living Blues Festival Guide 2026
80,"Tallahassee, Florida","April 25, 2026",tallahasseemuseum.org,Thin Man Watts Jazz Fest,FL,850.575.8684,www.wattsjazzfest.com,,,,From Living Blues Festival Guide 2026
81,Tampa Bay Blues Festival,"April 10-12, 2026",Vinoy Park,St. Petersburg,FL,,www.tampabaybluesfest.com,,,,From Living Blues Festival Guide 2026
82,Venice Blues & BBQ,"March 20-22, 2026",Venice Airport Festival Grounds,Venice,FL,850.227.1223,www.venicebluesandbbq.com,,,,From Living Blues Festival Guide 2026
83,bbq-blues-festivalClearwater Sea-Blues Festival,"February 28-March 1, 2026",Coachman Park,Clearwater,FL,727.562.4800,www.myclearwaterparks.com,,,,From Living Blues Festival Guide 2026
84,daniabeachfl.gov,"April 11-12, 2026",Cajun Crawfish & Music Festival,Abacoa Town Center,FL,561.427.0500,,,,,From Living Blues Festival Guide 2026
85,dunedinwinestheblues.com,TBA,Boca Blues Festival,Boca Raton,FL,305.638.6771,www.facebook.com/groups/,,,,From Living Blues Festival Guide 2026
86,floridapenguinproductions.comLakewood Ranch Blues Festival,TBA,Waterside Place,Lakewood Ranch,FL,407.262.7700,,,,,From Living Blues Festival Guide 2026
87,ncfblues.orgFlorida Folk Festival,"May 22-24, 2026",Stephen Foster Folk Culture Center State,Park,FL,850.245.2157,www.floridastateparks.org/,,,,From Living Blues Festival Guide 2026
88,park-2026-registration-1978626358702,"March 7, 2026",Backyard Blues,Blue Tavern,FL,850.815.8566,,,,,From Living Blues Festival Guide 2026
89,tampablackheritage.org,"May 2, 2026",Ocean Brews & Blues,Deerfield Beach,FL,954.250.4239,www.deerfield-beach.com,,,,From Living Blues Festival Guide 2026
90,"April 10, 2026","April 10-11, 2026",Trilith Live,Fayetteville,GA,229.259.3577,www.valdostamainstreet.com,,,,From Living Blues Festival Guide 2026
91,"April 11, 2026","April 18, 2026",Cobb Energy,Performing Arts Centre,GA,678.622.2104,,,,,From Living Blues Festival Guide 2026
92,"Athens, Georgia","May 2, 2026",athenticbrewing.com,BBQ & Blues Festival & Car Show,GA,770.773.3451,www.adairsvillega.netThe “Peg Leg” Howell BBQ & Blues,,,,From Living Blues Festival Guide 2026
93,Atlanta Blues Challenge,"Aug 16, 2026",Madlife Stage & Studios,Woodstock,GA,,https://atlantabluessociety.org/2026/05/blues-challenge-now-taking-applications/,,https://atlantabluessociety.org/2026/05/blues-challenge-now-taking-applications/,theatlantabluessociety@gmail.com,Atlanta Blues Society. Application PDF available for download.
94,Bainbridge Jazz & Blues Festival,"February 7, 2026",BainbridgeJazzBluesFest,Bainbridge,GA,229.400.9494,www.facebook.com/,,,,From Living Blues Festival Guide 2026
95,Barnesville BBQ and Blues Festival,"May 16, 2026",barnesville.org,Barnesville,GA,404.733.7034,,,,,From Living Blues Festival Guide 2026
96,"City Springs, Georgia","September 26-27, 2026",citysprings.com/events/bluestone,The Original Collard Greens Cultural,GA,800.253.3397,,,,,From Living Blues Festival Guide 2026
97,Historic Zion Church Blues Festival,"October 24, 2026",Zion Episcopal Church,Talbotton,GA,229.382.8700,www.facebook.com/ziontalbottonRhythm & Ribs BBQ Festival,,,,From Living Blues Festival Guide 2026
98,Juneteenth Celebration,"June 19, 2026",citysprings.com/juneteenth,City Springs,GA,770.730.5600,www.blindwillie.com,,,,From Living Blues Festival Guide 2026
99,Savannah Music Festival,"March 25-April 5, 2026",,Savannah,GA,912.200.5991,www.savannahmusicfestival.org,,,,From Living Blues Festival Guide 2026
100,WRFG Labor Day Blues BBQ,TBA,wrfg.org,Atlanta,GA,912.660.8440,,,,,From Living Blues Festival Guide 2026
101,bbqboogie.com,"April 24-25, 2026",BreezeFest 2026,Northside Tavern,GA,404.874.8745,www.northsidetavern.com,,,,From Living Blues Festival Guide 2026
102,bluesberrybeerfestival.com,"April 23-26, 2026",Pan African Festival of Georgia,Tubman Museum,GA,478.743.8544,,,,,From Living Blues Festival Guide 2026
103,Big Island Jazz & Blues Festival,"May 14-17, 2026",Mauna Kea Beach Hotel,Waimea,HI,808.283.9070,,,,,From Living Blues Festival Guide 2026
104,Maui Jazz & Blues Festival,TBA,TB,Ritz-Carlton Maui,HI,,www.ehjazzbluesfest.com,,,,From Living Blues Festival Guide 2026
105,"Eagle, Idaho",,,,ID,,www.eaglejazz.org,,,,From Living Blues Festival Guide 2026
106,"Idaho Falls, Idaho",,eijs.org,,ID,,,,,,From Living Blues Festival Guide 2026
107,"October 15-18, 2026",TBA,Panhandle Bluesfest,Sun Valley,ID,208.448.2395,www.sunvalleyjazz.com,,,,From Living Blues Festival Guide 2026
108,Wallace Music Fest,"July 10-12, 2026",wallacemusicfest.com,Wallace,ID,,www.yellowpinefestival.org,,,,From Living Blues Festival Guide 2026
109,"August 15-16, 2026","August 29, 2026",windycityblues.org,Willow Springs,IL,,www.crossroadsbluessociety.com,,,,From Living Blues Festival Guide 2026
110,International Jazz Day,"April 30, 2026",jazzday.com,Chicago,IL,800.593.5678,,,,,From Living Blues Festival Guide 2026
111,"July 2-5, 2026","August 7-8, 2026",FitzGerald’s,Berwyn,IL,708.788.2118,www.fitzgeraldsnightclub.com,,,,From Living Blues Festival Guide 2026
112,Logan Center for the Arts,TBA,University of Chicago,Chicago,IL,773.795.6426,www.logancenter.uchicago.edu/,,,,From Living Blues Festival Guide 2026
113,"Millennium Park Chicago, Illinois","June 12-14, 2026",Brothers Field Blues Fest,Long Grove,IL,847.238.2711,www.chicagobluesfestival.us,,,,From Living Blues Festival Guide 2026
114,"Quincy, Illinois","June 20, 2026",RiverEdge Park,Aurora,IL,630.896.6666,www.thedistrictquincy.comBlues on the Fox,,,,From Living Blues Festival Guide 2026
115,Riverfront Park,"September 19-20, 2026",peoriabluesandheritagefestival.com,Peoria,IL,,,,,,From Living Blues Festival Guide 2026
116,dukes-blues-n-bbq.comJoliet Blues Festival,TBA,Billie Limacher Bicentennial Park,Joliet,IL,,www.jolietbluesmusicfestival.com,,,,From Living Blues Festival Guide 2026
117,festival-2,"May 16-17, 2026",Grafton Winery Blues Festival,The Grafton Winery,IL,618.786.3001,,,,,From Living Blues Festival Guide 2026
118,"August 27-29, 2026","September 12, 2026",Bill Monroe Music Park & Campground,Bean Blossom,IN,317.858.4172,,,,,From Living Blues Festival Guide 2026
119,Botanical Blues,"January 4-March 29, 2026",Greater Des Moines Botanical Garden,Des Moines,IN,712.225.6414,,,,,From Living Blues Festival Guide 2026
120,Broad Street Blues & BBQ Festival,"June 12-14, 2026",Griffith Central Park,Griffith,IN,219.924.7500,www.facebook.com/Broadstreetbluesfest,,,,From Living Blues Festival Guide 2026
121,"Davenport, Iowa",TBA,Bondu Blues & Brews Festival,Bondurant,IN,515.967.2418,www.mvbs.org,,,,From Living Blues Festival Guide 2026
122,"Fairfield, Iowa",,southeastiowabluessociety.org,,IN,641.919.7477,,,,,From Living Blues Festival Guide 2026
123,Island Park,"October 10, 2026",Haunted Huntingburg Blues Festival,Elkhart,IN,812.482.9115,www.cityofelkhartin.gov,,,,From Living Blues Festival Guide 2026
124,"July 18, 2026","August 21-22, 2026",downtownlafayette.net/jazzblues,Lafayette,IN,812.701.8466,www.madisonbbqparty.us,,,,From Living Blues Festival Guide 2026
125,"June 18-21, 2026","June 18-21, 2026",Headwaters Park,Fort Wayne,IN,574.293.4469,,,,,From Living Blues Festival Guide 2026
126,"June 27, July 25, & August 22, 2026","July 18, 2026",Firefighters Blues Festival,Cumberland,IN,317.894.6203,www.town.cumberland.in.us,,,,From Living Blues Festival Guide 2026
127,"Keokuk, Iowa",TBA,groups/1367273254219927,Bowful of Blues,IN,641.485.0809,www.facebook.com/,,,,From Living Blues Festival Guide 2026
128,Saturday in the Park,"July 4, 2026",Grandview Park,Sioux City,IN,712.277.2575,,,,,From Living Blues Festival Guide 2026
129,brownsburgparks.com/515/Blues-in-the-,"September 12, 2026",Burg,City of Lawrence BBQ & Blues Festival,IN,,,,,,From Living Blues Festival Guide 2026
130,huntingburg-blues-festival,TBA,Laporte County Blues Festival,Amphitheater at Fox Park,IN,,www.laporteblues.org,,,,From Living Blues Festival Guide 2026
131,keelivemusic.com,"February 13-14, 2026",Winter Blues Fest,Downtown Marriott,IN,,,,,,From Living Blues Festival Guide 2026
132,northlibertyblues.orgBluesmore,"August 1, 2026",Brucemore,Cedar Rapids,IN,319.362.7375,www.brucemore.org/bluesmore,,,,From Living Blues Festival Guide 2026
133,npdamp.com,TBA,McCormick’s Creek State Park,Arts,IN,,www.newharmonybluesfestival.orgIOWA,,,,From Living Blues Festival Guide 2026
134,summerofthearts.org,"June 5-7, 2026",Iowa Arts Festival,Iowa City,IN,319.337.7944,,,,,From Living Blues Festival Guide 2026
135,"Fort Scott, Kansas",TBA,blueskc.org,KC Blues & Jazz Festival,KS,913.328.5618,www.kcbluesandjazzfestival.com,,,,From Living Blues Festival Guide 2026
136,Midland Railroad Hotel,,,Wilson,KS,785.658.2284,www.midlandrailroadhotel.com,,,,From Living Blues Festival Guide 2026
137,Paola Roots Festival,"August 28-29, 2026",Paola Park Square,Paola,KS,913.294.6427,www.rootsfestival.org,,,,From Living Blues Festival Guide 2026
138,"September 12, 2026","September 19, 2026",Paxico Blues Festival,Atchison,KS,913.367.2427,www.visitatchison.com,,,,From Living Blues Festival Guide 2026
139,Wichita Riverfest,"May 29-June 6, 2026",wichitariverfest.com,Wichita,KS,316.267.2817,www.topekabluessociety.org,,,,From Living Blues Festival Guide 2026
140,"Harrodsburg, Kentucky","October 9-10, 2026",kyheritagejazzfest.org,Garvin Gate Blues Festival,KY,502.445.4193,www.thegarvingatebluesfestival.com,,,,From Living Blues Festival Guide 2026
141,"June 6, 2026","June 13, 2026",Kentucky Music Hall of Fame Amphitheater,Mount Vernon,KY,859.940.2742,www.midwaykentucky.org,,,,From Living Blues Festival Guide 2026
142,Lower Town Arts & Music Festival,"May 8-9, 2026",ltamf.com,Paducah,KY,,www.facebook.com/groups/,,,,From Living Blues Festival Guide 2026
143,W.C. Handy Blues & Barbecue Festival,"June 17-20, 2026",handyblues.orgBourbon & Beyond,Henderson,KY,,,,,,From Living Blues Festival Guide 2026
144,Acadia Music Fest,"October 17, 2026",Tremé Fall Festival,Thibodaux,LA,985.492.0017,www.acadiamusicfest.net,,,,From Living Blues Festival Guide 2026
145,"April 13-16, 2026","April 16-19, 2026",Lakeview Park & Beach,Eunice,LA,504.522.5730,,,,,From Living Blues Festival Guide 2026
146,"April 3, 2026","April 8-12, 2026",Brookshire Grocery Arena,Shreveport,LA,337.354.7924,www.cyclezydeco.org,,,,From Living Blues Festival Guide 2026
147,Baton Rouge Blues Festival,"April 17-18, 2026",La Fête du Monde,Baton Rouge,LA,985.532.6640,www.brblues.org,,,,From Living Blues Festival Guide 2026
148,Capital City Blues Extravaganza,"June 6, 2026",Raising Cane’s River Center Arena,Baton Rouge,LA,,,,,,From Living Blues Festival Guide 2026
149,Celebration,"April 27, 2026",Franklin Avenue Baptist Church,New Orleans,LA,504.558.6100,www.jazzandheritage.org,,,,From Living Blues Festival Guide 2026
150,Crawfest,"April 18, 2026",Tulane University,New Orleans,LA,337.232.8086,www.tulanecrawfest.com,,,,From Living Blues Festival Guide 2026
151,Crescent City Blues & BBQ Festival,"Oct 9-11, 2026",,New Orleans,LA,(504) 558-6100,https://www.jazzandheritage.org/events/2026-crescent-city-blues-bbq-festival/,,https://www.jazzandheritage.org/contact/,,Organized by New Orleans Jazz & Heritage Foundation. Contact via web form. Appears curated.
152,Lebeau Zydeco Festival,"July 4, 2026",Immaculate Conception Catholic Church,Grounds,LA,337.945.4238,,,,,From Living Blues Festival Guide 2026
153,Mansfield Juneteenth Celebration,"June 26-28, 2026",Juneteenth-Festival-100064835045609,Mansfield,LA,318.461.5775,www.facebook.com/p/Mansfield-Annual-,,,,From Living Blues Festival Guide 2026
154,Natchitoches Meat Pie Festival,"September 18-19, 2026",Highland Jazz & Blues Festival,Natchitoches,LA,,www.meatpiefestival.com,,,,From Living Blues Festival Guide 2026
155,"Natchitoches, Louisiana","May 15-17, 2026",Mid-City Bayou Boogaloo Music Festival,New Orleans,LA,318.226.5641,www.natchjazzfest.com,,,,From Living Blues Festival Guide 2026
156,New Orleans Cigar Box Guitar Festival,"January 15-17, 2026",New Orleans Jazz Museum,New Orleans,LA,,www.neworleanscbg.com,,,,From Living Blues Festival Guide 2026
157,New Orleans Jazz & Heritage Festival,"April 23-May 3, 2026",Fair Grounds Race Course,New Orleans,LA,,www.nojazzfest.com,,,,From Living Blues Festival Guide 2026
158,"New Orleans, Louisiana","March 27-28, 2026",dannybarkerfestival.com,Hammond Smokin’ BBQ Challenge,LA,,www.hammondbbq.com,,,,From Living Blues Festival Guide 2026
159,"November 13-14, 2026",TBA,Louis Armstrong Park,New Orleans,LA,504.558.6100,www.jazzandheritage.org,,,,From Living Blues Festival Guide 2026
160,OZONE Songwriter Festival,2026,,,LA,,https://ozonemusic.org/2026-ozone-music-festival-performer-application/,,https://ozonemusic.org/2026-ozone-music-festival-performer-application/,,Application via web form. Contact via ozonemusic.org/contact
161,"October 29-November 15, 2026","October 30-31, 2026",Blackpot Festival & Cookoff,Shreveport,LA,318.635.1361,www.statefairoflouisiana.com,,,,From Living Blues Festival Guide 2026
162,"October 31-November 1, 2026","November 6, 2026",Heritage Park,Slidell,LA,,,,,,From Living Blues Festival Guide 2026
163,"October 9-11, 2026","October 16-18, 2026",Girard Park,Lafayette,LA,435.602.0172,www.nolafunkfest.com,,,,From Living Blues Festival Guide 2026
164,Prather Coliseum,"August 1-2, 2026",folk-festival,Natchitoches,LA,504.522.5730,www.nsula.edu/folklife/natchitoches-nsu-,,,,From Living Blues Festival Guide 2026
165,Red River Revel Arts Festival,"October 8-11 & October 15-18, 2026",Festival Plaza,Shreveport,LA,318.424.4000,,,,,From Living Blues Festival Guide 2026
166,"Scott, Louisiana","April 10-12, 2026",scottboudinfestival.com,Ponchatoula Strawberry Festival,LA,800.917.7045,www.lastrawberryfestival.com,,,,From Living Blues Festival Guide 2026
167,"September 19-20, 2026","September 24-27, 2026",Main Library,Baton Rouge,LA,310.721.1592,,,,,From Living Blues Festival Guide 2026
168,"September 25-26, 2026","October 3, 2026",Cassidy Park,Bogalusa,LA,985.516.0311,www.bogalusablues.com,,,,From Living Blues Festival Guide 2026
169,bbcrawfest.com,4th Annual Tucka James Music Fest,Evangeline Downs Casino Event Center,May 8-9,LA,,,,,,From Living Blues Festival Guide 2026
170,mudbugmadness.com,"May 23-24, 2026",Baton Rouge Soul Food Festival,Main Library,LA,225.802.9681,,,,,From Living Blues Festival Guide 2026
171,satchmosummerfest.orgLe Cajun Music Awards & Festival,"August 14-15, 2026",Rayne Civic Center,Rayne,LA,225.395.5007,,,,,From Living Blues Festival Guide 2026
172,ultimatelouisianapar.wixsite.com/,"March 14, 2026",brmardigrasfest,Blossom Fest,LA,504.568.6993,,,,,From Living Blues Festival Guide 2026
173,Artscape,"May 23-24, 2026",Hub City Brewery,Baltimore,MD,240.347.4647,www.artscape.orgWestern Maryland Blues Fest,,,,From Living Blues Festival Guide 2026
174,"August 8, 2026","September 18-20, 2026",Concord Point Park,Havre de Grace,MD,410.677.1916,www.hdgcoloredschool.com,,,,From Living Blues Festival Guide 2026
175,Baltimore AFRAM,"June 19-21, 2026",Druid Hill Park,Baltimore,MD,,www.silverspringblues.com,,,,From Living Blues Festival Guide 2026
176,"Baltimore, Maryland",,,,MD,,www.mojoworkin.com,,,,From Living Blues Festival Guide 2026
177,Eastern’s Bayside Blues & Wine Festival,TBA,Eastern Yacht Club,Baltimore,MD,,,,,,From Living Blues Festival Guide 2026
178,Greenbelt Blues Festival,TBA,Groove City Culture Fest,Greenbelt,MD,443.225.0819,www.facebook.com/GreenbeltBluesFest,,,,From Living Blues Festival Guide 2026
179,HCA Winter BluesFest,"January 17, 2026",Hopkinton Center for the Arts,Hopkinton,MD,508.435.9222,www.hopartscenter.org,,,,From Living Blues Festival Guide 2026
180,John Alden Sportsmen’s Club,TBA,RhythmRoomEntertainment,Plymouth,MD,781.254.5986,www.facebook.com/,,,,From Living Blues Festival Guide 2026
181,"North Adams, Massachusetts",TBA,freshgrassfestival.com,Gloucester Blues Festival,MD,207.691.0825,,,,,From Living Blues Festival Guide 2026
182,RhythmRoomEntertainment,TBA,Stone Soul Festival,Springfield,MD,,www.outermostfestival.com,,,,From Living Blues Festival Guide 2026
183,"Salisbury, Massachusetts","April 24-26, 2026",New England Folk Festival,Best Western Royal Plaza Hotel and Trade,MD,978.462.5888,www.blueoceanhall.com,,,,From Living Blues Festival Guide 2026
184,Springfield Jazz & Roots Festival,"July 10-11, 2026",springfieldjazzfest.com,Springfield,MD,,,,,,From Living Blues Festival Guide 2026
185,"Springfield, Massachusetts","August 15, 2026",Salem Jazz & Soul Festival,Salem Willows,MD,,www.springfieldjazzbluesfest.com,,,,From Living Blues Festival Guide 2026
186,williamstownbluesandrootsfestival,"August 22, 2026",North River Blues Festival,Marshfield Fair,MD,781.834.6629,,,,,From Living Blues Festival Guide 2026
187,"Lisbon Falls, Maine",,,,ME,,www.mainebluesfestival.com,,,,From Living Blues Festival Guide 2026
188,North Atlantic Blues Festival,"July 11-12, 2026",Public Landing,Rockland,ME,207-691-0825,www.northatlanticbluesfestival.com,,https://www.northatlanticbluesfestival.com/info/,benjaminproductions1953@gmail.com,"Produced by Benjamin Productions. Rockland, ME."
189,"Waterboro, Maine",207.247.6166 x 125,yorkcountybluesfest.com,Auburn Blues & Brews,ME,207.333.6601,www.auburnblues.com,,,,From Living Blues Festival Guide 2026
190,ossipeevalley.com,"August 8, 2026",Mountain Valley Stomp,Mountain View Campground,ME,207.310.4010,,,,,From Living Blues Festival Guide 2026
191,Alpena Blues Festival,"June 20, 2026",Alpena Bandshell,Alpena,MI,,www.alpenablues.org,,,,From Living Blues Festival Guide 2026
192,"April 18, 2026",25th Annual Jackson Blues Festival,The Ark,Ann Arbor,MI,517.962.5939,www.facebook.com/JacksonBluesfest,,,,From Living Blues Festival Guide 2026
193,"City of Westland Blues, Brews &","August 7-8, 2026",Barbecue,Westland,MI,734.713.3888,www.bluesbrewsbarbecue.com,,,,From Living Blues Festival Guide 2026
194,Detroit Bourbon & Blues,"August 23, 2026",Eastern Market Shed 5,Detroit,MI,,www.detroitbourbonandblues.com,,,,From Living Blues Festival Guide 2026
195,Detroit Jazz Festival,"September 4-7, 2026",Brighton’s Smokin’,Detroit,MI,313.469.6564,www.detroitjazzfest.org,,,,From Living Blues Festival Guide 2026
196,Houghton Lake Blues Festival,"July 17-18, 2026",php?id=100057573125970,Houghton Lake,MI,586.634.6376,www.facebook.com/profile.,,,,From Living Blues Festival Guide 2026
197,"January 30-31, 2026","March 21, 2026",theark.org18th Annual Motor City Blues Festival,Ann Arbor,MI,734.761.1818,www.313presents.com,,,,From Living Blues Festival Guide 2026
198,JazzFest Michigan,"August 5-8, 2026",Old Town,Lansing,MI,,www.micharts.org,,,,From Living Blues Festival Guide 2026
199,"July 10-11, 2026","July 10-12, 2026",Old Dog Tavern,Kalamazoo,MI,231.348.7047,,,,,From Living Blues Festival Guide 2026
200,"July 19, 2026","July 23-25, 2026",Schoolcraft College,Livonia,MI,586.446.2470,www.sterlingheights.gov/2138/,,,,From Living Blues Festival Guide 2026
201,Michigan FunkFest,"June 12-13, 2026",Old Town,Lansing,MI,269.623.5555,www.micharts.org,,,,From Living Blues Festival Guide 2026
202,brightonsmokinfestival/homeMichigan BluesFest,"September 16-19, 2026",Old Town,Lansing,MI,,www.micharts.org,,,,From Living Blues Festival Guide 2026
203,Beat the Winter Blues & Jazz Festival,"February 6, 2026",Gathered Oaks,Alexandria,MN,,www.eventbrite.com/e/beat-the-,,,,From Living Blues Festival Guide 2026
204,Belgrade-100054284959304,,,,MN,,,,,,From Living Blues Festival Guide 2026
205,"Madelia, Minnesota",37th Annual Bayfront Blues Festival,Bayfront Festival Park,August 14-16,MN,715.817.6933,www.visitmadelia.com,,,,From Living Blues Festival Guide 2026
206,"September 12-13, 2026","September 17-20, 2026",Minnesota Square Park,St. Peter,MN,,www.rockbend.orgNorth Star Blues 2026,,,,From Living Blues Festival Guide 2026
207,"St. Paul, Minnesota","July 10-11, 2026",Rhythm of the River,Fort Belmont,MN,,www.twincitiesjazzfestival.com,,,,From Living Blues Festival Guide 2026
208,"St. Peter, Minnesota","June 13, 2026",Delano Sculpture & Blues Fest,Delano Sculpture Park,MN,,www.stpeterambassadors.com,,,,From Living Blues Festival Guide 2026
209,CWE Jazz & Blues Festival,"August 15, 2026",cwescene.com/cwe-jazz-and-blues-festival,St. Louis,MO,573.454.2617,,,,,From Living Blues Festival Guide 2026
210,"Columbia, Missouri",TBA,budsbluesandbbq.com,Lake of the Ozarks Blues Festival,MO,,,,,,From Living Blues Festival Guide 2026
211,"Hermann, Missouri",,hermannjazz.com,,MO,573.789.0771,,,,,From Living Blues Festival Guide 2026
212,Homelessness,"June 13, 2026",Vietnam Veterans American Legion Post 639,Springfield,MO,314.881.2015,,,,,From Living Blues Festival Guide 2026
213,"March 20, 2026","April 24-26, 2026",Chaifetz Arena,St. Louis,MO,636.239.1743,www.downtownwashmo.org,,,,From Living Blues Festival Guide 2026
214,Missouri Blues Fest,"January 9, 2026",The Blue Note,Columbia,MO,573.874.1944,,,,,From Living Blues Festival Guide 2026
215,"St. Joseph, Missouri",TBA,Big Muddy Blues Festival,Laclede’s Landing,MO,314.695.3797,www.colemanhawkins.org,,,,From Living Blues Festival Guide 2026
216,discoverfarmingtonmo.com,"September 19, 2026",Old Webster Jazz & Blues Festival,St. Louis,MO,816.760.2278,"www.18thandvineartsfestival.comBuds, Blues & BBQ",,,,From Living Blues Festival Guide 2026
217,"August 28-29, 2026",8th Red’s Old Timers Blues Festival,Northwest Shrine Club,Coldwater,MS,,,,,,From Living Blues Festival Guide 2026
218,Backyard Blues Party,"October 11, 2026",Bluesberry Cafe,Clarksdale,MS,662.627.7008,www.facebook.com/BluesberryCafe,,,,From Living Blues Festival Guide 2026
219,Bad Apple Blues Club,"May 24, 2026",Wall Hill Blues Fest,Clarksdale,MS,901.268.7007,www.facebook.com/badapplebluesclub,,,,From Living Blues Festival Guide 2026
220,"Belzoni, Mississippi",,,,MS,,www.catfishcapitol.com,,,,From Living Blues Festival Guide 2026
221,Blues is Alright,"March 13, 2026",Cadence Bank Arena,Tupelo,MS,,www.unityfestivalinc.org,,,,From Living Blues Festival Guide 2026
222,Burnside Music Festival,"June 6, 2026",visitripleyms.com,Ripley,MS,662.512.0226,,,,,From Living Blues Festival Guide 2026
223,Cat Head Mini Blues Fest II,"October 11, 2026",,Clarksdale,MS,662.624.5992,www.cathead.biz,,,,From Living Blues Festival Guide 2026
224,Clarksdale Caravan Music Fest,"May 9, 2026",Pinetop Boogie and Crawfish Boil,Clarksdale,MS,,www.clarksdalecaravan.com,,,,From Living Blues Festival Guide 2026
225,"Clarksdale, Mississippi","April 10-11, 2026",Catfish in the Alley,Columbus,MS,800.327.2686,www.jukejointfestival.com,,,,From Living Blues Festival Guide 2026
226,"Columbus, Mississippi","May 2, 2026",Washington County Convention Center,Greenville,MS,662.328.6305,www.marketstreetfestival.comPre-Mother’s Day Extravaganza,,,,From Living Blues Festival Guide 2026
227,"Corinth, Mississippi","May 7-9, 2026",Jimmie Rodgers Music Festival,Meridian,MS,601.938.7427,www.facebook.com/pg.tavern.2023,,,,From Living Blues Festival Guide 2026
228,"Duck Hill, Mississippi","July 11, 2026",Laurel Blues Festival,Laurel Fairgrounds,MS,,www.facebook.com/grassrootsblues,,,,From Living Blues Festival Guide 2026
229,Experience & Blues Showcase,"June 16-19, 2026",Ground Zero Blues Club,Hopson Commissary,MS,,,,,,From Living Blues Festival Guide 2026
230,Gateway to the Delta Festival,"October 10, 2026",charlestongatewayfe,Charleston,MS,662.647.0942,,,,,From Living Blues Festival Guide 2026
231,"Greenville, Mississippi","September 25-26, 2026",Mighty Roots Music Festival,Stovall,MS,662.534.1010,www.facebook.com/MSDeltaBlues,,,,From Living Blues Festival Guide 2026
232,"Greenwood, Mississippi","August 7-9, 2026",Sunflower River Blues & Gospel Festival,Clarksdale,MS,662.453.4152,www.bikesbluesbayous.com,,,,From Living Blues Festival Guide 2026
233,"Hattiesburg, Mississippi","May 10, 2026",purplepass.com/rhythmnsoulpicnic,Mother’s Day Blues Festival,MS,601.410.2995,www.facebook.com/,,,,From Living Blues Festival Guide 2026
234,Hill Country Boucherie and Blues Picnic,TBA,Home Place Pastures,Como,MS,662.275.7819,,,,,From Living Blues Festival Guide 2026
235,Historic Mobile Street Renaissance,TBA,Festival,Hattiesburg,MS,662.781.1282,,,,,From Living Blues Festival Guide 2026
236,"Jackson, Mississippi","July 28-August 2, 2026",jmaainc.com,Jus’ Blues Music Foundation Awards,MS,678.403.1993,"www.jusblues.orgBikes, Blues & Bayous",,,,From Living Blues Festival Guide 2026
237,Jessie Mae Hemphill Hill Country Blues,"September 26, 2026",Festival,Crossroads Cultural Arts Center,MS,662.347.4223,,,,,From Living Blues Festival Guide 2026
238,"March 21, 2026","March 28, 2026",mainstreetwatervalley.org,Water Valley,MS,601.296.7500,,,,,From Living Blues Festival Guide 2026
239,"May 16, 2026","May 21-24, 2026",Playing Contest & Festival,Clarksdale,MS,662.801.2251,www.womeninblues.orgWorld Championship Old- Time Piano,,,,From Living Blues Festival Guide 2026
240,"May 22-23, 2026","May 23, 2026",Ground Zero Blues Club,Clarksdale,MS,662.444.6164,www.groundzerobluesclub.com,,,,From Living Blues Festival Guide 2026
241,"May 9, 2026","May 10, 2026",Entergy Plaza at the Two Mississippi,Museums,MS,601.576.6800,,,,,From Living Blues Festival Guide 2026
242,Memorial Day Southern Soul Blues Fest,"May 23, 2026",Sam Coopwood Park,Holly Springs,MS,662.216.3005,www.eventbrite.com/e/nikki-jones-,,,,From Living Blues Festival Guide 2026
243,Mississippi Coliseum,"May 1-3, 2026",bluesisalright.com,Jackson,MS,,,,,,From Living Blues Festival Guide 2026
244,Mississippi John Hurt Homecoming,TBA,Festival,Avalon,MS,,www.msjohnhurtfoundation.org,,,,From Living Blues Festival Guide 2026
245,Money Road Unity Festival,TBA,Booker Fest,Greenwood,MS,662.299.9150,www.awesomeam.com,,,,From Living Blues Festival Guide 2026
246,Natchez Festival of Music,"December 5, 2025 - May 16, 2026",Clarksdale Film & Music Festival,Natchez,MS,662.624.5992,www.natchezfestivalofmusic.com,,,,From Living Blues Festival Guide 2026
247,National Folk Festival,"November 13-15, 2026",New Year’s at the Crossroads,Jackson,MS,662.624.5992,www.nationalfolkfestival.com,,,,From Living Blues Festival Guide 2026
248,Oktoberfest,TBA,Carthage Coliseum,Carthage,MS,662.726.4456,www.leakems.com,,,,From Living Blues Festival Guide 2026
249,On the grounds of Studio-B,TBA,awesomeam.com,Columbus,MS,662.827.2241,www.facebook.com/SamChatmonBlues,,,,From Living Blues Festival Guide 2026
250,Oxford Blues Festival,"September 12, 2026",oxfordbluesfest.org,Oxford,MS,662.202.4345,,,,,From Living Blues Festival Guide 2026
251,"Oxford, Mississippi","April 24-25, 2026",doubledeckerfestival.com,Natchez Trace Festival,MS,662.289.2981,www.kosciuskoattalapartnership.org,,,,From Living Blues Festival Guide 2026
252,Quitman County Mules & Blues Fest,"October 9-10, 2026",mules-bluesfest.org,Marks,MS,662.369.9440,,,,,From Living Blues Festival Guide 2026
253,Son House Tribute Festival,"May 28-30, 2026",Tupelo Elvis Festival,Clarksdale,MS,662.841.6598,www.sonhousetributefestival.com,,,,From Living Blues Festival Guide 2026
254,"Southaven, Mississippi","October 17, 2026",bluesisalright.com,Clarksdale Crossroads Blues Festival,MS,662.627.6149,www.visitclarksdale.com,,,,From Living Blues Festival Guide 2026
255,St. Rose de Lima,TBA,Catholic Church,Bay St. Louis,MS,228.467.7347,www.facebook.com/SaintRoseDeLimaBSL,,,,From Living Blues Festival Guide 2026
256,Super Blues Sunday,"October 11, 2026",Pinetop Perkins Homecoming Celebration,Clarksdale,MS,662.624.5992,www.cathead.biz,,,,From Living Blues Festival Guide 2026
257,Walthall Park,"April 23 & 25, 2026",dcjhburg.com,Hattiesburg,MS,601.877.3926,www.alcorn.edu/jazzfest,,,,From Living Blues Festival Guide 2026
258,Wing Dang Doodle Festival,TBA,Gaddis Park,Forest,MS,601.469.4332,www.wingdangdoodlefestival.com,,,,From Living Blues Festival Guide 2026
259,deltawilliamsfestival.com,"October 16-17, 2026",Delta Hot Tamale Festival,Greenville,MS,662.378.3121,www.mainstreetgreenville.com,,,,From Living Blues Festival Guide 2026
260,harris-fathers-day-blues-tailgate-festival-,2026-tickets-1980782663267,North Mississippi Hill Country Picnic,June 26-27,MS,,,,,,From Living Blues Festival Guide 2026
261,visityazoo.org,"June 19-21, 2026",Birthplace of American Music Festival,Clarksdale,MS,662.621.2221,,,,,From Living Blues Festival Guide 2026
262,"Blues, Brews and Barbecue","June 20, 2026",philipsburgmt.com,Philipsburg,MT,406.859.3388,,,,,From Living Blues Festival Guide 2026
263,"July 31-August 2, 2026","August 7-8, 2026",Riverfront Blues Festival,Noxon,MT,,www.bigskybluesfest.com,,,,From Living Blues Festival Guide 2026
264,"Missoula, Montana",TBA,HotSpringsBluesFestival,Hot Springs,MT,406.543.4238,www.rivercityrootsfestival.comSymes Hot Springs Blues Festival,,,,From Living Blues Festival Guide 2026
265,"April 23-26, 2026","April 25, 2026",Wilkes Community College,Wilkesboro,NC,252.726.6273,www.ncseafoodfestival.org,,,,From Living Blues Festival Guide 2026
266,Biscuits and Banjos Presents Rhiannon,"April 27, 2026",Giddens’ Beloved Community,Durham Performing Arts Center,NC,,www.biscuitsandbanjos.com,,,,From Living Blues Festival Guide 2026
267,Black Mountain Blues Experience,"September 25-27, 2026",blackmountainblues.org,Black Mountain,NC,252.255.1234,,,,,From Living Blues Festival Guide 2026
268,"June 12-14, 2026","July 25, 2026",The Rusty Nail,Wilmington,NC,,www.capefearblues.org,,,,From Living Blues Festival Guide 2026
269,"March 7, 2026",,Ovens Auditorium,Charlotte,NC,,,,,,From Living Blues Festival Guide 2026
270,Music Maker’s Freight Train Blues,"May 15-June 12, 2026",Carrboro Town Commons,Carrboro,NC,,,,,,From Living Blues Festival Guide 2026
271,North Carolina Jazz Festival,"February 5-7, 2026",ncjazzfestival.org,Wilmington,NC,910.399.6536,,,,,From Living Blues Festival Guide 2026
272,Seven Springs Farm & Vineyard,"September 5-6, 2026",lawn-chair-and-tents-only-tickets-253684,Norlina,NC,336.819.5299,www.simpletix.com/e/bbq-blues-brews-,,,,From Living Blues Festival Guide 2026
273,coltranejazzfest.com,"September 12, 2026",Eno River Association’s 60th Anniversary,Celebration,NC,,www.ncfolkfestival.com,,,,From Living Blues Festival Guide 2026
274,duck-jazz-festival,TBA,New River Blues Festival,River House Inn,NC,,,,,,From Living Blues Festival Guide 2026
275,"August 7-8, 2026","August 15, 2026",Dayton African American Cultural Festival,Springfield,ND,937.715.5121,www.springfieldjazzbluesfest.com,,,,From Living Blues Festival Guide 2026
276,"Blues, Brews & Brats","July 25, 2026",awarotarybbb.com,Waterville,ND,513.268.6069,,,,,From Living Blues Festival Guide 2026
277,Buggies-N-Blues,"June 12-14, 2026",Fargo Blues Festival,Mandan,ND,701.751.2983,www.buggies-n-blues.org,,,,From Living Blues Festival Guide 2026
278,Cincinnati Winter Blues Experience VII,"February 7, 2026",Manor House,Mason,ND,513.836.1118,,,,,From Living Blues Festival Guide 2026
279,"Cleveland, Ohio","April 11, 2026",thetreelawn.com,GACBS Bluesfest,ND,216.677.8733,www.facebook.com/,,,,From Living Blues Festival Guide 2026
280,"Granville, Ohio",100063491472764,CBUS Soul Fest,September 4-5,ND,,www.facebook.com/p/HotLicks-Bluesfest-,,,,From Living Blues Festival Guide 2026
281,"July 11-12, 2026","July 18, 2026",Village Green Park,Fairfield,ND,513.739.2583,www.kentbluesfest.com,,,,From Living Blues Festival Guide 2026
282,"July 24-26, 2026","July 24-25, 2026",West Bank Park &,Bicentennial Park,ND,614.270.5053,www.hotribscooljazz.org,,,,From Living Blues Festival Guide 2026
283,"June 4-6, 2026","June 19-21, 2026",Creekside Blues & Jazz Festival,Logan,ND,,www.loganwashboardfestival.com,,,,From Living Blues Festival Guide 2026
284,"Marion, Ohio",TBA,trublues975.com,Rubber City Jazz & Blues Festival,ND,,www.rubbercityjazz.org,,,,From Living Blues Festival Guide 2026
285,Pyramid Hill Sculpture Park & Museum,TBA,Big Bend Blues Bash,Hamilton,ND,513.868.8336,www.pyramidhill.org,,,,From Living Blues Festival Guide 2026
286,"Reynoldsburg, Ohio","September 11-13, 2026",Brews-Festival,Black Swamp Arts Festival,ND,614.322.6800,www.reynoldsburg.gov/342/Blues-and-,,,,From Living Blues Festival Guide 2026
287,River City Blues Festival,"March 20-21, 2026",The Lafayette Hotel,Marietta,ND,304.481.8389,,,,,From Living Blues Festival Guide 2026
288,Snow Fork Event Center,"June 26-27, 2026",nelsonvillefest.org,Nelsonville,ND,614.906.4700,www.bluesforacure.com,,,,From Living Blues Festival Guide 2026
289,levittdayton.org,,,,ND,,,,,,From Living Blues Festival Guide 2026
290,In the Market for Blues,"July 31-August 1, 2026",omahablues.com,Omaha,NE,402.968.0984,,,,,From Living Blues Festival Guide 2026
291,Playing with Fire,"April 18 & August 13-15, 2026",eomaha.net,Omaha,NE,402.435.8754,www.playingwithfir,,,,From Living Blues Festival Guide 2026
292,Soaring Wings Blues Fest,TBA,Soaring Wings Vineyard,Springfield,NE,402.968.0984,,,,,From Living Blues Festival Guide 2026
293,omahajazzfestival.com,,,,NE,,,,,,From Living Blues Festival Guide 2026
294,"August 29, 2026",TBA,Davidson’s Mill Pond Park,South Brunswick,NH,908.737.5326,www.njfolkfest.org,,,,From Living Blues Festival Guide 2026
295,"Cape May, New Jersey","May 29-31, 2026",Michael Arnone’s Crawfish Fest,Sussex County Fairgrounds,NH,,www.exitzerojazzfestival.com,,,,From Living Blues Festival Guide 2026
296,"FBAC Jazz, Blues & More Summer Concert","July 5-August 30, 2026",Series,Freehold,NH,732.333.0094,www.downtownfreehold.com,,,,From Living Blues Festival Guide 2026
297,Kennedy Plaza,"June 26-28, 2026",Sussex County Fairgrounds,Atlantic City,NH,973.882.8240,www.tonymart.com,,,,From Living Blues Festival Guide 2026
298,Londonderry-NH-Annual-Blues-,"August 22, 2026",Festival-100095031173414,Seacoast Jazz Festival,NH,,www.seacoastjazz.org,,,,From Living Blues Festival Guide 2026
299,Montclair Jazz Festival,"August 15, 2026",Long Branch Jazz & Blues Festival,Montclair,NH,973.744.2273,www.montclairjazzfestival.org,,,,From Living Blues Festival Guide 2026
300,Plaza,Juneteenth Celebration,mcdiversityalliance.com,Jersey City,NH,,www.riverviewjazz.org,,,,From Living Blues Festival Guide 2026
301,Veterans Music Fest,TBA,VeteransBluesandBBQFestival,Marlboro,NH,609.479.3093,www.facebook.com/,,,,From Living Blues Festival Guide 2026
302,White Mountain Boogie n’ Blues Festival,"August 14-16, 2026",boogie.com,Thornton,NH,603.303.0352,www.whitemountain,,,,From Living Blues Festival Guide 2026
303,angleseablues.comJersey Gumbo Cookoff & Louisiana Music,"July 13, 2026",Festival,Somers Point,NH,609-653-6069,www.tonymart.com,,,,From Living Blues Festival Guide 2026
304,granitestateblues.orgNEW JERSEY,"February 6, 2026",South Orange International Blues,Festival: Winter Edition,NH,973.313.2787,www.sopacnow.org,,,,From Living Blues Festival Guide 2026
305,haaffamilyarts.org,,,,NH,,,,,,From Living Blues Festival Guide 2026
306,Crawdaddy Blues Fest,"May 16-17, 2026",Mine Shaft Tavern,Madrid,NM,505.473.0743,www.themineshafttavern.com,,,,From Living Blues Festival Guide 2026
307,"May 23-24, 2026","June 6, 2026",Gough Park,Silver City,NM,505.320.0615,www.silvercitybluesfestival.org,,,,From Living Blues Festival Guide 2026
308,New Mexico Jazz Festival,TBA,Outpost Performance Space,Albuquerque,NM,505.268.0044,,,,,From Living Blues Festival Guide 2026
309,nwnmac.org,"June 20, 2026",Bernalillo Blues Festival,Bernalillo,NM,575.377.3232,www.bernalilloblues.com,,,,From Living Blues Festival Guide 2026
310,visitangelfirenm.com/event/bluewsfest,"October 1-4, 2026",Mesilla Valley Jazz & Blues Festival,Plaza de Mesilla,NM,505.359.4876,www.mvjazzblues.net,,,,From Living Blues Festival Guide 2026
311,Big Blues Bender,Sep 2026,,Reno,NV,,https://bigbluesbender.com/,,https://bigbluesbender.com/,,"No public email. Uses help portal. Curated festival, 2026 sold out."
312,Festival,"April 25-26, 2026",Clark County Government Amphitheater,Las Vegas,NV,,www.caesars.com/reno/events/bbq-,,,,From Living Blues Festival Guide 2026
313,Reno Jazz Festival,"April 23-25, 2026",Nevada Blues Festival,University of Nevada,NV,775.784.4278,www.unr.edu/jazz-festival,,,,From Living Blues Festival Guide 2026
314,"Sparks, Nevada","September 10-13, 2026",Big Blues Bender,Westgate Las Vegas Resort & Casino,NV,888.868.4438,www.nuggetribcookoff.com,,,,From Living Blues Festival Guide 2026
315,brews-and-blues-festival,"August 14-23, 2026",Jazz and Beyond – Carson City Music,Festival,NV,775.883.4154,,,,,From Living Blues Festival Guide 2026
316,nevadabluesfestival.com,,,,NV,,,,,,From Living Blues Festival Guide 2026
317,Grassroots Finger Lakes Festival,"Jul 16-19, 2026",,Trumansburg,NY,(607) 387-5098,https://www.frontstagefestivals.com/festival/grassroots-finger-lakes-festival-2026,,https://www.grassrootsfest.org/contact,info@grassrootsfest.org,"Also tickets@grassrootsfest.org, promo@grassrootsfest.org"
318,Great South Bay Music Festival,"Jul 23-26, 2026",,Patchogue,NY,631-331-0808,https://www.frontstagefestivals.com/festival/great-south-bay-music-festival-2026,,https://greatsouthbaymusicfestival.com/artist-submission/,Jfaith@JFaith.com,"Artist submissions: forward EPK to Ryan Adams with ""GSB Artist Submission"" in subject. Sponsorship: Jamie@JFaith.com / 631-946-2135"
319,Hudson River Park Blues BBQ Festival,TBA,Hudson River Park,New York,NY,212.627.2020,www.brooklynfolkfest.com,,,,From Living Blues Festival Guide 2026
320,"June 1-July 1, 2026","June 11-13, 2026",New York State Blues Festival,New York,NY,,www.bluenotejazz.com/jazz-festival-nyc,,,,From Living Blues Festival Guide 2026
321,"June 18-20, 2026","July 9, 16, 23 & 30, 2026",juneteenthny.com,Brooklyn,NY,212.417.2000,,,,,From Living Blues Festival Guide 2026
322,Lima Crossroads Festival,"July 30-August 2, 2026",limafest.org,Lima,NY,,www.chenangobluesfest.org,,,,From Living Blues Festival Guide 2026
323,Louis Engel Waterfront Park,"September 12, 2026",Blues on the Bridge,Ossining,NY,,www.uptheriverbluesfestival.com,,,,From Living Blues Festival Guide 2026
324,On hiatus until 2027,TBA,Bellayre Mountain,Highmount,NY,716.342.2292,,,,,From Living Blues Festival Guide 2026
325,Rochester Jazz Festival,Summer 2026,,Rochester,NY,(585) 454-2060,https://festt.io/en/festivals/rochester-jazz-festival-2026-2026,,https://rochesterjazz.com/contact/,info@rochesterjazz.com,Artist/Manager submissions section on contact page (currently closed)
326,"September 4-7, 2026","September 11-12, 2026",visitalexbay.org/blues-in-the-bay,Alexandria Bay,NY,315.482.9531,,,,,From Living Blues Festival Guide 2026
327,Washington Square Park Folk Festival,TBA,Greenwich Village,New York,NY,,www.wspfolkfest.com,,,,From Living Blues Festival Guide 2026
328,Winter Blues Weekend,"January 16-18, 2026",blues-weekend,Ellicottville,NY,800.349.9099,www.ellicottvilleny.com/events/winter-,,,,From Living Blues Festival Guide 2026
329,Cincy Blues Challenge,"Jun 14, 2026",,Cincinnati,OH,(513) 739-2583,https://cincyblues.org/2026/05/18/cincy-blues-challenge-call-for-entries-18/,,https://cincyblues.org/challenge/,,Contact via form at cincyblues.org/contact
330,Bixby Rotary BBQ’n Blues Festival,"May 14-16, 2026",Washington Irving Memorial Park,Bixby,OK,918.200.9703,www.bixbyrotarybbq.com,,,,From Living Blues Festival Guide 2026
331,Rentiesville Dusk til Dawn Blues Festival,"September 4-6, 2026",Oklahoma Blues Hall of Fame,Rentiesville,OK,,,,,,From Living Blues Festival Guide 2026
332,"Medford, Oregon",,,,OR,,www.rogueblues.org,,,,From Living Blues Festival Guide 2026
333,Pickathon,"July 30-August 2, 2026",Pendarvis Farm,Happy Valley,OR,541.563.3500,,,https://pickathon.com/info/contact-pickathon/,info@pickathon.com,Press: press@pickathon.com. Volunteer: volunteer@pickathon.com
334,Rose City Blues,"February 20-22, 2026",Alberta Abbey,Portland,OR,503.880.7171,,,,,From Living Blues Festival Guide 2026
335,Waterfront Blues Festival,"July 2-4, 2026",Tom McCall Waterfront Park,Portland,OR,541.469.2218,,,,,From Living Blues Festival Guide 2026
336,findyourselfinwaldport.com,"October 7-11, 2026",Blues in the Gorge,Menucha Retreat and Conference Center,OR,503.695.2243,,,,,From Living Blues Festival Guide 2026
337,winterbluesfest.net,"April 3-4, 2026",Seaside Jazz & Blues Festival,Seaside Convention Center,OR,503.997.4902,www.seaside138.com,,,,From Living Blues Festival Guide 2026
338,"August 14-16, 2026","August 29, 2026",Old Pool Farm,Harleysville,PA,610.444.1416,,,,,From Living Blues Festival Guide 2026
339,Billtown Blues Audition,2026,,,PA,,https://www.billtownblues.org/2026-audition-concert-application,,https://www.billtownblues.org/2026-audition-concert-application,kendall.palmatier@gmail.com,"PA-based blues musicians only. Email subject must say ""BBA Audition Application"""
340,"Briggsville, Pennsylvania","July 11-12, 2026",Pittsburgh Music Festival,Creighton,PA,570.379.3342,www.briggsfarm.com,,,,From Living Blues Festival Guide 2026
341,Delaney Chevrolet Westsylvania Jazz &,"May 22-23, 2026",Blues Festival,Indiana,PA,724.465.2787,,,,,From Living Blues Festival Guide 2026
342,Flood City Festival,"Jul 24-25, 2026",,Johnstown,PA,,https://www.frontstagefestivals.com/festival/flood-city-festival-2026,,,,Found via web search
343,"July 24-25, 2026","August 1-2, 2026",Erie’s Blues & Jazz Festival,Johnstown,PA,814.539.1889,www.floodcitymusic.com,,,,From Living Blues Festival Guide 2026
344,"June 20, 2026","June 20-21, 2026",honesdalerootsandrhythm.comFranklin Blues & Barbecue Festival,Honesdale,PA,412.585.0360,www.franklinbluesandbbq.org,,,,From Living Blues Festival Guide 2026
345,LancasterRootsAndBlues,"March 19-29, 2026",Boscov’s Berks Jazz Fest,Reading,PA,610.898.1930,www.berksjazzfest.com,,,,From Living Blues Festival Guide 2026
346,Lehigh River Blues Jam,"January 31, 2026",Days Hotel,Allentown,PA,717.826.9786,www.facebook.com/,,,,From Living Blues Festival Guide 2026
347,Musikfest,"Jul 31 - Aug 9, 2026",,Bethlehem,PA,(610) 332-1300,https://www.frontstagefestivals.com/festival/musikfest-2026,,https://www.artsquest.org/performing-arts/apply-to-perform/,programming@artsquest.org,Operated by ArtsQuest. General info: info@artsquest.org
348,"September 26, 2026",TBA,haverfordmusicfestival.org,Havertown,PA,,,,,,From Living Blues Festival Guide 2026
349,SteelStacks,"July 18, 2026",Bucks County Blues Festival,Bethlehem,PA,610.332.1300,www.artsquest.org,,,,From Living Blues Festival Guide 2026
350,Westsylvania Jazz & Blues Festival,2026,,,PA,,https://westsylvaniajazzandblues.org/news/star-call,,https://westsylvaniajazzandblues.org/news/star-call,indianaartscouncil@gmail.com,Organized by Indiana Arts Council. Star Call is for student musicians.
351,chestercountyblues.com,"June 13, 2026",major-events-festivals/blues-brews-and-,Allentown Blues,PA,610.810.1676,www.discoverlehighvalley.com/events/,,,,From Living Blues Festival Guide 2026
352,roots-and-blues-festival,"August 29, 2026",East Petersburg Blues Festival,East Petersburg,PA,215.802.0500,www.facebook.com/eastpetebluesfestPittsburgh International Jazz Festival,,,,From Living Blues Festival Guide 2026
353,st.com,TBA,BCBS Fall Footstomper,Terchon VFW Post 5542,PA,215.946.4794,www.facebook.com/BUCKSCOUNTYBLUES,,,,From Living Blues Festival Guide 2026
354,General Stanton Inn Blues Music Festival,"August 23, 2026",General Stanton Inn,Charlestown,RI,401.364.8888,www.thegeneralstantoninn.com,,,,From Living Blues Festival Guide 2026
355,Newport Folk Festival,"July 24-26, 2026",Fort Adams State Park,Newport,RI,,,,https://newportfolk.org/contact,,"Contact form with ""Artist Submissions"" dropdown option"
356,"September 4-6, 2026",,Ninigret Park,Charlestown,RI,,,,,,From Living Blues Festival Guide 2026
357,rhodeislandfolkfestival.com,,,,RI,,,,,,From Living Blues Festival Guide 2026
358,Blues & Jazz Festival,TBA,Congaree Swampfest,Rock Hill,SC,803.328.2787,www.yorkcountyarts.org/bluesandjazz,,,,From Living Blues Festival Guide 2026
359,Deep Winter Blues Festival,"February 21, 2026",Hagood Mill Historic Site,Pickens,SC,864.898.2936,,,,,From Living Blues Festival Guide 2026
360,"Kiawah Island, South Carolina","April 18, 2026",freshfieldsvillage.comMauldin Blues & Jazz Festival,Mauldin Outdoor Amphitheater,SC,864.335.4862,,,,,From Living Blues Festival Guide 2026
361,"October 23-24, 2026","November 7, 2026",bbqbluesboos.org,Barnwell,SC,843.678.5912,www.scpecanfestival.com,,,,From Living Blues Festival Guide 2026
362,"Powdersville, South Carolina","May 9, 2026",rhythmontheriver.org,R&B & Southern Soul Rodeo,SC,,,,,,From Living Blues Festival Guide 2026
363,Riverfront Revival,"October 9-10, 2026",Riverfront Park,North Charleston,SC,843.537.8420,www.riverfrontrevival.com,,,,From Living Blues Festival Guide 2026
364,South Carolina State Fairgrounds,TBA,tenatthetop.org,Columbia,SC,,www.whiskeywineblues.com,,,,From Living Blues Festival Guide 2026
365,bluesisalright.com,"April 11, 2026",Mac Arnold’s 20th Annual Cornbread &,Collard Greens Blues Festival,SC,843.641.0011,www.macarnold.com/tour,,,,From Living Blues Festival Guide 2026
366,charlestonjazz.com,"April 16-25, 2026",Come-See-Me Festival,Rock Hill,SC,803.329.7625,www.comeseeme.org,,,,From Living Blues Festival Guide 2026
367,rhythmandribs.org,Juneteenth Celebration,Historic Harriet Barber House & Grounds,June 19,SC,864.942.8448,www.harrietbarberhouse.org,,,,From Living Blues Festival Guide 2026
368,sixmilesc.org,TBA,Piedmont Blues & Roots Festival,Martin Luther King,SC,864.984.3933,www.facebook.com/MLKJrBluesFestival,,,,From Living Blues Festival Guide 2026
369,spoletousa.org,"May 22-June 7, 2026",Piccolo Spoleto Festival,Charleston,SC,864.680.6674,,,,,From Living Blues Festival Guide 2026
370,visithagoodmill.com,"April 18, 2026",Lowcountry Cajun Festival,James Island County Park,SC,843.795.4386,www.ccprc.com,,,,From Living Blues Festival Guide 2026
371,"August 1, 2026","September 18-19, 2026",Grey Goose Store & Social Club,Pierre,SD,605.945.0794,www.facebook.com/GreyGooseStore,,,,From Living Blues Festival Guide 2026
372,Deadwood Blues Festival,"July 10-12, 2026",deadwoodbluesfest.com,Deadwood,SD,,,,,,From Living Blues Festival Guide 2026
373,Bristol Rhythm & Roots Reunion,"September 11-13, 2026",bristolrhythm.com,Bristol,TN,423.573.1927,,,,,From Living Blues Festival Guide 2026
374,International Blues Challenge,"January 13-17, 2026",blues.org,Memphis,TN,901.527.2583,,,,,From Living Blues Festival Guide 2026
375,Jefferson Street Jazz & Blues Festival,TBA,jeffersonstreetjazzandbluesfestival,Nashville,TN,615.726.5867,www.facebook.com/,,,,From Living Blues Festival Guide 2026
376,"June 20-21, 2026","September 4-6, 2026",Hadley Park,Nashville,TN,615.525.0392,www.musiccityfreedomfest.com,,,,From Living Blues Festival Guide 2026
377,"May 1-3, 2026","May 6, 2026",Tom Lee Park,Memphis,TN,,,,,,From Living Blues Festival Guide 2026
378,"May 30, 2026","June 11-14, 2026",Emory Place,Knoxville,TN,865.637.4561,www.dogwoodarts.com,,,,From Living Blues Festival Guide 2026
379,"May 7, 2026","May 9, 2026",blues.org,Memphis,TN,901.527.2583,,,,,From Living Blues Festival Guide 2026
380,Southern Skies Music & Whiskey Festival,TBA,On hiatus,Knoxville,TN,615.200.0354,,,,,From Living Blues Festival Guide 2026
381,WLOK Stone Soul Picnic,TBA,,Memphis,TN,901.527.9565,www.wlok.com/stone-soul-picnic,,,,From Living Blues Festival Guide 2026
382,memphofest.com,"October 17, 2026",Hatchie Fall Fest,Brownsville,TN,731.779.9000,www.hatchiefallfest.com,,,,From Living Blues Festival Guide 2026
383,riverartsmemphis.orgWCTE PBS Blues & Brews Craft Beer,"October 24, 2026",Festival,Cookeville,TN,931.528.2222,www.wcte.org,,,,From Living Blues Festival Guide 2026
384,Camp Ben,18th Annual H-Town Blues Festival,oldsettlersmusicfest.org,Drifrwood,TX,,,,,,From Living Blues Festival Guide 2026
385,"Crockett, Texas","April 25, 2026",Texas Trust CU Theatre,Grand Prairie,TX,,www.discovercrocketttx.com21st Annual Dallas Blues Festival,,,,From Living Blues Festival Guide 2026
386,Crossroads Guitar Festival,"September 26-27, 2026",Moody Center,Austin,TX,,www.aclfestival.com,,,,From Living Blues Festival Guide 2026
387,Eastside Kings Festival,"October 17-18, 2026",Houston Bluesfest,East Austin,TX,,www.eastsidekingsfest.com,,,,From Living Blues Festival Guide 2026
388,"January 17, 2026",26th Annual KNON Blues Festival,Luckenbach Dance Hall,Fredericksburg,TX,214.828.9500,www.luckenbachtexas.com,,,,From Living Blues Festival Guide 2026
389,KNON Fort Worth Blues Festival,"April 26, 2026",Southside Preservation Hall,Fort Worth,TX,214.828.9500,www.knon.org,,,,From Living Blues Festival Guide 2026
390,Kerrville Folk Festival,"May 21-June 7, 2026",Blues on the Green,Kerrville,TX,512.832.4000,www.kerrvillefolkfestival.org,,,,From Living Blues Festival Guide 2026
391,"Kerrville, Texas","July 4, 2026",Willie Nelson’s 4th of July Picnic,Germania Insurance Amphitheater,TX,972.878.4748,www.bluesfestkerrville.org,,,,From Living Blues Festival Guide 2026
392,Luck Reunion,"March 19, 2026",luckpresents.com,Luck,TX,,www.fwaamusicfest.com,,,,From Living Blues Festival Guide 2026
393,"March 8, 2026","March 12-18, 2026",Houston Botanic Garden,Houston,TX,512.467.7979,www.sxsw.com,,,,From Living Blues Festival Guide 2026
394,"Midland, Texas",TBA,tallcitybluesfest.com,Denton Blues Festival,TX,432.897.1469,www.dentonbluesfest.com,,,,From Living Blues Festival Guide 2026
395,Navasota Blues Fest,TBA,,Navasota,TX,979.696.2787,www.acbv.org,,,,From Living Blues Festival Guide 2026
396,Threads of Tradition Festival,"March 28, 2026",ACE Center,Edinburg,TX,512.441.9255,,,,,From Living Blues Festival Guide 2026
397,green-2026,"June 19-20, 2026",Missouri City Juneteenth Celebration,Hunters Glen Park,TX,281.545.5009,,,,,From Living Blues Festival Guide 2026
398,samsburgerjoint.com,"April 17, 2026",A Taste of New Orleans,Sunken Garden Theater in Breckenridge,TX,210.531.9464,www.saza.org,,,,From Living Blues Festival Guide 2026
399,Tuacahn Amphitheatre,,southernutahbluesfestival.com,Ivins,UT,800.746.9882,,,,,From Living Blues Festival Guide 2026
400,Utah Blues Festival,"June 12-13, 2026",Gallivan Center,Salt Lake City,UT,801.322.2428,www.utahbluesfest.org,,https://www.utahbluesfest.org,UBFProducer@gmail.com,Also UBFVENDORS@gmail.com for vendor inquiries
401,uaf.org,,,,UT,,,,,,From Living Blues Festival Guide 2026
402,Bayou Bon Vivant,"May 15-17, 2026",Town Point Park,Cajun Music,VA,703.892.2776,,,,,From Living Blues Festival Guide 2026
403,Floydfest,"Jul 22-26, 2026",,Floyd,VA,,https://www.frontstagefestivals.com/festival/floydfest-2026,,https://floydfest.com/contact-us/booking/,performer@atwproductions.com,Artist submissions via email with promotional assets
404,John Jackson Piedmont Blues Festival,"September 26, 2026",Castleton Meadows,Castleton,VA,804.788.6466,www.facebook.com/johnjacksonbluesfest,,,,From Living Blues Festival Guide 2026
405,Juneteenth Freedom Day,"June 19, 2026",Festival Park at Atlantic Union Bank Pavilion,Portsmouth,VA,757.838.4203,,,,,From Living Blues Festival Guide 2026
406,Stone Soul Music & Food Festival,TBA,kissrichmond.com,Richmond,VA,804.672.9299,,,,,From Living Blues Festival Guide 2026
407,Virginia Chili Blues & Brews,TBA,Tinner Hill Music Festival,Waynesboro,VA,703.241.4109,www.virginiachili.com,,,,From Living Blues Festival Guide 2026
408,Winter Blues & Jazz Fest,"January 16-19, 2026",William & Mary Alumni House,Williamsburg,VA,855.452.2295,www.winterbluesjazzfest.com,,,,From Living Blues Festival Guide 2026
409,Burlington Discover Jazz Festival,"June 3-7, 2026",Plymouth Folk & Blues Festival,Burlington,VT,802.672.3773,www.flynnvt.org/bdjf,,,,From Living Blues Festival Guide 2026
410,plymouthfolk.com,,,,VT,,,,,,From Living Blues Festival Guide 2026
411,"Electric City, Washington","May 22-25, 2026",Northwest Folklife Festival,Seattle Center,WA,206.684.7300,www.sunbanksfestival.com,,,,From Living Blues Festival Guide 2026
412,"June 19-20, 2026","July 4, 2026",Skamania County Fairgrounds,Stevenson,WA,509.427.3980,www.facebook.com/,,,,From Living Blues Festival Guide 2026
413,"North Bend, Washington","October 7-11, 2026",Bellevue Jazz & Blues Music Series,Bellevue,WA,425.453.1223,www.northbendblueswalk.com,,,,From Living Blues Festival Guide 2026
414,"Ocean Park, Washington",,,,WA,360.214.2652,www.peninsulablues.com,,,,From Living Blues Festival Guide 2026
415,"Port Townsend, Washington","August 1, 2026",centrum.org,Rainier Music Festival,WA,360.385.3102,www.rainiermusicfestival.com,,,,From Living Blues Festival Guide 2026
416,Poulsbo Blues & Jazz Festival,"February 27-28, 2026",poulsborotary.org/poulsbo-blues-jazzWalla Walla Guitar Festival,Poulsbo,WA,,,,,,From Living Blues Festival Guide 2026
417,itallhappenshere.org/rwb,"July 17-19, 2026",Winthrop Rhythm & Blues Festival,The Blues Ranch,WA,800.820.9884,,,,,From Living Blues Festival Guide 2026
418,snoqualmiedays.org,TBA,Kitsap Blues Music Festival,Kitsap Fairgrounds,WA,360.373.6810,www.admiraltheatre.org/kitsapblues,,,,From Living Blues Festival Guide 2026
419,"August 6-8, 2026","August 15, 2026",Veteran’s Memorial Park,Durand,WI,262.898.5616,www.bluesonthechippewa.com,,,,From Living Blues Festival Guide 2026
420,Big Bull Falls Blues Fest,"August 21-22, 2026",Fern Island Park,Wausau,WI,920.421.1559,www.facebook.com/ellisonbayblues,,https://wausauevents.org/big-bull-falls-blues-fest,brooklyn@wausauevents.org,Sponsorship contact: brooklyn@wausauevents.org. Volunteer: volunteer@wausauevents.org. Appears curated.
421,Blue Ox Music Festival,"June 25-27, 2026",The Pines Music Park,Eau Claire,WI,715.602.4440,www.blueoxmusicfestival.comBryan Lee Memorial Blues Festival,,,,From Living Blues Festival Guide 2026
422,BryanLeeBrailleBluesDaddy,"July 18, 2026",Festival,New Glarus Blues,WI,608.527.2095,www.swisstown.com,,,,From Living Blues Festival Guide 2026
423,Chain O’Lakes Blues Festival,"October 2-3, 2026",Indian Crossing Casino,Waupaca,WI,715.258.7343,,,,,From Living Blues Festival Guide 2026
424,"March 13-14, 2026","April 17-18, 2026",Rothschild Pavilion,Rothschild,WI,262.346.7156,,,,,From Living Blues Festival Guide 2026
425,Mile of Music,"Jul 30 - Aug 2, 2026",,Appleton,WI,,https://www.frontstagefestivals.com/festival/mile-of-music-2026,,https://mileofmusic.com/contact-us/,info@mileofmusic.com,Artist submissions page: mileofmusic.com/festival-artists/artist-submissions/ (currently closed for 2026)
426,"Milwaukee, Wisconsin",,granvillebusiness.org,,WI,414.550.8150,,,,,From Living Blues Festival Guide 2026
427,"September 4, 2027",,Waukesha Rotary BluesFest,Port Washington / Grafton,WI,262.208.6288,www.paramountmusic.org,,,,From Living Blues Festival Guide 2026
428,St. Feriole Island,"July 31-August 1, 2026",Sugar Maple Music Festival,Prairie du Chien,WI,608.209.1252,www.prairiedogblues.com,,,,From Living Blues Festival Guide 2026
429,Summerfest,"June 16-17, June 18-20, June 25-27, &",Monroe Balloon & Blues Festival,July 2-4,WI,,www.summerfest.com,,,,From Living Blues Festival Guide 2026
430,Blues Week at Augusta Heritage Center,"July 13-17, 2026",Augusta Heritage Center of Davis & Elkins,College,WV,304.637.1209,,,,,From Living Blues Festival Guide 2026
431,"Huntington, West Virginia",TBA,Johnnie Johnson,Blues & Jazz Festival,WV,,www.huntingtonbluessociety.com,,,,From Living Blues Festival Guide 2026
432,"September 11-13, 2026","September 19-20, 2026",Hazel Ruby McQuain Park,Clarksburg,WV,304.641.9963,www.wvbhf.comWest Virginia Wine & Jazz Festival,,,,From Living Blues Festival Guide 2026
433,Snowshoe Mountain,"August 7-9, 2026",Heritage Music BluesFest,Snowshoe,WV,877.441.4386,www.snowshoemtn.com,,,,From Living Blues Festival Guide 2026
434,"Jackson Hole, Wyoming",,INTERNATIONAL,,WY,,www.horseshoemusicfestival.com,,,,From Living Blues Festival Guide 2026
435,Sweetwater Blues n’ Brews,"August 22, 2026",Bunning Park,Rock Springs,WY,307.352.1434,www.downtownrs.com/sweetwater-blues-,,,,From Living Blues Festival Guide 2026
436,Blues at Bridgetown,2026,,Bridgetown,Australia,,https://wam.org.au/2026/03/11/blues-at-bridgetown-2026-artist-applications-open/,,,,Found via web search
437,"Cleveland, Queensland",,redlandbaysidebluesfestival2022,,Australia,,www.facebook.com/,,,,From Living Blues Festival Guide 2026
438,"February 27-March 1, 2026","March 13-15, 2026",Memorial Park,The Entrance,Australia,,www.bmff.org.au,,,,From Living Blues Festival Guide 2026
439,Girrakool Blues Festival,"Feb 27 - Mar 1, 2026",,Central Coast,Australia,,https://girrakoolblues.com.au/artist-applications/,,,,Found via web search
440,"July 23-26, 2026","September 18-20, 2026",winterblues.com.au,Echuca,Australia,,www.mitchellcreekrocknbluesfest.com.au,,,,From Living Blues Festival Guide 2026
441,Port Noarlunga Music Festival,"November 20-22, 2026",portnoarlungabluesfestival.com.au,Port Noarlunga,Australia,,www.agnesbluesandroots.com.auRedlands Coast Blues Festival,,,,From Living Blues Festival Guide 2026
442,Riverglade Caravan Park,"April 24-26, 2026",rocktheturf.com,Tumut,Australia,,www.discoveryholidayparks.com.au/,,,,From Living Blues Festival Guide 2026
443,St. Kilda Blues Festival,"February 27-March 1, 2026",stkildabluesfestival.com.au,St. Kilda,Australia,,,,,,From Living Blues Festival Guide 2026
444,The Blues Train,"May 2, 16, & 23, 2026",Bellarine Railway,Queenscliff,Australia,,www.thebluestrain.com.au,,,,From Living Blues Festival Guide 2026
445,Thredbo Blues Festival,"January 16-18, 2026",thredboblues.com.au,Thredbo,Australia,,www.matsumura.com.au,,,,From Living Blues Festival Guide 2026
446,"August 6-9, 2026","August 6-9, 2026",Edmonton Folk Festival,Kitchener,Canada,780.429.1899,www.kitchenerbluesfestival.com,,,,From Living Blues Festival Guide 2026
447,Barrie Jazz and Blues Festival,"June 11-22, 2026",Stratford Live Music & Food,Barrie,Canada,,www.barriejazzbluesfest.com,,,,From Living Blues Festival Guide 2026
448,Belleville Downtown Blues Festival,"September 12, 2026",downtownblues.ca,Belleville,Canada,506.454.2583,,,,,From Living Blues Festival Guide 2026
449,Festival Blues d’la Baie,"July 23-26, 2026",Cool Blues Show,Petit-Rocher,Canada,,www.bluesdlabaie.com,,,,From Living Blues Festival Guide 2026
450,Festival International de Jazz de Montréal,"June 25-July 4, 2026",montrealjazzfest.com,Montréal,Canada,855.219.0576,,,,,From Living Blues Festival Guide 2026
451,Festival de Blues de Donnacona,"August 5-9, 2026",donnaconablues.com,Donnacona,Canada,,,,,,From Living Blues Festival Guide 2026
452,"July 3-5, 2026","July 3-26, 2026",mariposafolk.comBeaches International Jazz Festival,Orillia,Canada,416.698.2152,www.beachesjazz.com,,,,From Living Blues Festival Guide 2026
453,"July 8-12, 2026","July 9-11, 2026",bluestremblant.ca,Mont-Tremblant,Canada,888.738.1777,www.lighthousebluesfestival.com,,,,From Living Blues Festival Guide 2026
454,LeBreton Flats,"July 17-19, 2026",ottawabluesfest.ca,Ottawa,Canada,819.298.2882,,,,,From Living Blues Festival Guide 2026
455,Markham Jazz Festival,"August 21-23, 2026",Tim Hortons Southside Shuffle Blues and,Unionville,Canada,416.770.4374,www.markhamjazzfestival.com,,,,From Living Blues Festival Guide 2026
456,Mid-Winter Blues Festival,"March 5-7, 2026",reginablues.ca,Regina,Canada,,www.saskatoonbluessociety.caHornby Island Blues Week,,,,From Living Blues Festival Guide 2026
457,Orangeville Blues & Jazz Festival,"June 5-7, 2026",orangevillebluesandjazz.ca,Orangeville,Canada,604.741.1186,www.penderharbourbluesfestival.com,,,,From Living Blues Festival Guide 2026
458,Salmon Arm Roots & Blues Festival,"July 24-26, 2026",Salmon Arm Fairgrounds,Salmon Arm,Canada,250.833.4096,,,,,From Living Blues Festival Guide 2026
459,"September 18-20, 2026",TBA,wasagabeachblues.com,Wasaga Beach,Canada,,,,,,From Living Blues Festival Guide 2026
460,The February Blues Music Festival,"February 1-2, 2026",Multiple Locations,Simcoe County,Canada,800.668.9100,www.barriejazzbluesfest.com,,,,From Living Blues Festival Guide 2026
461,"Toronto, Ontario","June 19-July 5, 2026",torontojazz.com,Vancouver International Jazz Festival,Canada,604.872.5200,www.coastaljazz.ca,,,,From Living Blues Festival Guide 2026
462,JamaicaOchoRiosInternationalJazzFestival,,,,Caribbean,,,,,,From Living Blues Festival Guide 2026
463,"Marie-Galante, Guadeloupe",4th Annual Blues Jamaica Getaway,Jamaica Ocho Rios Jazz Festival,November 1-4,Caribbean,,www.terredeblues.com,,,,From Living Blues Festival Guide 2026
464,Mustique Blues Festival,"January 21-February 4, 2026",Basil’s Bar,Mustique,Caribbean,784.488.8350,,,,,From Living Blues Festival Guide 2026
465,curacaoblueseasfestival.com,"April 25-May 8, 2026",Saint Lucia Jazz & Arts Festival,Saint Lucia,Caribbean,,www.saintluciajazzandartsfestival.com,,,,From Living Blues Festival Guide 2026
466,Costa Rica Blues Festival,"February 21, 2026",costaricablues.com,Grecia,Central America,,,,,,From Living Blues Festival Guide 2026
467,"Fort Lauderdale, Florida to Grand Turk,","March 15-19, 2027",bluescruise.com,Turks & Caicos,Cruises,877.379.9170,,,,,From Living Blues Festival Guide 2026
468,Havila Blues Cruise 2026,"April 17-28, 2026",cruise,Bergen to Kirkenes,Cruises,843.722.1122,www.havilavoyages.com/offers/blues-,,,,From Living Blues Festival Guide 2026
469,charlestonharbortours.comLegendary Rhythm & Blues Cruise #45,"October 31-November 7, 2026",bluescruise.com,San Diego,Cruises,800.258.3746,,,,,From Living Blues Festival Guide 2026
470,sandybeachescruises.com,"January 16-23, 2027",The Big Easy Cruise,Fort Lauderdale,Cruises,855.923.7222,,,,,From Living Blues Festival Guide 2026
471,Blues Aperitiv Competition,2026,,,Czech Republic,,https://www.bluesalive.cz/en/aperitiv-en/,,,,Found via web search
472,Fuji Rock Festival,"July 24-26, 2026",Naeba Ski Resort,Yuzawa,East Asia,,www.fujirockfestival.com,,,,From Living Blues Festival Guide 2026
473,"November 24-December 2, 2026",TBA,Bongcheon Salon Dance Hall,Seoul,East Asia,,,,,,From Living Blues Festival Guide 2026
474,ABAS Blues Festival & Challenge,2026,,,Greece,,https://europeanbluesunion.com/abas-blues-festival-challenge-2026/,,,,Found via web search
475,"January 21-24 & February 26, 2027",TBA,tequilabluesrock.com,Zihua & Ixtapa,Mexico,,www.facebook.com/,,,,From Living Blues Festival Guide 2026
476,Loreto International Blues Festival,"March 14, 2026",Festival Internacional de Jazz & Blues,Loreto,Mexico,,www.facebook.com/LoretoBlues,,,,From Living Blues Festival Guide 2026
477,"San Felipe, Baja California, Mexico",,bluesandarts.org,,Mexico,442.456.2444,,,,,From Living Blues Festival Guide 2026
478,"April 3-6, 2026","May 8-10, 2026",Bay of Islands Jazz & Blues Festival,Waiheke Island,New Zealand,,www.waihekejazzfestival.co.nz,,,,From Living Blues Festival Guide 2026
479,Blues on the Point Festival,"March 13, 2026",The Honest Lawyer,Nelson,New Zealand,,,,,,From Living Blues Festival Guide 2026
480,"Palmerston North, New Zealand",TBA,NZ Blues and BBQ Festival,Rotorua,New Zealand,,www.mjc.org.nz,,,,From Living Blues Festival Guide 2026
481,+31.06.22.32.74.85,"May 22-24, 2026",Blues Peer,Peer,South America,,www.bredajazzfestival.nl,,,,From Living Blues Festival Guide 2026
482,+39.349.080.1381,"June 25-July 4, 2026",JazzAscona,Ascona,South America,,www.torritablues.it,,,,From Living Blues Festival Guide 2026
483,"April 8, 2026","April 11, 2026",The Stables,Milton Keynes,South America,,www.ukblues.org,,,,From Living Blues Festival Guide 2026
484,Arran Rock ‘n’ Blues Festival,"May 1-3, 2026",Kingdom,Brodick,South America,,www.blues-sur-seine.comKwadendamme Blues Festival,,,,From Living Blues Festival Guide 2026
485,Blues Express,"July 11, 2026",+352.58.77.1.1900,Lasauvage & Fond-de-Gras,South America,,www.bluesexpress.lu,,,,From Living Blues Festival Guide 2026
486,Blues Rules Crissier Festival,"June 5-6, 2026",Afro Blue Festival,Crissier,South America,,www.blues-rules.com,,,,From Living Blues Festival Guide 2026
487,Bluesfest Eutin,"May 28-31, 2026",Mönsterås Blues & Roots Festival,Eutin,South America,,www.baltic-blues.de,,,,From Living Blues Festival Guide 2026
488,"Bridgwater, United Kingdom",TBA,Léman Blues Festival,Annemasse,South America,,www.facebook.com/BBAFFUK,,,,From Living Blues Festival Guide 2026
489,"Callander, Scotland, United Kingdom","October 3, 2026",CallanderJazzAndBl,uesFestival,South America,,www.facebook.com/,,,,From Living Blues Festival Guide 2026
490,Cognac Blues Passions,"July 1-4, 2026",bluespassions.com,Cognac,South America,,www.facebook.com/BluesCazorla,,,,From Living Blues Festival Guide 2026
491,"Edinburgh, Scotland, United Kingdom","July 23-26, 2026",ejbf.com.uk,Porretta Soul Festival,South America,,,,,,From Living Blues Festival Guide 2026
492,"February 28, 2027","April 1-4, 2027",ments.com,Leeds,South America,,www.solidentertain,,,,From Living Blues Festival Guide 2026
493,Freiburg Blues Festival,TBA,freiburg-blues-festival.de,Freiburg,South America,,,,,,From Living Blues Festival Guide 2026
494,German Blues Challenge Blues Awards &,"November 7, 2026",Festival,Freiburg,South America,,www.baltic-blues.de,,,,From Living Blues Festival Guide 2026
495,"Grand-Synthe, France","November 6-8, 2026",Blues sur Seine,Whitby Blues,South America,,www.baycarbluesfestival.fr,,,,From Living Blues Festival Guide 2026
496,"Grolloo, Netherlands","June 19-21, 2026",Blackpool International Soul Festival,Winter Gardens Blackpool,South America,,www.hollandinternationalbluesfestival.com,,,,From Living Blues Festival Guide 2026
497,"July 17-19, 2026","July 17-19, 2026",Knoll Farm,Wareham,South America,,www.rusticstomp.co.uk,,,,From Living Blues Festival Guide 2026
498,"July 3-4, 2026","July 3-12, 2026",Umbria Jazz,Gaildorf,South America,,www.kulturschmiede.de,,,,From Living Blues Festival Guide 2026
499,"June 4-7, 2026","November 21-22, 2026",Muddy Roots Buenos Aires,Rio das Ostras,South America,,www.riodasostrasjazzeblues.com,,,,From Living Blues Festival Guide 2026
500,"Katowice, Poland","April 23-26, 2026",europeanbluesunion.com,Orkney Blues Festival,South America,,www.orkneyblues.co.uk,,,,From Living Blues Festival Guide 2026
501,Kwadendamme Indoor Blues Festival,"December 19, 2026",Imperial Hotel,Kwadendamme,South America,,www.kwadendamme.com,,,,From Living Blues Festival Guide 2026
502,"Kwadendamme, Netherlands","May 8-9, 2026",Geneva Blues Festival,Alhambra Hall,South America,,www.kwadendamme.com,,,,From Living Blues Festival Guide 2026
503,"March 25-29, 2026","March 28, 2026",+33.06.82.15.35.19,Thouars,South America,,www.blues-n-co.org,,,,From Living Blues Festival Guide 2026
504,"Montreux, Switzerland","July 7-13, 2026",Good Time Blues Fest,Guglionesi,South America,,www.montreuxjazzfestival.com,,,,From Living Blues Festival Guide 2026
505,Muddy Roots Brasil,"May 1-2, 2026",Arena Blues Festival,São Paulo,South America,,www.muddyroots.com,,,,From Living Blues Festival Guide 2026
506,"Méricourt, Bouafle, & Saint-Martin-la-","May 29-31, 2026",Benicàssim Blues Festival,Garenne,South America,,www.blues-sur-seine.com,,,,From Living Blues Festival Guide 2026
507,Notodden Blues Festival,"July 30-August 2, 2026",bluesfest.no,Notodden,South America,,www.muddyroots.com,,,,From Living Blues Festival Guide 2026
508,"November 12-14, 2026","November 13-15, 2026",Tenby Blues Festival,Šumperk,South America,,www.bluesalive.cz,,,,From Living Blues Festival Guide 2026
509,Pakkasukko Blues N’ Jazz,"February 4-8, 2026",Villa Sessions – Vila do Conde Blues,Kemi,South America,,www.pakkasukkobluesnjazz.com,,,,From Living Blues Festival Guide 2026
510,Passage du Presbytère,"June 18-20, 2026",Sierre Blues Festival,Marnaz,South America,,www.lesnuitsbluesdemarnaz.fr,,,,From Living Blues Festival Guide 2026
511,"Ponta Malongane, Mozambique","September 25-26, 2026",strab.co.za,Standard Bank Joy of Jazz Festival,South America,,www.joyofjazz.co.za,,,,From Living Blues Festival Guide 2026
512,"Saint-Louis, Sénégal","March 27-28, 2026",+221.33.960.07.34,Cape Town International Jazz Festival,South America,,www.saintlouisjazz.org,,,,From Living Blues Festival Guide 2026
513,"September 3-7, 2026","October 2-3, 2026",Blues Heaven Festival,Monaghan Town,South America,,www.harvestblues.ie,,,,From Living Blues Festival Guide 2026
514,"Skånevik, Norway","July 2-5, 2026",Dereham Blues Festival,Dereham,South America,,www.skaanevik-blues.com,,,,From Living Blues Festival Guide 2026
515,"Trilj, Croatia","July 24-26, 2026",thrillbluesfestival.com,Bilbao Blues Festival,South America,,www.bilbaobluesfestival.com,,,,From Living Blues Festival Guide 2026
516,ViJazz & Blues Festival,TBA,Blues & Folk Festival,Viçosa,South America,,www.vijazz.com.br,,,,From Living Blues Festival Guide 2026
517,alsurleniger.org,TBA,Jozi Blues Festival,Edenvale,South America,,www.taragalte.org,,,,From Living Blues Festival Guide 2026
518,and Culture,TBA,,Ain Farba,South America,,www.festival-au-desert.org,,,,From Living Blues Festival Guide 2026
519,bluesfest.net,"July 10-12, 2026",Moseley Park,Mostly Jazz,South America,,,,,,From Living Blues Festival Guide 2026
520,brasovjazz.ro,"August 21-23, 2026",Swing Wespelaar,Wespelaar,South America,,www.swingwespelaar.be,,,,From Living Blues Festival Guide 2026
521,Mahindra Blues Festival,"February 14-15, 2026",Mehboob Studios,Bandra,South Asia,,,,,,From Living Blues Festival Guide 2026
522,"May 29-31, 2026","July 3-5, 2026",Pai Jazz & Blues Festival,Nice,South Asia,,www.javajazzfestival.com,,,,From Living Blues Festival Guide 2026
523,"Miri, Malaysia",,jazzborneo.com,,South Asia,,,,,,From Living Blues Festival Guide 2026
524,Upton Blues Festival,2026,,Upton,UK,,https://uptonbluesfestival.com/bandbookings2026/,,,,Found via web search
525,BlackAmericana Fest,2026,,,,,https://www.blackamericanafest.com/musical-artist-submission,,https://docs.google.com/forms/d/e/1FAIpQLSfLImmeYEaJWdezSX6QCunRMZ432io1ZKjVvTlJhqr6sbkwsQ/viewform,,Artist submission via Google Form. No direct email.
526,"However, some festivals had not set their",2026 dates at press time.,,,,,,,,,From Living Blues Festival Guide 2026
