project_id,project_name,num_buildings,total_units,avg_units_per_building,extremely_low_income_units,very_low_income_units,low_income_units,address,postcode,community_board,latitude,longitude,building_total_units,studio_units,_1_br_units,_2_br_units,_3_br_units,reporting_construction_type,building_completion_date
69490,HP MORNINGSIDE HEIGHTS PORTFOLIO HDFC.YR15.FY21,48,679,14.1,8,,1,2111 FREDERICK DOUGLASS BOULEVARD,10026,MN-10,40.803216,-73.956262,13,,,13,,Preservation,2021-07-14
69490,HP MORNINGSIDE HEIGHTS PORTFOLIO HDFC.YR15.FY21,48,679,14.1,4,,3,2113 FREDERICK DOUGLASS BOULEVARD,10026,MN-10,40.80327,-73.956222,9,,1,5,3,Preservation,2021-07-14
69490,HP MORNINGSIDE HEIGHTS PORTFOLIO HDFC.YR15.FY21,48,679,14.1,5,1,1,2115 FREDERICK DOUGLASS BOULEVARD,10026,MN-10,40.803325,-73.956182,9,,1,5,3,Preservation,2021-07-14
69490,HP MORNINGSIDE HEIGHTS PORTFOLIO HDFC.YR15.FY21,48,679,14.1,7,1,,2117 FREDERICK DOUGLASS BOULEVARD,10026,MN-10,40.80338,-73.956142,9,,1,6,2,Preservation,2021-07-14
69490,HP MORNINGSIDE HEIGHTS PORTFOLIO HDFC.YR15.FY21,48,679,14.1,4,2,,2121 FREDERICK DOUGLASS BOULEVARD,10026,MN-10,40.80349,-73.956059,9,,,6,3,Preservation,2021-07-14
69490,HP MORNINGSIDE HEIGHTS PORTFOLIO HDFC.YR15.FY21,48,679,14.1,5,,1,2123 FREDERICK DOUGLASS BOULEVARD,10026,MN-10,40.803545,-73.95602,9,,,6,3,Preservation,2021-07-14
69490,HP MORNINGSIDE HEIGHTS PORTFOLIO HDFC.YR15.FY21,48,679,14.1,,,9,955 AMSTERDAM AVENUE,10025,MN-07,40.800979,-73.9653,13,,9,3,1,Preservation,2021-07-14
69490,HP MORNINGSIDE HEIGHTS PORTFOLIO HDFC.YR15.FY21,48,679,14.1,7,2,3,963 AMSTERDAM AVENUE,10025,MN-07,40.801251,-73.965101,13,,13,,,Preservation,2021-07-14
69490,HP MORNINGSIDE HEIGHTS PORTFOLIO HDFC.YR15.FY21,48,679,14.1,4,,2,924 COLUMBUS AVENUE,10025,MN-07,40.798785,-73.963207,8,,8,,,Preservation,2021-07-14
69490,HP MORNINGSIDE HEIGHTS PORTFOLIO HDFC.YR15.FY21,48,679,14.1,2,,1,926 COLUMBUS AVENUE,10025,MN-07,40.798846,-73.963163,8,,7,,,Preservation,2021-07-14
69490,HP MORNINGSIDE HEIGHTS PORTFOLIO HDFC.YR15.FY21,48,679,14.1,,,4,928 COLUMBUS AVENUE,10025,MN-07,40.798903,-73.96312,8,,8,,,Preservation,2021-07-14
69490,HP MORNINGSIDE HEIGHTS PORTFOLIO HDFC.YR15.FY21,48,679,14.1,6,1,,344 MANHATTAN AVENUE,10026,MN-10,40.804001,-73.957565,10,,3,5,2,Preservation,2021-07-14
69490,HP MORNINGSIDE HEIGHTS PORTFOLIO HDFC.YR15.FY21,48,679,14.1,1,2,6,170 WEST 107 STREET,10025,MN-07,40.800685,-73.964228,15,,14,1,,Preservation,2021-07-14
69490,HP MORNINGSIDE HEIGHTS PORTFOLIO HDFC.YR15.FY21,48,679,14.1,4,1,2,172 WEST 107 STREET,10025,MN-07,40.800704,-73.964267,15,,12,1,,Preservation,2021-07-14
69490,HP MORNINGSIDE HEIGHTS PORTFOLIO HDFC.YR15.FY21,48,679,14.1,4,,1,118 WEST 109 STREET,10025,MN-07,40.801499,-73.962255,15,,2,6,,Preservation,2021-07-14
69490,HP MORNINGSIDE HEIGHTS PORTFOLIO HDFC.YR15.FY21,48,679,14.1,5,1,3,120 WEST 109 STREET,10025,MN-07,40.801516,-73.962295,15,,3,9,1,Preservation,2021-07-14
69490,HP MORNINGSIDE HEIGHTS PORTFOLIO HDFC.YR15.FY21,48,679,14.1,3,,,136 WEST 109 STREET,10025,MN-07,40.801653,-73.96262,10,,,,6,Preservation,2021-07-14
69490,HP MORNINGSIDE HEIGHTS PORTFOLIO HDFC.YR15.FY21,48,679,14.1,2,1,,138 WEST 109 STREET,10025,MN-07,40.801673,-73.962663,10,,,,8,Preservation,2021-07-14
69490,HP MORNINGSIDE HEIGHTS PORTFOLIO HDFC.YR15.FY21,48,679,14.1,6,,1,140 WEST 109 STREET,10025,MN-07,40.801689,-73.962703,12,1,,1,6,Preservation,2021-07-14
69490,HP MORNINGSIDE HEIGHTS PORTFOLIO HDFC.YR15.FY21,48,679,14.1,11,,1,202 WEST 109 STREET,10025,MN-07,40.802527,-73.964693,26,,1,12,4,Preservation,2021-07-14
69490,HP MORNINGSIDE HEIGHTS PORTFOLIO HDFC.YR15.FY21,48,679,14.1,1,,2,203 WEST 109 STREET,10025,MN-07,40.802716,-73.965093,16,,2,8,,Preservation,2021-07-14
69490,HP MORNINGSIDE HEIGHTS PORTFOLIO HDFC.YR15.FY21,48,679,14.1,5,,,205 WEST 109 STREET,10025,MN-07,40.80273,-73.965126,16,,1,6,2,Preservation,2021-07-14
69490,HP MORNINGSIDE HEIGHTS PORTFOLIO HDFC.YR15.FY21,48,679,14.1,4,,1,206 WEST 109 STREET,10025,MN-07,40.802716,-73.965137,25,,1,3,2,Preservation,2021-07-14
69490,HP MORNINGSIDE HEIGHTS PORTFOLIO HDFC.YR15.FY21,48,679,14.1,3,1,2,207 WEST 109 STREET,10025,MN-07,40.802744,-73.965158,16,,1,5,2,Preservation,2021-07-14
69490,HP MORNINGSIDE HEIGHTS PORTFOLIO HDFC.YR15.FY21,48,679,14.1,1,,1,209 WEST 109 STREET,10025,MN-07,40.802757,-73.965191,16,,1,7,1,Preservation,2021-07-14
69490,HP MORNINGSIDE HEIGHTS PORTFOLIO HDFC.YR15.FY21,48,679,14.1,6,,2,211 WEST 109 STREET,10025,MN-07,40.802771,-73.965227,25,,,8,1,Preservation,2021-07-14
69490,HP MORNINGSIDE HEIGHTS PORTFOLIO HDFC.YR15.FY21,48,679,14.1,10,,,212 WEST 109 STREET,10025,MN-07,40.802757,-73.965238,20,,,3,7,Preservation,2021-07-14
69490,HP MORNINGSIDE HEIGHTS PORTFOLIO HDFC.YR15.FY21,48,679,14.1,4,,,214 WEST 109 STREET,10025,MN-07,40.802774,-73.965274,20,,,6,2,Preservation,2021-07-14
69490,HP MORNINGSIDE HEIGHTS PORTFOLIO HDFC.YR15.FY21,48,679,14.1,2,2,3,225 WEST 109 STREET,10025,MN-07,40.80287,-73.965458,25,,,4,1,Preservation,2021-07-14
69490,HP MORNINGSIDE HEIGHTS PORTFOLIO HDFC.YR15.FY21,48,679,14.1,6,2,,233 WEST 109 STREET,10025,MN-07,40.802928,-73.965592,25,,,5,3,Preservation,2021-07-14
69490,HP MORNINGSIDE HEIGHTS PORTFOLIO HDFC.YR15.FY21,48,679,14.1,6,1,1,241 WEST 109 STREET,10025,MN-07,40.802983,-73.965725,16,,2,12,,Preservation,2021-07-14
69490,HP MORNINGSIDE HEIGHTS PORTFOLIO HDFC.YR15.FY21,48,679,14.1,3,,1,243 WEST 109 STREET,10025,MN-07,40.802999,-73.965762,16,,3,7,,Preservation,2021-07-14
69490,HP MORNINGSIDE HEIGHTS PORTFOLIO HDFC.YR15.FY21,48,679,14.1,4,,,245 WEST 109 STREET,10025,MN-07,40.803013,-73.965794,15,,3,4,1,Preservation,2021-07-14
69490,HP MORNINGSIDE HEIGHTS PORTFOLIO HDFC.YR15.FY21,48,679,14.1,4,,,247 WEST 109 STREET,10025,MN-07,40.803027,-73.965827,15,,3,6,1,Preservation,2021-07-14
69490,HP MORNINGSIDE HEIGHTS PORTFOLIO HDFC.YR15.FY21,48,679,14.1,3,,,249 WEST 109 STREET,10025,MN-07,40.80304,-73.965859,17,3,2,8,,Preservation,2021-07-14
69490,HP MORNINGSIDE HEIGHTS PORTFOLIO HDFC.YR15.FY21,48,679,14.1,3,,1,251 WEST 109 STREET,10025,MN-07,40.803054,-73.965895,16,2,1,6,,Preservation,2021-07-14
69490,HP MORNINGSIDE HEIGHTS PORTFOLIO HDFC.YR15.FY21,48,679,14.1,5,,1,303 WEST 114 STREET,10026,MN-10,40.803235,-73.956576,10,1,5,,4,Preservation,2021-07-14
69490,HP MORNINGSIDE HEIGHTS PORTFOLIO HDFC.YR15.FY21,48,679,14.1,10,,2,305 WEST 114 STREET,10026,MN-10,40.803251,-73.956619,15,,10,4,1,Preservation,2021-07-14
69490,HP MORNINGSIDE HEIGHTS PORTFOLIO HDFC.YR15.FY21,48,679,14.1,7,,2,307 WEST 114 STREET,10026,MN-10,40.803271,-73.956663,15,,8,3,4,Preservation,2021-07-14
69490,HP MORNINGSIDE HEIGHTS PORTFOLIO HDFC.YR15.FY21,48,679,14.1,7,1,4,309 WEST 114 STREET,10026,MN-10,40.803287,-73.956702,15,,11,4,,Preservation,2021-07-14
69490,HP MORNINGSIDE HEIGHTS PORTFOLIO HDFC.YR15.FY21,48,679,14.1,9,1,2,311 WEST 114 STREET,10026,MN-10,40.803306,-73.956746,15,,11,2,2,Preservation,2021-07-14
69490,HP MORNINGSIDE HEIGHTS PORTFOLIO HDFC.YR15.FY21,48,679,14.1,4,,3,315 WEST 114 STREET,10026,MN-10,40.803342,-73.956832,10,,6,2,2,Preservation,2021-07-14
69490,HP MORNINGSIDE HEIGHTS PORTFOLIO HDFC.YR15.FY21,48,679,14.1,3,2,,213 WEST 115 STREET,10026,MN-10,40.802863,-73.953781,6,1,,1,4,Preservation,2021-07-14
69490,HP MORNINGSIDE HEIGHTS PORTFOLIO HDFC.YR15.FY21,48,679,14.1,2,,1,221 WEST 115 STREET,10026,MN-10,40.803001,-73.954098,5,,,3,1,Preservation,2021-07-14
69490,HP MORNINGSIDE HEIGHTS PORTFOLIO HDFC.YR15.FY21,48,679,14.1,1,2,2,229 WEST 115 STREET,10026,MN-10,40.803207,-73.954582,20,,2,4,7,Preservation,2021-07-14
69490,HP MORNINGSIDE HEIGHTS PORTFOLIO HDFC.YR15.FY21,48,679,14.1,5,,1,233 WEST 115 STREET,10026,MN-10,40.803259,-73.954701,13,,6,2,3,Preservation,2021-07-14
69490,HP MORNINGSIDE HEIGHTS PORTFOLIO HDFC.YR15.FY21,48,679,14.1,3,1,,241 WEST 115 STREET,10026,MN-10,40.80338,-73.954987,10,,2,6,2,Preservation,2021-07-14
69490,HP MORNINGSIDE HEIGHTS PORTFOLIO HDFC.YR15.FY21,48,679,14.1,1,1,,243 WEST 115 STREET,10026,MN-10,40.803413,-73.955062,10,,,4,4,Preservation,2021-07-14
64390,COOPER SQUARE MHA - PHASE 1.GHPP.FY20,21,327,15.6,,4,,83 2 AVENUE,10003,MN-03,40.726642,-73.989101,4,,,,4,Preservation,2020-03-31
64390,COOPER SQUARE MHA - PHASE 1.GHPP.FY20,21,327,15.6,,10,,13 EAST 3 STREET,10003,MN-03,40.726061,-73.990984,10,2,6,2,,Preservation,2020-03-31
64390,COOPER SQUARE MHA - PHASE 1.GHPP.FY20,21,327,15.6,15,1,,21 EAST 3 STREET,10003,MN-03,40.725932,-73.990677,16,6,5,5,,Preservation,2020-03-31
64390,COOPER SQUARE MHA - PHASE 1.GHPP.FY20,21,327,15.6,14,3,,23 EAST 3 STREET,10003,MN-03,40.725901,-73.990602,17,8,6,3,,Preservation,2020-03-31
64390,COOPER SQUARE MHA - PHASE 1.GHPP.FY20,21,327,15.6,17,1,,25 EAST 3 STREET,10003,MN-03,40.725868,-73.990526,18,9,7,2,,Preservation,2020-03-31
64390,COOPER SQUARE MHA - PHASE 1.GHPP.FY20,21,327,15.6,10,3,,27 EAST 3 STREET,10003,MN-03,40.725835,-73.990446,13,,10,3,,Preservation,2020-03-31
64390,COOPER SQUARE MHA - PHASE 1.GHPP.FY20,21,327,15.6,6,9,,89 EAST 3 STREET,10003,MN-03,40.724847,-73.988109,15,7,5,3,,Preservation,2020-03-31
64390,COOPER SQUARE MHA - PHASE 1.GHPP.FY20,21,327,15.6,13,,,9 EAST 3 STREET,10003,MN-03,40.726126,-73.991135,13,6,,5,2,Preservation,2020-03-31
64390,COOPER SQUARE MHA - PHASE 1.GHPP.FY20,21,327,15.6,2,17,,56 EAST 4 STREET,10003,MN-03,40.72681,-73.990912,19,17,,2,,Preservation,2020-03-31
64390,COOPER SQUARE MHA - PHASE 1.GHPP.FY20,21,327,15.6,13,4,,57 EAST 4 STREET,10003,MN-03,40.726815,-73.990876,17,1,5,11,,Preservation,2020-03-31
64390,COOPER SQUARE MHA - PHASE 1.GHPP.FY20,21,327,15.6,12,3,,58 EAST 4 STREET,10003,MN-03,40.726774,-73.990829,15,7,5,2,1,Preservation,2020-03-31
64390,COOPER SQUARE MHA - PHASE 1.GHPP.FY20,21,327,15.6,12,10,,60 EAST 4 STREET,10003,MN-03,40.726741,-73.990746,22,12,10,,,Preservation,2020-03-31
64390,COOPER SQUARE MHA - PHASE 1.GHPP.FY20,21,327,15.6,7,11,,63 EAST 4 STREET,10003,MN-03,40.726725,-73.990663,18,6,8,3,1,Preservation,2020-03-31
64390,COOPER SQUARE MHA - PHASE 1.GHPP.FY20,21,327,15.6,13,1,,65 EAST 4 STREET,10003,MN-03,40.726695,-73.990594,14,2,4,5,3,Preservation,2020-03-31
64390,COOPER SQUARE MHA - PHASE 1.GHPP.FY20,21,327,15.6,13,4,,67 EAST 4 STREET,10003,MN-03,40.726664,-73.990522,17,3,9,5,,Preservation,2020-03-31
64390,COOPER SQUARE MHA - PHASE 1.GHPP.FY20,21,327,15.6,20,2,,69 EAST 4 STREET,10003,MN-03,40.726634,-73.99045,22,11,10,1,,Preservation,
64390,COOPER SQUARE MHA - PHASE 1.GHPP.FY20,21,327,15.6,2,11,,71 EAST 4 STREET,10003,MN-03,40.726604,-73.990381,13,2,,11,,Preservation,
64390,COOPER SQUARE MHA - PHASE 1.GHPP.FY20,21,327,15.6,20,,,73 EAST 4 STREET,10003,MN-03,40.726574,-73.990309,20,8,9,3,,Preservation,
64390,COOPER SQUARE MHA - PHASE 1.GHPP.FY20,21,327,15.6,11,8,,75 EAST 4 STREET,10003,MN-03,40.726544,-73.990241,19,11,5,3,,Preservation,
64390,COOPER SQUARE MHA - PHASE 1.GHPP.FY20,21,327,15.6,,15,,77 EAST 4 STREET,10003,MN-03,40.726513,-73.990169,15,4,4,4,3,Preservation,
64390,COOPER SQUARE MHA - PHASE 1.GHPP.FY20,21,327,15.6,3,7,,13 STANTON STREET,10002,MN-03,40.722564,-73.992244,10,4,3,3,,Preservation,2020-03-31
67891,EAST HARLEM LEXINGTON HDFC.HUDMF.FY19,9,229,25.4,15,2,3,125 EAST 118 STREET,10035,MN-11,40.800206,-73.941296,24,,2,16,6,Preservation,2019-07-22
67891,EAST HARLEM LEXINGTON HDFC.HUDMF.FY19,9,229,25.4,29,9,3,149 EAST 118 STREET,10035,MN-11,40.799819,-73.940372,42,,6,26,5,Preservation,2019-07-22
67891,EAST HARLEM LEXINGTON HDFC.HUDMF.FY19,9,229,25.4,7,,1,121 EAST 119 STREET,10035,MN-11,40.800889,-73.94097,9,,2,1,6,Preservation,2019-07-22
67891,EAST HARLEM LEXINGTON HDFC.HUDMF.FY19,9,229,25.4,2,1,1,125 EAST 119 STREET,10035,MN-11,40.800848,-73.940873,4,,,1,3,Preservation,2019-07-22
67891,EAST HARLEM LEXINGTON HDFC.HUDMF.FY19,9,229,25.4,14,5,3,166 EAST 119 STREET,10035,MN-11,40.800282,-73.939559,24,,,24,,Preservation,2019-07-22
67891,EAST HARLEM LEXINGTON HDFC.HUDMF.FY19,9,229,25.4,14,9,3,212 EAST 119 STREET,10035,MN-11,40.799658,-73.93806,29,,5,12,12,Preservation,2019-07-22
67891,EAST HARLEM LEXINGTON HDFC.HUDMF.FY19,9,229,25.4,15,4,,135 EAST 122 STREET,10035,MN-11,40.802612,-73.939203,21,1,1,4,11,Preservation,2019-07-22
67891,EAST HARLEM LEXINGTON HDFC.HUDMF.FY19,9,229,25.4,23,5,,2010 LEXINGTON AVENUE,10035,MN-11,40.802667,-73.938679,31,,14,15,1,Preservation,2019-07-22
67891,EAST HARLEM LEXINGTON HDFC.HUDMF.FY19,9,229,25.4,31,7,4,158 EAST 119 STREET,10035,MN-11,40.800356,-73.939739,45,,14,19,,Preservation,2019-07-22
60427,HP 109TH STREET HDFC.HUDMF.FY17,5,126,25.2,14,1,2,200 MANHATTAN AVENUE,10025,MN-07,40.800319,-73.960248,17,,10,1,6,Preservation,2018-05-17
60427,HP 109TH STREET HDFC.HUDMF.FY17,5,126,25.2,21,3,3,133 WEST 104 STREET,10025,MN-07,40.798528,-73.965237,27,,8,19,,Preservation,2018-04-27
60427,HP 109TH STREET HDFC.HUDMF.FY17,5,126,25.2,15,5,3,204 MANHATTAN AVENUE,10025,MN-07,40.800387,-73.960201,23,,13,4,6,Preservation,2018-05-17
60427,HP 109TH STREET HDFC.HUDMF.FY17,5,126,25.2,28,2,5,12 WEST 109 STREET,10025,MN-07,40.800327,-73.959471,35,1,18,6,10,Preservation,2018-11-07
60427,HP 109TH STREET HDFC.HUDMF.FY17,5,126,25.2,20,3,1,20 WEST 109 STREET,10025,MN-07,40.800392,-73.95963,24,1,22,1,,Preservation,2018-05-17
66723,JAMIES PLACE HDFC. HUDMF. FY18,5,126,25.2,27,4,2,127 EAST 117 STREET,10035,MN-11,40.799556,-73.941708,35,5,6,12,,Preservation,2018-07-02
66723,JAMIES PLACE HDFC. HUDMF. FY18,5,126,25.2,14,3,1,126 EAST 118 STREET,10035,MN-11,40.800113,-73.941116,18,,2,5,10,Preservation,2018-07-02
66723,JAMIES PLACE HDFC. HUDMF. FY18,5,126,25.2,27,5,1,101 EAST 119 STREET,10035,MN-11,40.801098,-73.941469,33,,10,7,16,Preservation,2018-07-02
66723,JAMIES PLACE HDFC. HUDMF. FY18,5,126,25.2,13,4,3,115 EAST 119 STREET,10035,MN-11,40.800953,-73.941122,20,,6,4,5,Preservation,2018-07-02
66723,JAMIES PLACE HDFC. HUDMF. FY18,5,126,25.2,16,2,1,132 EAST 119 STREET,10035,MN-11,40.80078,-73.940754,20,,5,6,4,Preservation,2018-07-02
66834,EAST VILLAGE II HDFC.HUDMF.FY18,4,91,22.8,13,2,1,195 AVENUE B,10009,MN-03,40.7282,-73.978919,16,,,6,5,Preservation,2020-10-01
66834,EAST VILLAGE II HDFC.HUDMF.FY18,4,91,22.8,15,6,1,199 AVENUE B,10009,MN-03,40.72831,-73.978839,23,,,13,10,Preservation,2020-10-01
66834,EAST VILLAGE II HDFC.HUDMF.FY18,4,91,22.8,27,4,4,627 EAST 9 STREET,10009,MN-03,40.725867,-73.979327,35,,6,17,12,Preservation,2020-10-01
66834,EAST VILLAGE II HDFC.HUDMF.FY18,4,91,22.8,13,4,,374 EAST 10 STREET,10009,MN-03,40.726284,-73.978533,17,,5,5,1,Preservation,2020-10-01
69473,MANHATTAN AVE HDFC,4,81,20.2,18,,5,152 MANHATTAN AVENUE,10025,MN-07,40.799419,-73.960905,24,1,17,6,,Preservation,2021-05-10
69473,MANHATTAN AVE HDFC,4,81,20.2,18,1,,156 MANHATTAN AVENUE,10025,MN-07,40.799476,-73.960866,19,2,7,5,5,Preservation,2021-05-10
69473,MANHATTAN AVE HDFC,4,81,20.2,15,2,2,160 MANHATTAN AVENUE,10025,MN-07,40.799536,-73.960822,19,2,7,5,5,Preservation,2021-05-10
69473,MANHATTAN AVE HDFC,4,81,20.2,14,2,3,164 MANHATTAN AVENUE,10025,MN-07,40.799594,-73.960779,19,2,7,5,5,Preservation,2021-05-10
71950,WHGA AMSTERDAM-GARVEY.YR15.FY24,27,325,12.0,,2,6,1455 AMSTERDAM AVENUE,10027,MN-09,40.816889,-73.953691,9,,,5,4,Preservation,
71950,WHGA AMSTERDAM-GARVEY.YR15.FY24,27,325,12.0,,7,2,1457 AMSTERDAM AVENUE,10027,MN-09,40.816938,-73.953655,9,,,5,4,Preservation,
71950,WHGA AMSTERDAM-GARVEY.YR15.FY24,27,325,12.0,1,6,2,1459 AMSTERDAM AVENUE,10027,MN-09,40.816988,-73.953619,9,,,5,4,Preservation,
71950,WHGA AMSTERDAM-GARVEY.YR15.FY24,27,325,12.0,1,11,4,1524 AMSTERDAM AVENUE,10031,MN-09,40.819144,-73.952071,16,,5,11,,Preservation,
71950,WHGA AMSTERDAM-GARVEY.YR15.FY24,27,325,12.0,4,10,2,1528 AMSTERDAM AVENUE,10031,MN-09,40.81924,-73.952002,16,,5,11,,Preservation,
71950,WHGA AMSTERDAM-GARVEY.YR15.FY24,27,325,12.0,,6,2,1648 AMSTERDAM AVENUE,10031,MN-09,40.823038,-73.949221,8,,,4,4,Preservation,
71950,WHGA AMSTERDAM-GARVEY.YR15.FY24,27,325,12.0,1,4,3,1652 AMSTERDAM AVENUE,10031,MN-09,40.823164,-73.949131,8,,,4,4,Preservation,
71950,WHGA AMSTERDAM-GARVEY.YR15.FY24,27,325,12.0,,5,2,500 WEST 142 STREET,10031,MN-09,40.823351,-73.949116,8,,,8,,Preservation,
71950,WHGA AMSTERDAM-GARVEY.YR15.FY24,27,325,12.0,1,6,5,476 WEST 143 STREET,10031,MN-09,40.823817,-73.948281,12,,4,4,4,Preservation,
71950,WHGA AMSTERDAM-GARVEY.YR15.FY24,27,325,12.0,8,3,,625 LENOX AVENUE,10037,MN-10,40.818089,-73.937964,14,1,,12,1,Preservation,
71950,WHGA AMSTERDAM-GARVEY.YR15.FY24,27,325,12.0,5,7,1,629 LENOX AVENUE,10037,MN-10,40.818185,-73.937895,14,1,,12,1,Preservation,
71950,WHGA AMSTERDAM-GARVEY.YR15.FY24,27,325,12.0,7,5,2,633 LENOX AVENUE,10037,MN-10,40.818281,-73.937826,16,,10,5,1,Preservation,
71950,WHGA AMSTERDAM-GARVEY.YR15.FY24,27,325,12.0,8,5,2,641 LENOX AVENUE,10037,MN-10,40.818542,-73.937635,15,,5,5,5,Preservation,
71950,WHGA AMSTERDAM-GARVEY.YR15.FY24,27,325,12.0,1,10,3,653 LENOX AVENUE,10037,MN-10,40.818929,-73.937349,16,5,5,1,5,Preservation,
71950,WHGA AMSTERDAM-GARVEY.YR15.FY24,27,325,12.0,2,15,5,115 WEST 129 STREET,10027,MN-10,40.810778,-73.944701,23,,6,17,,Preservation,
71950,WHGA AMSTERDAM-GARVEY.YR15.FY24,27,325,12.0,,8,2,119 WEST 129 STREET,10027,MN-10,40.810805,-73.944766,10,1,4,5,,Preservation,
71950,WHGA AMSTERDAM-GARVEY.YR15.FY24,27,325,12.0,,2,2,121 WEST 129 STREET,10027,MN-10,40.810819,-73.944798,4,,4,,,Preservation,
71950,WHGA AMSTERDAM-GARVEY.YR15.FY24,27,325,12.0,,5,5,134 WEST 129 STREET,10027,MN-10,40.810879,-73.944989,10,,5,5,,Preservation,
71950,WHGA AMSTERDAM-GARVEY.YR15.FY24,27,325,12.0,2,7,1,138 WEST 129 STREET,10027,MN-10,40.810907,-73.945058,10,,,10,,Preservation,
71950,WHGA AMSTERDAM-GARVEY.YR15.FY24,27,325,12.0,2,7,1,140 WEST 129 STREET,10027,MN-10,40.810923,-73.945091,10,,,10,,Preservation,
71950,WHGA AMSTERDAM-GARVEY.YR15.FY24,27,325,12.0,,8,2,158 WEST 129 STREET,10027,MN-10,40.811053,-73.945398,10,,5,5,,Preservation,
71950,WHGA AMSTERDAM-GARVEY.YR15.FY24,27,325,12.0,,,,135 WEST 131 STREET,10027,MN-10,40.812062,-73.943876,7,6,1,,,Preservation,
71950,WHGA AMSTERDAM-GARVEY.YR15.FY24,27,325,12.0,7,7,4,102 WEST 142 STREET,10030,MN-10,40.818723,-73.938147,18,1,,6,11,Preservation,
71950,WHGA AMSTERDAM-GARVEY.YR15.FY24,27,325,12.0,3,6,3,131 WEST 142 STREET,10030,MN-10,40.819006,-73.938772,13,,2,6,,Preservation,
71950,WHGA AMSTERDAM-GARVEY.YR15.FY24,27,325,12.0,2,2,4,502 WEST 142 STREET,10031,MN-09,40.823554,-73.9496,8,4,4,,,Preservation,
71950,WHGA AMSTERDAM-GARVEY.YR15.FY24,27,325,12.0,5,2,1,513 WEST 145 STREET,10031,MN-09,40.825513,-73.948244,8,,,,8,Preservation,
71950,WHGA AMSTERDAM-GARVEY.YR15.FY24,27,325,12.0,1,15,7,152 W. 129TH STREET,10027,MN-10,40.811009,-73.945296,24,,12,12,,Preservation,
68191,WEST 144 CLUSTER LLC.YR15.FY21,8,154,19.2,17,6,1,208 WEST 141 STREET,10030,MN-10,40.819362,-73.941583,24,,7,10,7,Preservation,2020-08-03
68191,WEST 144 CLUSTER LLC.YR15.FY21,8,154,19.2,6,12,,212 WEST 141 STREET,10030,MN-10,40.819397,-73.941662,18,,2,11,5,Preservation,2020-08-03
68191,WEST 144 CLUSTER LLC.YR15.FY21,8,154,19.2,10,11,2,115 WEST 143 STREET,10030,MN-10,40.819514,-73.938031,24,,14,10,,Preservation,2020-08-03
68191,WEST 144 CLUSTER LLC.YR15.FY21,8,154,19.2,7,11,1,130 WEST 143 STREET,10030,MN-10,40.819615,-73.938316,19,2,,12,5,Preservation,2020-08-03
68191,WEST 144 CLUSTER LLC.YR15.FY21,8,154,19.2,1,16,,139 WEST 143 STREET,10030,MN-10,40.819747,-73.938587,17,,,12,5,Preservation,2020-08-03
68191,WEST 144 CLUSTER LLC.YR15.FY21,8,154,19.2,10,8,1,137 WEST 144 STREET,10030,MN-10,40.820491,-73.938417,20,2,4,5,9,Preservation,2020-08-03
68191,WEST 144 CLUSTER LLC.YR15.FY21,8,154,19.2,8,4,3,160 WEST 144 STREET,10030,MN-10,40.820719,-73.939002,15,1,4,10,,Preservation,2020-08-03
68191,WEST 144 CLUSTER LLC.YR15.FY21,8,154,19.2,2,15,,227 WEST 145 STREET,10039,MN-10,40.82207,-73.940074,17,,6,6,5,Preservation,2020-08-03
59474,LOTT LEGACY APARTMENTS HDFC.YR15.FY2017,21,359,17.1,,8,1,2051 2 AVENUE,10029,MN-11,40.790233,-73.942735,9,,4,5,,Preservation,2019-06-26
59474,LOTT LEGACY APARTMENTS HDFC.YR15.FY2017,21,359,17.1,1,4,4,103 EAST 100 STREET,10029,MN-11,40.788954,-73.950284,9,,7,2,,Preservation,2019-06-26
59474,LOTT LEGACY APARTMENTS HDFC.YR15.FY2017,21,359,17.1,10,4,3,107 EAST 100 STREET,10029,MN-11,40.788919,-73.950197,17,7,5,5,,Preservation,2019-06-26
59474,LOTT LEGACY APARTMENTS HDFC.YR15.FY2017,21,359,17.1,10,17,23,111 EAST 100 STREET,10029,MN-11,40.788883,-73.95011,51,2,20,20,9,Preservation,2019-06-26
59474,LOTT LEGACY APARTMENTS HDFC.YR15.FY2017,21,359,17.1,7,9,3,119 EAST 100 STREET,10029,MN-11,40.788809,-73.949937,20,,,14,5,Preservation,2019-06-26
59474,LOTT LEGACY APARTMENTS HDFC.YR15.FY2017,21,359,17.1,1,14,22,177 EAST 101 STREET,10029,MN-11,40.788706,-73.947752,38,8,7,23,,Preservation,2019-06-26
59474,LOTT LEGACY APARTMENTS HDFC.YR15.FY2017,21,359,17.1,,5,5,178 EAST 101 STREET,10029,MN-11,40.788673,-73.947716,10,,6,4,,Preservation,2019-06-26
59474,LOTT LEGACY APARTMENTS HDFC.YR15.FY2017,21,359,17.1,1,6,2,114 EAST 102 STREET,10029,MN-11,40.790085,-73.949113,9,,,4,5,Preservation,2019-06-26
59474,LOTT LEGACY APARTMENTS HDFC.YR15.FY2017,21,359,17.1,2,5,2,116 EAST 102 STREET,10029,MN-11,40.790068,-73.949069,9,,,4,5,Preservation,2019-06-26
59474,LOTT LEGACY APARTMENTS HDFC.YR15.FY2017,21,359,17.1,6,20,10,21 EAST 104 STREET,10029,MN-11,40.792638,-73.951231,36,,,30,6,Preservation,2019-06-26
59474,LOTT LEGACY APARTMENTS HDFC.YR15.FY2017,21,359,17.1,9,16,8,29 EAST 104 STREET,10029,MN-11,40.792536,-73.950992,34,,,29,5,Preservation,2019-06-26
59474,LOTT LEGACY APARTMENTS HDFC.YR15.FY2017,21,359,17.1,,5,2,242 EAST 106 STREET,10029,MN-11,40.790979,-73.943294,7,,2,4,1,Preservation,2019-06-26
59474,LOTT LEGACY APARTMENTS HDFC.YR15.FY2017,21,359,17.1,,2,2,332 EAST 106 STREET,10029,MN-11,40.790042,-73.941078,4,,,1,3,Preservation,2019-06-26
59474,LOTT LEGACY APARTMENTS HDFC.YR15.FY2017,21,359,17.1,1,9,20,441 EAST 116 STREET,10029,MN-11,40.795413,-73.933987,30,7,11,12,,Preservation,2019-06-26
59474,LOTT LEGACY APARTMENTS HDFC.YR15.FY2017,21,359,17.1,,5,5,447 EAST 116 STREET,10029,MN-11,40.795358,-73.933853,11,1,1,9,,Preservation,2019-06-26
59474,LOTT LEGACY APARTMENTS HDFC.YR15.FY2017,21,359,17.1,,5,4,453 EAST 117 STREET,10035,MN-11,40.796195,-73.933733,9,4,,4,1,Preservation,2019-06-26
59474,LOTT LEGACY APARTMENTS HDFC.YR15.FY2017,21,359,17.1,2,5,2,1553 LEXINGTON AVENUE,10029,MN-11,40.787955,-73.9494,9,,4,1,4,Preservation,2019-06-26
59474,LOTT LEGACY APARTMENTS HDFC.YR15.FY2017,21,359,17.1,1,7,1,1555 LEXINGTON AVENUE,10029,MN-11,40.788018,-73.949353,9,,4,1,4,Preservation,2019-06-26
59474,LOTT LEGACY APARTMENTS HDFC.YR15.FY2017,21,359,17.1,1,4,5,1265 PARK AVENUE,10029,MN-11,40.787659,-73.951736,10,6,4,,,Preservation,2019-06-26
59474,LOTT LEGACY APARTMENTS HDFC.YR15.FY2017,21,359,17.1,6,4,8,1325 PARK AVENUE,10029,MN-11,40.789297,-73.950525,18,4,5,9,,Preservation,2019-06-26
59474,LOTT LEGACY APARTMENTS HDFC.YR15.FY2017,21,359,17.1,,6,4,449 EAST 116 STREET,10029,MN-11,40.795338,-73.93381,10,1,,9,,Preservation,2019-06-26
68866,MAXWELL DEVELOPMENT LP.YR15.FY21,7,200,28.6,27,22,5,143 WEST 140 STREET,10030,MN-10,40.817879,-73.939944,55,,14,27,7,Preservation,2020-12-31
68866,MAXWELL DEVELOPMENT LP.YR15.FY21,7,200,28.6,4,48,2,151 WEST 140 STREET,10030,MN-10,40.817947,-73.940113,55,,21,20,7,Preservation,2020-12-31
68866,MAXWELL DEVELOPMENT LP.YR15.FY21,7,200,28.6,3,16,,227 WEST 140 STREET,10030,MN-10,40.818904,-73.942389,20,,3,13,4,Preservation,2020-12-31
68866,MAXWELL DEVELOPMENT LP.YR15.FY21,7,200,28.6,12,16,2,233 WEST 140 STREET,10030,MN-10,40.818953,-73.942508,31,,6,17,8,Preservation,2020-12-31
68866,MAXWELL DEVELOPMENT LP.YR15.FY21,7,200,28.6,2,6,4,226 WEST 141 STREET,10030,MN-10,40.819513,-73.94194,13,,3,10,,Preservation,2020-12-31
68866,MAXWELL DEVELOPMENT LP.YR15.FY21,7,200,28.6,3,7,2,228 WEST 141 STREET,10030,MN-10,40.819529,-73.94198,13,,5,8,,Preservation,2020-12-31
68866,MAXWELL DEVELOPMENT LP.YR15.FY21,7,200,28.6,1,10,2,230 WEST 141 STREET,10030,MN-10,40.819549,-73.94202,13,,1,10,2,Preservation,2020-12-31
68134,HCCI 144 STREET HDFC.HUDMF.FY22,4,60,15.0,12,2,,104 WEST 144 STREET,10030,MN-10,40.819897,-73.937044,15,,,15,,Preservation,2024-04-17
68134,HCCI 144 STREET HDFC.HUDMF.FY22,4,60,15.0,13,2,,106 WEST 144 STREET,10030,MN-10,40.819936,-73.937138,15,,,15,,Preservation,2022-06-29
68134,HCCI 144 STREET HDFC.HUDMF.FY22,4,60,15.0,13,1,,108 WEST 144 STREET,10030,MN-10,40.819982,-73.937247,15,,,15,,Preservation,2022-06-29
68134,HCCI 144 STREET HDFC.HUDMF.FY22,4,60,15.0,13,1,1,110 WEST 144 STREET,10030,MN-10,40.820015,-73.937326,15,,,15,,Preservation,2022-06-29
69911,HAMILTON HEIGHTS II LLC.PLP.FY24 (HAMILTON HEIGHTS CLUSTER),6,86,14.3,11,4,3,110 HAMILTON PLACE,10031,MN-09,40.823738,-73.949499,18,,,6,12,Preservation,2025-06-01
69911,HAMILTON HEIGHTS II LLC.PLP.FY24 (HAMILTON HEIGHTS CLUSTER),6,86,14.3,17,3,6,115 HAMILTON PLACE,10031,MN-09,40.823724,-73.949484,26,1,,1,24,Preservation,
69911,HAMILTON HEIGHTS II LLC.PLP.FY24 (HAMILTON HEIGHTS CLUSTER),6,86,14.3,5,2,1,542 WEST 140 STREET,10031,MN-09,40.822789,-73.951653,8,8,,,,Preservation,2024-05-17
69911,HAMILTON HEIGHTS II LLC.PLP.FY24 (HAMILTON HEIGHTS CLUSTER),6,86,14.3,1,5,2,504 WEST 142 STREET,10031,MN-09,40.823727,-73.950008,8,8,,,,Preservation,2024-05-17
69911,HAMILTON HEIGHTS II LLC.PLP.FY24 (HAMILTON HEIGHTS CLUSTER),6,86,14.3,5,7,1,531 WEST 145 STREET,10031,MN-09,40.825661,-73.948598,13,,,1,12,Preservation,2025-06-01
69911,HAMILTON HEIGHTS II LLC.PLP.FY24 (HAMILTON HEIGHTS CLUSTER),6,86,14.3,7,4,2,529 WEST 145 STREET,10031,MN-09,40.825645,-73.948558,13,,,1,12,Preservation,2025-06-01
76639,WEST 104TH STREET.HUDMF.FY25,2,59,29.5,14,3,2,82 MANHATTAN AVENUE,10025,MN-07,40.797056,-73.96263,20,5,10,1,4,Preservation,
76639,WEST 104TH STREET.HUDMF.FY25,2,59,29.5,29,5,5,73 WEST 104 STREET,10025,MN-07,40.797773,-73.963474,39,,14,5,15,Preservation,
67429,DESHLER APARTMENT,2,60,30.0,23,7,3,1871 ADAM C POWELL BOULEVARD,10026,MN-10,40.801776,-73.953568,35,,20,10,5,Preservation,2018-10-22
67429,DESHLER APARTMENT,2,60,30.0,17,5,,71 ST NICHOLAS AVENUE,10026,MN-10,40.801208,-73.95255,25,1,13,11,,Preservation,2018-10-22
74697,AMSTERDAM CONVENT REALTY ASSOCIATES.YR15.FY26,4,68,17.0,16,19,1,1405 AMSTERDAM AVENUE,10027,MN-09,40.815259,-73.954885,37,1,22,13,1,Preservation,
74697,AMSTERDAM CONVENT REALTY ASSOCIATES.YR15.FY26,4,68,17.0,6,3,,1439 AMSTERDAM AVENUE,10027,MN-09,40.816488,-73.953988,9,,1,8,,Preservation,
74697,AMSTERDAM CONVENT REALTY ASSOCIATES.YR15.FY26,4,68,17.0,6,2,,1475 AMSTERDAM AVENUE,10027,MN-09,40.817454,-73.953279,8,,7,1,,Preservation,
74697,AMSTERDAM CONVENT REALTY ASSOCIATES.YR15.FY26,4,68,17.0,7,6,1,113 MORNINGSIDE AVENUE,10027,MN-09,40.810538,-73.954606,14,3,6,4,1,Preservation,
66789,JOE UPTOWN LLC - PHASE 1.YR15.FY22,9,116,12.9,6,12,2,2851 FREDERICK DOUGLASS BOULEVARD,10039,MN-10,40.82735,-73.938634,20,,7,11,2,Preservation,2024-05-07
66789,JOE UPTOWN LLC - PHASE 1.YR15.FY22,9,116,12.9,4,11,1,184 BRADHURST AVENUE,10039,MN-10,40.82684,-73.940272,17,2,6,2,6,Preservation,2024-05-07
66789,JOE UPTOWN LLC - PHASE 1.YR15.FY22,9,116,12.9,1,10,,226 BRADHURST AVENUE,10039,MN-10,40.828467,-73.939165,11,1,1,5,4,Preservation,2024-05-07
66789,JOE UPTOWN LLC - PHASE 1.YR15.FY22,9,116,12.9,2,7,1,230 BRADHURST AVENUE,10039,MN-10,40.828605,-73.939107,10,,4,4,2,Preservation,2024-05-07
66789,JOE UPTOWN LLC - PHASE 1.YR15.FY22,9,116,12.9,4,3,3,107 MORNINGSIDE AVENUE,10027,MN-09,40.810423,-73.954693,10,1,,9,,Preservation,2024-05-07
66789,JOE UPTOWN LLC - PHASE 1.YR15.FY22,9,116,12.9,5,3,2,109 MORNINGSIDE AVENUE,10027,MN-09,40.810461,-73.954664,10,1,,9,,Preservation,2024-05-07
66789,JOE UPTOWN LLC - PHASE 1.YR15.FY22,9,116,12.9,4,3,3,111 MORNINGSIDE AVENUE,10027,MN-09,40.810499,-73.954635,10,1,,9,,Preservation,2024-05-07
66789,JOE UPTOWN LLC - PHASE 1.YR15.FY22,9,116,12.9,8,9,1,308 WEST 151 STREET,10039,MN-10,40.826705,-73.939361,18,,2,10,6,Preservation,2024-05-07
66789,JOE UPTOWN LLC - PHASE 1.YR15.FY22,9,116,12.9,1,8,1,302 WEST 152 STREET,10039,MN-10,40.827328,-73.938905,10,1,9,,,Preservation,2024-05-07
71206,MADISON AVE,2,54,27.0,12,2,1,47 EAST 130 STREET,10037,MN-11,40.808773,-73.938001,15,,,5,10,Preservation,2021-11-19
71206,MADISON AVE,2,54,27.0,22,16,,2071 MADISON AVENUE,10037,MN-11,40.809333,-73.938012,39,10,20,9,,Preservation,2021-11-19
65376,PARK VALLEY & SIMON BOLIVAR.YR15.FY23,4,97,24.2,15,50,3,981 COLUMBUS AVENUE,10025,MN-07,40.800684,-73.9618,68,8,12,45,3,Preservation,
65376,PARK VALLEY & SIMON BOLIVAR.YR15.FY23,4,97,24.2,1,2,,113 MANHATTAN AVENUE,10025,MN-07,40.797714,-73.962185,3,,3,,,Preservation,
65376,PARK VALLEY & SIMON BOLIVAR.YR15.FY23,4,97,24.2,7,9,,6 WEST 103 STREET,10025,MN-07,40.79629,-73.96189,16,,4,9,3,Preservation,
65376,PARK VALLEY & SIMON BOLIVAR.YR15.FY23,4,97,24.2,8,2,,8 WEST 103 STREET,10025,MN-07,40.796339,-73.962002,10,,4,5,1,Preservation,
74451,45TH STREET HOUSING PARTNERS LLC.PLP.FY25,4,80,20.0,8,10,1,357 WEST 45 STREET,10036,MN-04,40.759826,-73.989947,20,,10,10,,Preservation,
74451,45TH STREET HOUSING PARTNERS LLC.PLP.FY25,4,80,20.0,9,9,1,351 WEST 45 STREET,10036,MN-04,40.759774,-73.989828,20,,10,10,,Preservation,
74451,45TH STREET HOUSING PARTNERS LLC.PLP.FY25,4,80,20.0,4,14,2,353 WEST 45 STREET,10036,MN-04,40.759791,-73.989868,20,,10,10,,Preservation,
74451,45TH STREET HOUSING PARTNERS LLC.PLP.FY25,4,80,20.0,9,8,1,355 WEST 45 STREET,10036,MN-04,40.75981,-73.989907,20,,10,10,,Preservation,
52986,ESSIE  JEFFRIES APARTMENTS HDFC.HUDMF.FY18,3,65,21.7,20,3,1,1990 AMSTERDAM AVENUE,10032,MN-12,40.833829,-73.941339,25,,,15,5,Preservation,2022-06-10
52986,ESSIE  JEFFRIES APARTMENTS HDFC.HUDMF.FY18,3,65,21.7,6,11,3,531 WEST 160 STREET,10032,MN-12,40.83516,-73.941663,20,,,20,,Preservation,2022-06-22
52986,ESSIE  JEFFRIES APARTMENTS HDFC.HUDMF.FY18,3,65,21.7,4,14,2,547 WEST 160 STREET,10032,MN-12,40.835295,-73.941977,20,,,20,,Preservation,2022-06-27
73485,COALITION HOUSES YR15.FY24,3,40,13.3,9,2,3,166 WEST 77 STREET,10024,MN-07,40.781385,-73.978205,15,15,,,,Preservation,2024-04-30
73485,COALITION HOUSES YR15.FY24,3,40,13.3,11,3,,168 WEST 77 STREET,10024,MN-07,40.781401,-73.978248,14,12,2,,,Preservation,2024-04-30
73485,COALITION HOUSES YR15.FY24,3,40,13.3,7,3,1,170 WEST 77 STREET,10024,MN-07,40.781418,-73.978288,11,10,1,,,Preservation,2024-04-30
65254,CB WHCO PORTFOLIO.YR15.FY23,6,78,13.0,6,4,,202 ST NICHOLAS AVENUE,10027,MN-10,40.8069,-73.952857,10,,5,5,,Preservation,2024-12-17
65254,CB WHCO PORTFOLIO.YR15.FY23,6,78,13.0,5,12,,208 ST NICHOLAS AVENUE,10027,MN-10,40.807095,-73.952867,17,,,17,,Preservation,2024-12-26
65254,CB WHCO PORTFOLIO.YR15.FY23,6,78,13.0,,5,,102 WEST 114 STREET,10026,MN-10,40.800872,-73.951019,5,,,,5,Preservation,2024-10-22
65254,CB WHCO PORTFOLIO.YR15.FY23,6,78,13.0,3,6,1,104 WEST 114 STREET,10026,MN-10,40.800911,-73.951113,11,1,1,9,,Preservation,2024-10-22
65254,CB WHCO PORTFOLIO.YR15.FY23,6,78,13.0,3,15,2,83 WEST 115 STREET,10026,MN-10,40.801174,-73.949794,20,1,,16,3,Preservation,
65254,CB WHCO PORTFOLIO.YR15.FY23,6,78,13.0,10,5,,157 WEST 119 STREET,10026,MN-10,40.804618,-73.949817,15,1,14,,,Preservation,
65378,JENKINS PORTFOLIO COMPANIES LLC.YR15.FY19,16,197,12.3,,13,2,2550 ADAM C POWELL BOULEVARD,10039,MN-10,40.823298,-73.937879,15,1,4,5,5,Preservation,2021-03-09
65378,JENKINS PORTFOLIO COMPANIES LLC.YR15.FY19,16,197,12.3,4,6,3,2554 ADAM C POWELL BOULEVARD,10039,MN-10,40.823386,-73.937814,13,,,4,9,Preservation,2021-10-01
65378,JENKINS PORTFOLIO COMPANIES LLC.YR15.FY19,16,197,12.3,3,11,2,2566 ADAM C POWELL BOULEVARD,10039,MN-10,40.823809,-73.93751,16,2,6,4,4,Preservation,2021-10-01
65378,JENKINS PORTFOLIO COMPANIES LLC.YR15.FY19,16,197,12.3,1,8,1,2568 ADAM C POWELL BOULEVARD,10039,MN-10,40.823855,-73.937474,10,1,,9,,Preservation,2021-10-01
65378,JENKINS PORTFOLIO COMPANIES LLC.YR15.FY19,16,197,12.3,6,2,1,2574 ADAM C POWELL BOULEVARD,10039,MN-10,40.824001,-73.937369,9,1,,4,4,Preservation,2022-09-22
65378,JENKINS PORTFOLIO COMPANIES LLC.YR15.FY19,16,197,12.3,3,10,3,2496 FREDERICK DOUGLASS BOULEVARD,10030,MN-10,40.81547,-73.947283,16,,8,8,,Preservation,2021-10-01
65378,JENKINS PORTFOLIO COMPANIES LLC.YR15.FY19,16,197,12.3,,14,5,106 WEST 134 STREET,10030,MN-10,40.813645,-73.941866,20,,1,14,5,Preservation,2021-04-16
65378,JENKINS PORTFOLIO COMPANIES LLC.YR15.FY19,16,197,12.3,1,7,2,112 WEST 134 STREET,10030,MN-10,40.813724,-73.94205,10,,6,,4,Preservation,2021-03-09
65378,JENKINS PORTFOLIO COMPANIES LLC.YR15.FY19,16,197,12.3,,9,1,114 WEST 134 STREET,10030,MN-10,40.813749,-73.942115,10,,2,8,,Preservation,2021-02-23
65378,JENKINS PORTFOLIO COMPANIES LLC.YR15.FY19,16,197,12.3,1,9,,132 WEST 139 STREET,10030,MN-10,40.817396,-73.940779,10,,6,4,,Preservation,2021-02-23
65378,JENKINS PORTFOLIO COMPANIES LLC.YR15.FY19,16,197,12.3,1,7,2,134 WEST 139 STREET,10030,MN-10,40.817424,-73.940847,10,,6,4,,Preservation,2021-10-01
65378,JENKINS PORTFOLIO COMPANIES LLC.YR15.FY19,16,197,12.3,5,4,1,140 WEST 139 STREET,10030,MN-10,40.817586,-73.941234,10,,6,4,,Preservation,2021-02-18
65378,JENKINS PORTFOLIO COMPANIES LLC.YR15.FY19,16,197,12.3,,9,1,202 WEST 149 STREET,10039,MN-10,40.824407,-73.93777,10,,1,9,,Preservation,2021-02-17
65378,JENKINS PORTFOLIO COMPANIES LLC.YR15.FY19,16,197,12.3,,8,2,204 WEST 149 STREET,10039,MN-10,40.824424,-73.93781,10,1,1,8,,Preservation,2021-10-04
65378,JENKINS PORTFOLIO COMPANIES LLC.YR15.FY19,16,197,12.3,,9,,206 WEST 149 STREET,10039,MN-10,40.82444,-73.937849,10,1,1,8,,Preservation,2021-02-17
65378,JENKINS PORTFOLIO COMPANIES LLC.YR15.FY19,16,197,12.3,2,16,,216 WEST 149 STREET,10039,MN-10,40.824523,-73.938044,18,2,10,,6,Preservation,2021-10-01
68209,TMN1002-WEST HARLEM RENAISSANCE (INFINITE HORIZONS),5,122,24.4,,12,,1463 AMSTERDAM AVENUE,10027,MN-09,40.817086,-73.953547,12,8,,4,,Preservation,
68209,TMN1002-WEST HARLEM RENAISSANCE (INFINITE HORIZONS),5,122,24.4,14,,7,621 LENOX AVENUE,10037,MN-10,40.817996,-73.938032,21,,,11,10,Preservation,
68209,TMN1002-WEST HARLEM RENAISSANCE (INFINITE HORIZONS),5,122,24.4,4,15,17,103 WEST 141 STREET,10030,MN-10,40.818117,-73.938574,43,,18,1,24,Preservation,
68209,TMN1002-WEST HARLEM RENAISSANCE (INFINITE HORIZONS),5,122,24.4,5,5,12,121 WEST 144 STREET,10030,MN-10,40.820219,-73.937767,30,10,20,,,Preservation,
68209,TMN1002-WEST HARLEM RENAISSANCE (INFINITE HORIZONS),5,122,24.4,1,14,,533 WEST 145 STREET,10031,MN-09,40.825678,-73.948637,16,,3,13,,Preservation,
58658,LA CASA NUESTRA HDFC.YR15.FY17,5,42,8.4,6,3,,2334 1 AVENUE,10035,MN-11,40.79838,-73.933659,9,,,1,4,Preservation,
58658,LA CASA NUESTRA HDFC.YR15.FY17,5,42,8.4,4,4,,1411 5 AVENUE,10029,MN-11,40.800371,-73.946663,8,,1,,4,Preservation,
58658,LA CASA NUESTRA HDFC.YR15.FY17,5,42,8.4,6,2,,195 EAST 100 STREET,10029,MN-11,40.787902,-73.947789,8,,,1,,Preservation,
58658,LA CASA NUESTRA HDFC.YR15.FY17,5,42,8.4,2,5,,162 EAST 111 STREET,10029,MN-11,40.795209,-73.943435,7,,,6,,Preservation,
58658,LA CASA NUESTRA HDFC.YR15.FY17,5,42,8.4,4,6,,12 EAST 116 STREET,10029,MN-11,40.800329,-73.945684,10,,,1,1,Preservation,
76356,HP UWS LES HDFC.HPO.FY26,3,57,19.0,2,1,2,932 AMSTERDAM AVENUE,10025,MN-07,40.800271,-73.965846,13,,,7,6,Preservation,2025-11-20
76356,HP UWS LES HDFC.HPO.FY26,3,57,19.0,7,2,,934 AMSTERDAM AVENUE,10025,MN-07,40.80034,-73.965795,13,,,1,9,Preservation,2025-11-20
76356,HP UWS LES HDFC.HPO.FY26,3,57,19.0,7,8,2,15 WEST 107 STREET,10025,MN-07,40.798993,-73.960165,31,,2,5,12,Preservation,2025-11-20
52728,SCATTERED SITES LP.YR15.FY22,5,55,11.0,,,2,508 WEST 159 STREET,10032,MN-12,40.834304,-73.941595,2,1,,1,,Preservation,2023-05-23
52728,SCATTERED SITES LP.YR15.FY22,5,55,11.0,5,7,2,542 WEST 159 STREET,10032,MN-12,40.834614,-73.942332,15,,2,13,,Preservation,2023-05-23
52728,SCATTERED SITES LP.YR15.FY22,5,55,11.0,9,6,4,434 WEST 164 STREET,10032,MN-12,40.83678,-73.937791,20,,2,5,13,Preservation,2023-05-23
52728,SCATTERED SITES LP.YR15.FY22,5,55,11.0,2,7,5,453 WEST 164 STREET,10032,MN-12,40.836893,-73.938011,14,,9,4,1,Preservation,2023-05-23
52728,SCATTERED SITES LP.YR15.FY22,5,55,11.0,,4,,508 WEST 168 STREET,10032,MN-12,40.840049,-73.937361,4,,3,1,,Preservation,2023-05-23
75051,CATHEDRAL PARKWAY & MID-HARLEM.YR15.FY25,12,141,11.8,3,3,1,2246 ADAM C POWELL BOULEVARD,10027,MN-10,40.813547,-73.944998,8,,4,4,,Preservation,2024-12-18
75051,CATHEDRAL PARKWAY & MID-HARLEM.YR15.FY25,12,141,11.8,2,7,2,2423 ADAM C POWELL BOULEVARD,10030,MN-10,40.819375,-73.940716,11,1,,5,5,Preservation,2024-12-18
75051,CATHEDRAL PARKWAY & MID-HARLEM.YR15.FY25,12,141,11.8,1,2,3,2084 FREDERICK DOUGLASS BOULEVARD,10026,MN-10,40.802299,-73.956902,9,,,1,8,Preservation,2024-12-18
75051,CATHEDRAL PARKWAY & MID-HARLEM.YR15.FY25,12,141,11.8,1,9,2,212 WEST 111 STREET,10026,MN-10,40.800333,-73.955588,21,2,13,3,3,Preservation,2024-12-18
75051,CATHEDRAL PARKWAY & MID-HARLEM.YR15.FY25,12,141,11.8,2,8,3,216 WEST 111 STREET,10026,MN-10,40.800366,-73.955668,21,1,14,3,3,Preservation,2024-12-18
75051,CATHEDRAL PARKWAY & MID-HARLEM.YR15.FY25,12,141,11.8,,4,1,267 WEST 113 STREET,10026,MN-10,40.802087,-73.955811,12,,5,3,4,Preservation,2024-12-18
75051,CATHEDRAL PARKWAY & MID-HARLEM.YR15.FY25,12,141,11.8,1,4,3,280 WEST 113 STREET,10026,MN-10,40.802216,-73.956161,15,,10,4,1,Preservation,2024-12-18
75051,CATHEDRAL PARKWAY & MID-HARLEM.YR15.FY25,12,141,11.8,,2,1,225 WEST 115 STREET,10026,MN-10,40.803067,-73.954257,5,,,5,,Preservation,2024-12-18
75051,CATHEDRAL PARKWAY & MID-HARLEM.YR15.FY25,12,141,11.8,2,1,3,235 WEST 115 STREET,10026,MN-10,40.803284,-73.954759,10,,5,5,,Preservation,2024-12-18
75051,CATHEDRAL PARKWAY & MID-HARLEM.YR15.FY25,12,141,11.8,,1,1,231 WEST 134 STREET,10030,MN-10,40.815098,-73.945271,5,,2,3,,Preservation,2024-12-18
75051,CATHEDRAL PARKWAY & MID-HARLEM.YR15.FY25,12,141,11.8,,4,3,241 WEST 135 STREET,10030,MN-10,40.816194,-73.945787,10,1,5,4,,Preservation,2024-12-18
75051,CATHEDRAL PARKWAY & MID-HARLEM.YR15.FY25,12,141,11.8,3,6,2,67 WEST 137 STREET,10037,MN-10,40.814878,-73.938639,14,1,5,,8,Preservation,2024-12-18
60049,West 204 Street Project,3,83,27.7,7,9,9,436 WEST 204 STREET,10034,MN-12,40.862067,-73.919189,26,,11,10,5,Preservation,2018-07-03
60049,West 204 Street Project,3,83,27.7,6,11,8,428 WEST 204 STREET,10034,MN-12,40.862026,-73.919087,26,,11,10,5,Preservation,2018-07-03
60049,West 204 Street Project,3,83,27.7,2,14,10,432 WEST 204 STREET,10034,MN-12,40.862045,-73.919138,31,5,16,9,1,Preservation,2018-10-24
74487,MORNINGSIDE HEIGHTS II.HPO.FY25,9,214,23.8,2,2,1,929 AMSTERDAM AVENUE,10025,MN-07,40.80012,-73.965933,13,,,6,7,Preservation,
74487,MORNINGSIDE HEIGHTS II.HPO.FY25,9,214,23.8,3,1,1,931 AMSTERDAM AVENUE,10025,MN-07,40.800175,-73.965893,13,,,3,10,Preservation,
74487,MORNINGSIDE HEIGHTS II.HPO.FY25,9,214,23.8,1,7,8,933 AMSTERDAM AVENUE,10025,MN-07,40.800227,-73.965853,28,,14,6,5,Preservation,
74487,MORNINGSIDE HEIGHTS II.HPO.FY25,9,214,23.8,5,5,,965 AMSTERDAM AVENUE,10025,MN-07,40.8013,-73.965065,28,,,14,12,Preservation,
74487,MORNINGSIDE HEIGHTS II.HPO.FY25,9,214,23.8,1,2,1,969 AMSTERDAM AVENUE,10025,MN-07,40.801399,-73.964993,12,,,7,5,Preservation,
74487,MORNINGSIDE HEIGHTS II.HPO.FY25,9,214,23.8,1,1,1,971 AMSTERDAM AVENUE,10025,MN-07,40.801445,-73.96496,9,,,1,6,Preservation,
74487,MORNINGSIDE HEIGHTS II.HPO.FY25,9,214,23.8,,6,1,165 MANHATTAN AVENUE,10025,MN-07,40.799616,-73.96079,23,,10,12,,Preservation,
74487,MORNINGSIDE HEIGHTS II.HPO.FY25,9,214,23.8,1,22,1,120 WEST 105 STREET,10025,MN-07,40.798821,-73.96399,62,,13,27,11,Preservation,
74487,MORNINGSIDE HEIGHTS II.HPO.FY25,9,214,23.8,,2,,169 MANHATTAN AVENUE,10025,MN-07,40.799679,-73.960743,26,,7,5,10,Preservation,
67428,NUEVA ERA APARTMENTS,2,34,17.0,,,5,287 AUDUBON AVENUE,10033,MN-12,40.847724,-73.933067,17,5,2,7,3,Preservation,2018-10-22
67428,NUEVA ERA APARTMENTS,2,34,17.0,14,1,1,289 AUDUBON AVENUE,10033,MN-12,40.847779,-73.933028,17,4,3,7,2,Preservation,2018-10-22
67035,LAS RAICES,4,78,19.5,8,21,17,1761 PARK AVENUE,10035,MN-11,40.803258,-73.940329,47,10,22,15,,New Construction,
67035,LAS RAICES,4,78,19.5,2,8,8,507 EAST 118 STREET,10035,MN-11,40.796273,-73.931978,18,5,6,4,3,New Construction,
67035,LAS RAICES,4,78,19.5,1,4,2,338 EAST 117 STREET,10035,MN-11,40.797165,-73.93608,7,1,4,,2,New Construction,
67035,LAS RAICES,4,78,19.5,1,4,1,303 EAST 102 STREET,10029,MN-11,40.788016,-73.944199,6,4,,2,,New Construction,
74488,MORNINGSIDE HEIGHTS III. HPO.FY25,5,70,14.0,4,1,1,106 WEST 105 STREET,10025,MN-07,40.798689,-73.963676,19,,,1,5,Preservation,
74488,MORNINGSIDE HEIGHTS III. HPO.FY25,5,70,14.0,,1,1,123 WEST 106 STREET,10025,MN-07,40.799634,-73.963784,10,,,3,4,Preservation,
74488,MORNINGSIDE HEIGHTS III. HPO.FY25,5,70,14.0,,2,1,125 WEST 106 STREET,10025,MN-07,40.799661,-73.963849,10,,,4,4,Preservation,
74488,MORNINGSIDE HEIGHTS III. HPO.FY25,5,70,14.0,,1,2,127 WEST 106 STREET,10025,MN-07,40.799688,-73.96391,10,,,5,2,Preservation,
74488,MORNINGSIDE HEIGHTS III. HPO.FY25,5,70,14.0,7,2,1,203 WEST 108 STREET,10025,MN-07,40.801904,-73.965123,21,1,,3,12,Preservation,
65358,WEST 135TH ST. CLUSTER.YR15.FY21,8,110,13.8,,6,3,1453 AMSTERDAM AVENUE,10027,MN-09,40.816754,-73.953789,9,,,9,,Preservation,2021-06-30
65358,WEST 135TH ST. CLUSTER.YR15.FY21,8,110,13.8,,6,2,1732 AMSTERDAM AVENUE,10031,MN-09,40.825691,-73.947282,8,4,,4,,Preservation,2021-06-30
65358,WEST 135TH ST. CLUSTER.YR15.FY21,8,110,13.8,,7,1,1747 AMSTERDAM AVENUE,10031,MN-09,40.826188,-73.946895,9,1,4,,4,Preservation,2021-06-30
65358,WEST 135TH ST. CLUSTER.YR15.FY21,8,110,13.8,1,10,3,507 WEST 135 STREET,10031,MN-09,40.819169,-73.952729,15,1,5,8,1,Preservation,2021-06-30
65358,WEST 135TH ST. CLUSTER.YR15.FY21,8,110,13.8,1,13,1,509 WEST 135 STREET,10031,MN-09,40.819186,-73.952768,15,1,5,8,1,Preservation,2021-06-30
65358,WEST 135TH ST. CLUSTER.YR15.FY21,8,110,13.8,2,9,4,529 WEST 135 STREET,10031,MN-09,40.819342,-73.953162,16,1,6,9,,Preservation,2021-06-30
65358,WEST 135TH ST. CLUSTER.YR15.FY21,8,110,13.8,7,7,5,625 WEST 135 STREET,10031,MN-09,40.820474,-73.955936,20,1,,14,5,Preservation,2021-06-30
65358,WEST 135TH ST. CLUSTER.YR15.FY21,8,110,13.8,,14,2,510 WEST 136 STREET,10031,MN-09,40.820004,-73.952786,18,2,10,,6,Preservation,2021-06-30
69484,HP WEST 49TH STREET PORTFOLIO HDFC.HPO.FY21,14,273,19.5,,6,1,308 WEST 49 STREET,10019,MN-04,40.761923,-73.987203,20,,8,6,1,Preservation,2021-08-20
69484,HP WEST 49TH STREET PORTFOLIO HDFC.HPO.FY21,14,273,19.5,,7,1,310 WEST 49 STREET,10019,MN-04,40.761951,-73.987275,20,,3,10,1,Preservation,2021-08-20
69484,HP WEST 49TH STREET PORTFOLIO HDFC.HPO.FY21,14,273,19.5,2,2,1,318 WEST 49 STREET,10019,MN-04,40.762069,-73.987553,20,,7,9,,Preservation,2021-08-20
69484,HP WEST 49TH STREET PORTFOLIO HDFC.HPO.FY21,14,273,19.5,,1,,320 WEST 49 STREET,10019,MN-04,40.762099,-73.987626,21,,4,9,,Preservation,2021-08-20
69484,HP WEST 49TH STREET PORTFOLIO HDFC.HPO.FY21,14,273,19.5,3,1,,322 WEST 49 STREET,10019,MN-04,40.762129,-73.987694,17,,6,9,,Preservation,2021-08-20
69484,HP WEST 49TH STREET PORTFOLIO HDFC.HPO.FY21,14,273,19.5,1,3,,324 WEST 49 STREET,10019,MN-04,40.762159,-73.987763,18,,9,7,,Preservation,2021-08-20
69484,HP WEST 49TH STREET PORTFOLIO HDFC.HPO.FY21,14,273,19.5,,2,,326 WEST 49 STREET,10019,MN-04,40.762187,-73.987835,20,,3,11,1,Preservation,2021-08-20
69484,HP WEST 49TH STREET PORTFOLIO HDFC.HPO.FY21,14,273,19.5,1,3,2,328 WEST 49 STREET,10019,MN-04,40.762217,-73.987903,20,,3,9,,Preservation,2021-08-20
69484,HP WEST 49TH STREET PORTFOLIO HDFC.HPO.FY21,14,273,19.5,1,3,2,330 WEST 49 STREET,10019,MN-04,40.762247,-73.987972,20,,7,8,,Preservation,2021-08-20
69484,HP WEST 49TH STREET PORTFOLIO HDFC.HPO.FY21,14,273,19.5,1,2,2,332 WEST 49 STREET,10019,MN-04,40.762277,-73.988044,20,,7,9,,Preservation,2021-08-20
69484,HP WEST 49TH STREET PORTFOLIO HDFC.HPO.FY21,14,273,19.5,,2,4,334 WEST 49 STREET,10019,MN-04,40.762305,-73.988113,20,,7,4,,Preservation,2021-08-20
69484,HP WEST 49TH STREET PORTFOLIO HDFC.HPO.FY21,14,273,19.5,,2,4,336 WEST 49 STREET,10019,MN-04,40.762335,-73.988181,20,,11,6,,Preservation,2021-08-20
69484,HP WEST 49TH STREET PORTFOLIO HDFC.HPO.FY21,14,273,19.5,2,1,2,338 WEST 49 STREET,10019,MN-04,40.762365,-73.988254,20,,7,8,1,Preservation,2021-08-20
69484,HP WEST 49TH STREET PORTFOLIO HDFC.HPO.FY21,14,273,19.5,,1,1,340 WEST 49 STREET,10019,MN-04,40.762393,-73.988322,17,,2,6,,Preservation,2021-08-20
74278,MET COUNCIL PORTFOLIO.HRP.FY26,7,174,24.9,1,16,2,141 EAST 23 STREET,10010,MN-06,40.739361,-73.984368,19,1,18,,,Preservation,
74278,MET COUNCIL PORTFOLIO.HRP.FY26,7,174,24.9,7,42,3,351 EAST 61 STREET,10065,MN-08,40.761204,-73.961859,53,14,34,5,,Preservation,
74278,MET COUNCIL PORTFOLIO.HRP.FY26,7,174,24.9,,39,1,171 LEXINGTON AVENUE,10016,MN-06,40.744241,-73.981285,41,19,19,3,,Preservation,
74278,MET COUNCIL PORTFOLIO.HRP.FY26,7,174,24.9,,12,,351 EAST 54 STREET,10022,MN-06,40.756882,-73.965493,12,12,,,,Preservation,
74278,MET COUNCIL PORTFOLIO.HRP.FY26,7,174,24.9,1,22,,334 EAST 92 STREET,10128,MN-08,40.78129,-73.948036,23,1,22,,,Preservation,
74278,MET COUNCIL PORTFOLIO.HRP.FY26,7,174,24.9,1,11,,231 EAST 77 STREET,10075,MN-08,40.772629,-73.957434,12,1,11,,,Preservation,
74278,MET COUNCIL PORTFOLIO.HRP.FY26,7,174,24.9,,14,,332 EAST 22 STREET,10010,MN-06,40.736835,-73.980489,14,1,13,,,Preservation,
61877,464-68 W 51 ST HDFC.GHPP.FY19,2,11,5.5,3,,,748 10 AVENUE,10019,MN-04,40.765212,-73.99139,3,,,,3,Preservation,2023-07-24
61877,464-68 W 51 ST HDFC.GHPP.FY19,2,11,5.5,7,,1,464 WEST 51 STREET,10019,MN-04,40.764833,-73.990224,8,,7,1,,Preservation,2023-07-24
65373,MMN1801- UPTOWN 6,6,82,13.7,2,9,1,45 ST NICHOLAS AVENUE,10026,MN-10,40.800206,-73.952489,12,,,,12,Preservation,2021-07-20
65373,MMN1801- UPTOWN 6,6,82,13.7,1,6,3,281 WEST 118 STREET,10026,MN-10,40.805446,-73.953728,10,1,1,8,,Preservation,2021-04-21
65373,MMN1801- UPTOWN 6,6,82,13.7,2,6,2,30 WEST 132 STREET,10037,MN-10,40.811316,-73.940145,10,,,,,Preservation,2019-12-31
65373,MMN1801- UPTOWN 6,6,82,13.7,2,7,1,118 WEST 139 STREET,10030,MN-10,40.817195,-73.940298,10,,,,10,Preservation,2020-07-01
65373,MMN1801- UPTOWN 6,6,82,13.7,1,5,13,120 WEST 139 STREET,10030,MN-10,40.817226,-73.940367,20,10,,10,,Preservation,2019-09-06
65373,MMN1801- UPTOWN 6,6,82,13.7,,8,12,122 WEST 139 STREET,10030,MN-10,40.817253,-73.940436,20,10,,10,,Preservation,2019-12-31
58891,HOPE EAST OF FIFTH HDFC INC.YR15.FY17,40,506,12.7,,2,10,2158 2 AVENUE,10029,MN-11,40.79367,-73.9402,13,8,,5,,Preservation,2018-03-30
58891,HOPE EAST OF FIFTH HDFC INC.YR15.FY17,40,506,12.7,,2,1,2161 2 AVENUE,10029,MN-11,40.793961,-73.940012,4,,1,1,2,Preservation,2018-12-31
58891,HOPE EAST OF FIFTH HDFC INC.YR15.FY17,40,506,12.7,,1,2,2164 2 AVENUE,10029,MN-11,40.793978,-73.939976,3,,,,3,Preservation,2018-08-31
58891,HOPE EAST OF FIFTH HDFC INC.YR15.FY17,40,506,12.7,,6,3,2284 2 AVENUE,10035,MN-11,40.797868,-73.937134,9,4,1,4,,Preservation,2018-09-30
58891,HOPE EAST OF FIFTH HDFC INC.YR15.FY17,40,506,12.7,,8,2,2291 1/2 2 AVENUE,10035,MN-11,40.797997,-73.937061,11,,1,10,,Preservation,2018-08-31
58891,HOPE EAST OF FIFTH HDFC INC.YR15.FY17,40,506,12.7,,3,,2330 2 AVENUE,10035,MN-11,40.799191,-73.936165,3,,,3,,Preservation,2018-08-31
58891,HOPE EAST OF FIFTH HDFC INC.YR15.FY17,40,506,12.7,,7,2,2349 2 AVENUE,10035,MN-11,40.799767,-73.935741,9,1,4,4,,Preservation,2018-12-31
58891,HOPE EAST OF FIFTH HDFC INC.YR15.FY17,40,506,12.7,,4,1,162 EAST 105 STREET,10029,MN-11,40.791305,-73.946161,5,2,1,2,,Preservation,2018-10-31
58891,HOPE EAST OF FIFTH HDFC INC.YR15.FY17,40,506,12.7,1,14,9,11 EAST 109 STREET,10029,MN-11,40.79587,-73.948848,24,7,17,,,Preservation,2018-08-31
58891,HOPE EAST OF FIFTH HDFC INC.YR15.FY17,40,506,12.7,1,12,9,15 EAST 109 STREET,10029,MN-11,40.795832,-73.948758,24,7,17,,,Preservation,2018-08-31
58891,HOPE EAST OF FIFTH HDFC INC.YR15.FY17,40,506,12.7,,3,7,16 EAST 109 STREET,10029,MN-11,40.795818,-73.948769,10,,,10,,Preservation,2018-11-30
58891,HOPE EAST OF FIFTH HDFC INC.YR15.FY17,40,506,12.7,,6,4,18 EAST 109 STREET,10029,MN-11,40.795799,-73.948726,10,1,,9,,Preservation,2018-11-30
58891,HOPE EAST OF FIFTH HDFC INC.YR15.FY17,40,506,12.7,4,8,3,22 EAST 109 STREET,10029,MN-11,40.79576,-73.948635,15,,6,4,5,Preservation,2018-08-31
58891,HOPE EAST OF FIFTH HDFC INC.YR15.FY17,40,506,12.7,,8,7,24 EAST 109 STREET,10029,MN-11,40.795741,-73.948592,15,,6,8,1,Preservation,2018-10-31
58891,HOPE EAST OF FIFTH HDFC INC.YR15.FY17,40,506,12.7,,7,7,26 EAST 109 STREET,10029,MN-11,40.795722,-73.948545,14,4,,10,,Preservation,2018-08-31
58891,HOPE EAST OF FIFTH HDFC INC.YR15.FY17,40,506,12.7,,31,28,18 EAST 110 STREET,10029,MN-11,40.796435,-73.948274,60,14,25,16,5,Preservation,2018-10-31
58891,HOPE EAST OF FIFTH HDFC INC.YR15.FY17,40,506,12.7,,7,1,212 EAST 111 STREET,10029,MN-11,40.794528,-73.941825,8,1,7,,,Preservation,2018-01-31
58891,HOPE EAST OF FIFTH HDFC INC.YR15.FY17,40,506,12.7,,6,2,307 EAST 111 STREET,10029,MN-11,40.793651,-73.939684,8,1,7,,,Preservation,2018-11-30
58891,HOPE EAST OF FIFTH HDFC INC.YR15.FY17,40,506,12.7,,6,8,334 EAST 112 STREET,10029,MN-11,40.793883,-73.938257,14,10,,,4,Preservation,2018-05-31
58891,HOPE EAST OF FIFTH HDFC INC.YR15.FY17,40,506,12.7,,10,8,344 EAST 112 STREET,10029,MN-11,40.793746,-73.937929,18,7,5,,6,Preservation,2018-05-31
58891,HOPE EAST OF FIFTH HDFC INC.YR15.FY17,40,506,12.7,,16,14,415 EAST 115 STREET,10029,MN-11,40.795087,-73.935341,30,13,3,11,3,Preservation,2018-08-31
58891,HOPE EAST OF FIFTH HDFC INC.YR15.FY17,40,506,12.7,,5,3,422 EAST 115 STREET,10029,MN-11,40.795018,-73.935222,8,4,1,3,,Preservation,2018-10-31
58891,HOPE EAST OF FIFTH HDFC INC.YR15.FY17,40,506,12.7,,15,3,423 EAST 115 STREET,10029,MN-11,40.795032,-73.935211,18,12,,6,,Preservation,2018-09-30
58891,HOPE EAST OF FIFTH HDFC INC.YR15.FY17,40,506,12.7,,13,10,426 EAST 115 STREET,10029,MN-11,40.794991,-73.935157,24,,6,18,,Preservation,2018-12-31
58891,HOPE EAST OF FIFTH HDFC INC.YR15.FY17,40,506,12.7,,11,13,429 EAST 115 STREET,10029,MN-11,40.794993,-73.935114,24,7,,17,,Preservation,2018-08-31
58891,HOPE EAST OF FIFTH HDFC INC.YR15.FY17,40,506,12.7,,1,2,161 EAST 116 STREET,10029,MN-11,40.798375,-73.941016,3,,3,,,Preservation,2018-09-30
58891,HOPE EAST OF FIFTH HDFC INC.YR15.FY17,40,506,12.7,,7,2,316 EAST 116 STREET,10029,MN-11,40.796713,-73.937102,9,3,,6,,Preservation,2018-11-30
58891,HOPE EAST OF FIFTH HDFC INC.YR15.FY17,40,506,12.7,,9,1,112 EAST 117 STREET,10035,MN-11,40.799718,-73.942134,10,1,9,,,Preservation,2018-05-31
58891,HOPE EAST OF FIFTH HDFC INC.YR15.FY17,40,506,12.7,,4,1,120 EAST 117 STREET,10035,MN-11,40.799644,-73.941961,5,,,5,,Preservation,2018-05-31
58891,HOPE EAST OF FIFTH HDFC INC.YR15.FY17,40,506,12.7,,4,,140 EAST 117 STREET,10035,MN-11,40.79946,-73.941528,4,1,3,,,Preservation,2018-05-31
58891,HOPE EAST OF FIFTH HDFC INC.YR15.FY17,40,506,12.7,,3,,155 EAST 117 STREET,10035,MN-11,40.799105,-73.94064,3,,2,,1,Preservation,2018-05-31
58891,HOPE EAST OF FIFTH HDFC INC.YR15.FY17,40,506,12.7,1,3,10,212 EAST 117 STREET,10035,MN-11,40.798396,-73.938997,14,,3,1,8,Preservation,2018-01-31
58891,HOPE EAST OF FIFTH HDFC INC.YR15.FY17,40,506,12.7,,10,3,210 EAST 119 STREET,10035,MN-11,40.799672,-73.938093,13,8,4,1,,Preservation,2018-11-30
58891,HOPE EAST OF FIFTH HDFC INC.YR15.FY17,40,506,12.7,,4,,224 EAST 122 STREET,10035,MN-11,40.801455,-73.936513,4,,,4,,Preservation,2018-11-30
58891,HOPE EAST OF FIFTH HDFC INC.YR15.FY17,40,506,12.7,,12,5,129 EAST 123 STREET,10035,MN-11,40.803287,-73.938859,18,6,1,11,,Preservation,2018-08-31
58891,HOPE EAST OF FIFTH HDFC INC.YR15.FY17,40,506,12.7,,,8,154 EAST 124 STREET,10035,MN-11,40.803503,-73.937468,8,8,,,,Preservation,2018-08-31
58891,HOPE EAST OF FIFTH HDFC INC.YR15.FY17,40,506,12.7,,,4,156 EAST 124 STREET,10035,MN-11,40.803484,-73.937428,4,,4,,,Preservation,2018-10-31
58891,HOPE EAST OF FIFTH HDFC INC.YR15.FY17,40,506,12.7,,5,1,1691 LEXINGTON AVENUE,10029,MN-11,40.792397,-73.946157,6,1,5,,,Preservation,2018-10-31
58891,HOPE EAST OF FIFTH HDFC INC.YR15.FY17,40,506,12.7,1,13,2,2026 LEXINGTON AVENUE,10035,MN-11,40.803259,-73.938248,16,,4,12,,Preservation,2018-12-31
58891,HOPE EAST OF FIFTH HDFC INC.YR15.FY17,40,506,12.7,,6,2,1618 MADISON AVENUE,10029,MN-11,40.795008,-73.948495,8,,,4,4,Preservation,2018-09-30
67746,WILLIAM R ANDERSON HDFC.GHPP.FY21,2,32,16.0,4,5,,1638 AMSTERDAM AVENUE,10031,MN-09,40.822599,-73.949543,9,,,,9,Preservation,
67746,WILLIAM R ANDERSON HDFC.GHPP.FY21,2,32,16.0,3,13,6,93 HAMILTON PLACE,10031,MN-09,40.823225,-73.950305,23,,6,5,11,Preservation,
68107,HP ACP HDFC.HPO.FY19 (BLACK SPRUCE),17,224,13.2,,3,8,2232 ADAM C POWELL BOULEVARD,10027,MN-10,40.813095,-73.945331,24,,,24,,Preservation,2019-06-13
68107,HP ACP HDFC.HPO.FY19 (BLACK SPRUCE),17,224,13.2,,2,2,2247 ADAM C POWELL BOULEVARD,10027,MN-10,40.813539,-73.94498,16,4,4,4,4,Preservation,2019-06-13
68107,HP ACP HDFC.HPO.FY19 (BLACK SPRUCE),17,224,13.2,,3,,2251 ADAM C POWELL BOULEVARD,10027,MN-10,40.813663,-73.94489,9,,9,,,Preservation,2019-06-13
68107,HP ACP HDFC.HPO.FY19 (BLACK SPRUCE),17,224,13.2,,5,1,2252 ADAM C POWELL BOULEVARD,10027,MN-10,40.813734,-73.944861,9,,,9,,Preservation,2019-06-13
68107,HP ACP HDFC.HPO.FY19 (BLACK SPRUCE),17,224,13.2,,2,1,2253 ADAM C POWELL BOULEVARD,10027,MN-10,40.813726,-73.944843,10,,2,8,,Preservation,2019-06-13
68107,HP ACP HDFC.HPO.FY19 (BLACK SPRUCE),17,224,13.2,,3,2,2254 ADAM C POWELL BOULEVARD,10027,MN-10,40.813797,-73.944817,9,,,9,,Preservation,2019-06-13
68107,HP ACP HDFC.HPO.FY19 (BLACK SPRUCE),17,224,13.2,,4,,2256 ADAM C POWELL BOULEVARD,10027,MN-10,40.813857,-73.94477,8,,,8,,Preservation,2019-06-13
68107,HP ACP HDFC.HPO.FY19 (BLACK SPRUCE),17,224,13.2,,,4,2258 ADAM C POWELL BOULEVARD,10027,MN-10,40.81392,-73.944727,9,,,,9,Preservation,2019-06-13
68107,HP ACP HDFC.HPO.FY19 (BLACK SPRUCE),17,224,13.2,,4,,2300 ADAM C POWELL BOULEVARD,10030,MN-10,40.81541,-73.943635,9,1,,2,6,Preservation,2019-06-13
68107,HP ACP HDFC.HPO.FY19 (BLACK SPRUCE),17,224,13.2,,5,,2302 ADAM C POWELL BOULEVARD,10030,MN-10,40.815462,-73.943598,8,,1,,7,Preservation,2019-06-13
68107,HP ACP HDFC.HPO.FY19 (BLACK SPRUCE),17,224,13.2,,1,1,2304 ADAM C POWELL BOULEVARD,10030,MN-10,40.815515,-73.943559,10,,2,4,4,Preservation,2019-06-13
68107,HP ACP HDFC.HPO.FY19 (BLACK SPRUCE),17,224,13.2,,1,1,2306 ADAM C POWELL BOULEVARD,10030,MN-10,40.815567,-73.943522,10,,2,7,1,Preservation,2019-06-13
68107,HP ACP HDFC.HPO.FY19 (BLACK SPRUCE),17,224,13.2,,3,2,2308 ADAM C POWELL BOULEVARD,10030,MN-10,40.815619,-73.943483,16,,12,4,,Preservation,2019-06-13
68107,HP ACP HDFC.HPO.FY19 (BLACK SPRUCE),17,224,13.2,2,1,,2310 ADAM C POWELL BOULEVARD,10030,MN-10,40.815671,-73.943446,10,,3,1,4,Preservation,2019-06-13
68107,HP ACP HDFC.HPO.FY19 (BLACK SPRUCE),17,224,13.2,5,,,2484 ADAM C POWELL BOULEVARD,10030,MN-10,40.821213,-73.939399,23,,,15,8,Preservation,2019-06-13
68107,HP ACP HDFC.HPO.FY19 (BLACK SPRUCE),17,224,13.2,,9,5,204 WEST 133 STREET,10030,MN-10,40.814217,-73.94516,22,1,9,12,,Preservation,2019-06-13
68107,HP ACP HDFC.HPO.FY19 (BLACK SPRUCE),17,224,13.2,,4,3,206 WEST 133 STREET,10030,MN-10,40.814236,-73.945203,22,2,8,12,,Preservation,2019-06-13
58887,EAST CHINATOWN HDFC,2,54,27.0,4,11,13,176 ELDRIDGE STREET,10002,MN-03,40.720406,-73.990804,29,6,13,10,,Preservation,2017-06-22
58887,EAST CHINATOWN HDFC,2,54,27.0,1,14,10,180 ELDRIDGE STREET,10002,MN-03,40.720538,-73.990736,25,6,8,11,,Preservation,2017-06-22
67033,CENTRAL HARLEM NCP 1,4,34,8.5,,,7,109 WEST 126 STREET,10027,MN-10,40.808714,-73.945609,7,7,,,,New Construction,
67033,CENTRAL HARLEM NCP 1,4,34,8.5,,,7,313 WEST 112 STREET,10026,MN-10,40.802008,-73.957574,7,7,,,,New Construction,
67033,CENTRAL HARLEM NCP 1,4,34,8.5,2,6,2,136 WEST 137 STREET,10030,MN-10,40.815884,-73.941076,10,,9,,1,New Construction,
67033,CENTRAL HARLEM NCP 1,4,34,8.5,2,6,2,142 WEST 129 STREET,10027,MN-10,40.810937,-73.945127,10,,9,,1,New Construction,
73166,PARADISE MANAGEMENT CLUSTER 2.HPO.FY23,5,105,21.0,,7,4,609 WEST 135 STREET,10031,MN-09,40.820362,-73.955672,21,,7,9,5,Preservation,2024-06-05
73166,PARADISE MANAGEMENT CLUSTER 2.HPO.FY23,5,105,21.0,,11,2,611 WEST 135 STREET,10031,MN-09,40.820375,-73.955705,21,,8,8,5,Preservation,2024-06-05
73166,PARADISE MANAGEMENT CLUSTER 2.HPO.FY23,5,105,21.0,,8,5,615 WEST 135 STREET,10031,MN-09,40.820403,-73.95577,21,,7,10,4,Preservation,2024-06-05
73166,PARADISE MANAGEMENT CLUSTER 2.HPO.FY23,5,105,21.0,1,7,3,617 WEST 135 STREET,10031,MN-09,40.820419,-73.955806,21,,7,7,7,Preservation,2024-06-05
73166,PARADISE MANAGEMENT CLUSTER 2.HPO.FY23,5,105,21.0,1,7,3,619 WEST 135 STREET,10031,MN-09,40.820433,-73.955839,21,,7,7,7,Preservation,2024-06-05
59637,VICTOR SANCHEZ HDFC.HRP.FY17,2,42,21.0,,8,10,405 WEST 127 STREET,10027,MN-09,40.812854,-73.953492,18,,2,10,6,Preservation,2018-10-09
59637,VICTOR SANCHEZ HDFC.HRP.FY17,2,42,21.0,2,15,6,409 WEST 127 STREET,10027,MN-09,40.812879,-73.953553,24,1,6,11,,Preservation,2018-10-09
50223,CENTRAL HARLEM HDFC&270 ROCHESTER AVEHDFC,4,77,19.2,,2,18,2480 ADAM C POWELL BOULEVARD,10030,MN-10,40.821117,-73.939468,20,,,5,10,Preservation,2018-10-17
50223,CENTRAL HARLEM HDFC&270 ROCHESTER AVEHDFC,4,77,19.2,1,4,10,261 WEST 116 STREET,10026,MN-10,40.804275,-73.955,16,,,4,12,Preservation,2018-10-17
50223,CENTRAL HARLEM HDFC&270 ROCHESTER AVEHDFC,4,77,19.2,,7,18,234 BRADHURST AVENUE,10039,MN-10,40.828745,-73.939052,25,,1,14,10,Preservation,2018-10-17
50223,CENTRAL HARLEM HDFC&270 ROCHESTER AVEHDFC,4,77,19.2,1,7,7,377 EDGECOMBE AVENUE,10031,MN-09,40.827955,-73.940722,16,,,3,5,Preservation,2018-10-17
69817,HCCI HP PLAZA HDFC.YR15.FY21,9,117,13.0,,6,4,2796 FREDERICK DOUGLASS BOULEVARD,10039,MN-10,40.825108,-73.940244,11,5,,6,,Preservation,2025-07-31
69817,HCCI HP PLAZA HDFC.YR15.FY21,9,117,13.0,,5,3,2799 FREDERICK DOUGLASS BOULEVARD,10039,MN-10,40.825226,-73.940179,9,5,,,4,Preservation,2025-07-31
69817,HCCI HP PLAZA HDFC.YR15.FY21,9,117,13.0,,3,5,2801 FREDERICK DOUGLASS BOULEVARD,10039,MN-10,40.82529,-73.940132,9,,,5,4,Preservation,2025-07-31
69817,HCCI HP PLAZA HDFC.YR15.FY21,9,117,13.0,1,4,3,302 WEST 148 STREET,10039,MN-10,40.824818,-73.940682,10,1,5,4,,Preservation,2025-07-31
69817,HCCI HP PLAZA HDFC.YR15.FY21,9,117,13.0,,3,5,304 WEST 148 STREET,10039,MN-10,40.824823,-73.940696,10,1,5,4,,Preservation,2025-07-31
69817,HCCI HP PLAZA HDFC.YR15.FY21,9,117,13.0,,5,4,302 WEST 149 STREET,10039,MN-10,40.82546,-73.940266,10,1,1,8,,Preservation,2025-07-31
69817,HCCI HP PLAZA HDFC.YR15.FY21,9,117,13.0,,12,9,304 WEST 149 STREET,10039,MN-10,40.825482,-73.940324,24,,2,22,,Preservation,2025-07-31
69817,HCCI HP PLAZA HDFC.YR15.FY21,9,117,13.0,,12,8,305 WEST 149 STREET,10039,MN-10,40.825498,-73.940313,24,3,10,10,1,Preservation,2025-07-31
69817,HCCI HP PLAZA HDFC.YR15.FY21,9,117,13.0,,5,4,310 WEST 148 STREET,10039,MN-10,40.824842,-73.94074,10,,2,8,,Preservation,2025-07-31
68585,WEST 135TH STREET APARTMENTS,10,198,19.8,,7,11,107 WEST 135 STREET,10030,MN-10,40.814331,-73.941367,18,1,1,10,6,Preservation,2022-11-23
68585,WEST 135TH STREET APARTMENTS,10,198,19.8,,6,12,111 WEST 135 STREET,10030,MN-10,40.814383,-73.941493,18,1,1,10,6,Preservation,2022-11-23
68585,WEST 135TH STREET APARTMENTS,10,198,19.8,,4,14,115 WEST 135 STREET,10030,MN-10,40.814438,-73.941616,18,1,1,10,6,Preservation,2022-11-23
68585,WEST 135TH STREET APARTMENTS,10,198,19.8,,5,19,119 WEST 135 STREET,10030,MN-10,40.81449,-73.941742,24,1,13,10,,Preservation,2022-11-23
68585,WEST 135TH STREET APARTMENTS,10,198,19.8,,4,18,123 WEST 135 STREET,10030,MN-10,40.814545,-73.941869,22,,12,10,,Preservation,2022-11-23
68585,WEST 135TH STREET APARTMENTS,10,198,19.8,,2,20,127 WEST 135 STREET,10030,MN-10,40.814597,-73.941995,22,,12,10,,Preservation,2022-11-23
68585,WEST 135TH STREET APARTMENTS,10,198,19.8,1,3,18,131 WEST 135 STREET,10030,MN-10,40.814649,-73.942121,22,,12,9,,Preservation,2022-11-23
68585,WEST 135TH STREET APARTMENTS,10,198,19.8,,1,17,135 WEST 135 STREET,10030,MN-10,40.814704,-73.942248,18,1,1,10,6,Preservation,2022-11-23
68585,WEST 135TH STREET APARTMENTS,10,198,19.8,,1,17,139 WEST 135 STREET,10030,MN-10,40.814756,-73.942371,18,1,1,10,6,Preservation,2022-11-23
68585,WEST 135TH STREET APARTMENTS,10,198,19.8,,2,16,143 WEST 135 STREET,10030,MN-10,40.814938,-73.9428,18,1,1,10,6,Preservation,2022-11-23
66573,HP 451 EAST 116TH STREET HDFC. HPO.FY19,2,53,26.5,1,1,15,451 EAST 116 STREET,10029,MN-11,40.79525,-73.933601,28,,12,16,,Preservation,2019-04-04
66573,HP 451 EAST 116TH STREET HDFC. HPO.FY19,2,53,26.5,,3,10,301 PLEASANT AVENUE,10035,MN-11,40.795105,-73.933131,25,,,15,10,Preservation,2019-04-04
66805,TRIPLE HDFC.HPO.FY19,3,69,23.0,,,8,2232 1 AVENUE,10029,MN-11,40.794966,-73.936151,8,,,8,,Preservation,2019-10-11
66805,TRIPLE HDFC.HPO.FY19,3,69,23.0,1,,12,2295 1 AVENUE,10035,MN-11,40.797408,-73.934393,13,,,13,,Preservation,2019-08-26
66805,TRIPLE HDFC.HPO.FY19,3,69,23.0,,,35,235 EAST 105 STREET,10029,MN-11,40.79053,-73.944284,48,3,22,23,,Preservation,2019-10-11
51143,Edward Dozier HDFC,3,58,19.3,,10,8,1488 AMSTERDAM AVENUE,10031,MN-09,40.817942,-73.95295,18,,2,15,1,Preservation,2017-07-14
51143,Edward Dozier HDFC,3,58,19.3,1,10,7,1492 AMSTERDAM AVENUE,10031,MN-09,40.818022,-73.952888,18,,2,15,1,Preservation,2017-07-14
51143,Edward Dozier HDFC,3,58,19.3,,12,10,1496 AMSTERDAM AVENUE,10031,MN-09,40.818104,-73.952831,22,,6,16,,Preservation,2017-07-14
68942,GENESIS MMN1901.FY26 - PROJECT 1 - LIHTC,4,54,13.5,,8,1,220 LENOX AVENUE,10027,MN-10,40.805303,-73.947277,9,,8,1,,Preservation,
68942,GENESIS MMN1901.FY26 - PROJECT 1 - LIHTC,4,54,13.5,,5,6,205 WEST 115 STREET,10026,MN-10,40.802729,-73.953463,11,3,,8,,Preservation,
68942,GENESIS MMN1901.FY26 - PROJECT 1 - LIHTC,4,54,13.5,,2,8,203 WEST 131 STREET,10027,MN-10,40.812949,-73.946028,10,1,,,9,Preservation,
68942,GENESIS MMN1901.FY26 - PROJECT 1 - LIHTC,4,54,13.5,,15,9,33 WEST 138 STREET,10037,MN-10,40.815317,-73.937739,24,2,22,,,Preservation,
78014,GENESIS MMN1901.FY26 - PROJECT 2 - NON-LIHTC,3,27,9.0,,,1,222 LENOX AVENUE,10027,MN-10,40.805366,-73.94723,8,3,3,1,1,Preservation,
78014,GENESIS MMN1901.FY26 - PROJECT 2 - NON-LIHTC,3,27,9.0,,,1,77 LENOX AVENUE,10026,MN-10,40.800625,-73.950719,9,,,5,4,Preservation,
78014,GENESIS MMN1901.FY26 - PROJECT 2 - NON-LIHTC,3,27,9.0,,,2,358 WEST 116 STREET,10026,MN-10,40.805178,-73.957189,10,1,4,5,,Preservation,
66663,104-106 WEST 139 STREET CLUSTER,4,58,14.5,,,10,104 WEST 139 STREET,10030,MN-10,40.816857,-73.939482,10,1,1,4,3,Preservation,
66663,104-106 WEST 139 STREET CLUSTER,4,58,14.5,,,19,150 WEST 141 STREET,10030,MN-10,40.818504,-73.939546,19,9,1,9,,Preservation,
66663,104-106 WEST 139 STREET CLUSTER,4,58,14.5,,,18,135 WEST 142 STREET,10030,MN-10,40.819067,-73.938917,18,,5,1,8,Preservation,
66663,104-106 WEST 139 STREET CLUSTER,4,58,14.5,,,11,106 WEST 139 STREET,10030,MN-10,40.816915,-73.939627,11,2,1,4,3,Preservation,
61846,PARK AVE - E 129 STREET CLUSTER,2,40,20.0,,20,,51 EAST 129 STREET,10035,MN-11,40.808096,-73.938331,30,,1,,13,Preservation,
61846,PARK AVE - E 129 STREET CLUSTER,2,40,20.0,,7,,1263 PARK AVENUE,10029,MN-11,40.787585,-73.951791,10,,,10,,Preservation,
76387,88 MARBLE HILL AVENUE,2,16,8.0,,,,86 MARBLE HILL AVENUE,10463,MN-12,40.876661,-73.909444,8,,3,,,New Construction,
76387,88 MARBLE HILL AVENUE,2,16,8.0,,,,88 MARBLE HILL AVENUE,10463,MN-12,40.876705,-73.909429,8,,3,,,New Construction,
69296,WEST 120-126 STREET CLUSTER,4,48,12.0,,3,5,2350 FREDERICK DOUGLASS BOULEVARD,10027,MN-10,40.810934,-73.9506,8,,,,8,Preservation,
69296,WEST 120-126 STREET CLUSTER,4,48,12.0,,11,14,204 WEST 120 STREET,10027,MN-10,40.805939,-73.951044,25,1,8,16,,Preservation,
69296,WEST 120-126 STREET CLUSTER,4,48,12.0,,2,3,150 WEST 121 STREET,10027,MN-10,40.805812,-73.948797,5,,5,,,Preservation,
69296,WEST 120-126 STREET CLUSTER,4,48,12.0,,6,4,305 WEST 126 STREET,10027,MN-10,40.810975,-73.950972,10,,,10,,Preservation,
65470,110 LENOX AVENUE CLUSTER,4,55,13.8,,,,1971 ADAM C POWELL BOULEVARD,10026,MN-10,40.804855,-73.951319,10,,,,10,Preservation,
65470,110 LENOX AVENUE CLUSTER,4,55,13.8,,,,128 WEST 116 STREET,10026,MN-10,40.802491,-73.950815,10,,1,5,4,Preservation,
65470,110 LENOX AVENUE CLUSTER,4,55,13.8,,,,72 WEST 116 STREET,10026,MN-10,40.80173,-73.949006,17,,2,4,8,Preservation,
65470,110 LENOX AVENUE CLUSTER,4,55,13.8,,8,,102 WEST 119 STREET,10026,MN-10,40.804165,-73.948788,18,,4,8,,Preservation,
72709,9 FORT WASHINGTON PHASE II,2,50,25.0,,,,9 FT WASHINGTON AVENUE,10032,MN-12,40.835584,-73.944496,25,,6,11,8,Preservation,2026-01-21
72709,9 FORT WASHINGTON PHASE II,2,50,25.0,,,,609 WEST 158 STREET,10032,MN-12,40.83503,-73.945255,25,,,17,8,Preservation,
73193,SITE 15 HEIGHLINER PORTFOLIO YR15.FY23,6,87,14.5,,12,3,203 WEST 148 STREET,10039,MN-10,40.823795,-73.938193,15,2,5,8,,Preservation,2023-06-02
73193,SITE 15 HEIGHLINER PORTFOLIO YR15.FY23,6,87,14.5,,10,4,205 WEST 148 STREET,10039,MN-10,40.823812,-73.938233,15,2,5,8,,Preservation,2023-06-02
73193,SITE 15 HEIGHLINER PORTFOLIO YR15.FY23,6,87,14.5,,14,1,207 WEST 148 STREET,10039,MN-10,40.823828,-73.938273,15,2,5,8,,Preservation,2023-06-02
73193,SITE 15 HEIGHLINER PORTFOLIO YR15.FY23,6,87,14.5,,10,4,209 WEST 148 STREET,10039,MN-10,40.823845,-73.938312,15,,6,7,2,Preservation,2023-06-02
73193,SITE 15 HEIGHLINER PORTFOLIO YR15.FY23,6,87,14.5,,14,1,211 WEST 148 STREET,10039,MN-10,40.823861,-73.938352,15,,4,11,,Preservation,2023-06-02
73193,SITE 15 HEIGHLINER PORTFOLIO YR15.FY23,6,87,14.5,,10,,215 WEST 148 STREET,10039,MN-10,40.823894,-73.938432,12,,4,8,,Preservation,2023-06-02
66225,MORNINGSIDE CLUSTER,3,36,12.0,,,,384 MANHATTAN AVENUE,10026,MN-10,40.805197,-73.956687,9,,,1,8,Preservation,
66225,MORNINGSIDE CLUSTER,3,36,12.0,,,,494 MANHATTAN AVENUE,10027,MN-10,40.807947,-73.95468,9,,9,,,Preservation,
66225,MORNINGSIDE CLUSTER,3,36,12.0,,,,357 WEST 115 STREET,10026,MN-10,40.804481,-73.957623,18,,,8,10,Preservation,
73206,2750 & 2754 FREDERICK DOUGLAS BOULEVARD APARTMENTS,2,27,13.5,,,,2750 FREDERICK DOUGLASS BLVD,10039,MN-10,40.823599,-73.941348,14,,3,2,,New Construction,2023-03-27
73206,2750 & 2754 FREDERICK DOUGLAS BOULEVARD APARTMENTS,2,27,13.5,,,,2754 FREDERICK DOUGLASS BLVD,10039,MN-10,40.823706,-73.941268,13,,4,,,New Construction,2023-05-05
67442,505 WEST 134 STREET CLUSTER,3,69,23.0,,10,,505 WEST 134 STREET,10031,MN-09,40.81842,-73.953141,19,,,18,1,Preservation,2024-06-17
67442,505 WEST 134 STREET CLUSTER,3,69,23.0,,17,,523 WEST 134 STREET,10031,MN-09,40.818868,-73.954214,25,,1,16,8,Preservation,2024-06-17
67442,505 WEST 134 STREET CLUSTER,3,69,23.0,,16,,527 WEST 134 STREET,10031,MN-09,40.818895,-73.954272,25,,3,16,6,Preservation,2025-03-17
64689,NME III,2,52,26.0,,,,207 WEST 140 STREET,10030,MN-10,40.818736,-73.941995,21,,10,11,,New Construction,2024-05-17
64689,NME III,2,52,26.0,,,,304 WEST 150 STREET,10039,MN-10,40.826069,-73.939785,31,1,11,8,11,New Construction,2025-04-29
64543,LOWER EAST SIDE CLUSTER,3,44,14.7,,,,195 AVENUE C,10009,MN-03,40.727,-73.976715,9,1,,8,,Preservation,2023-12-22
64543,LOWER EAST SIDE CLUSTER,3,44,14.7,,,,406 EAST 10 STREET,10009,MN-03,40.725658,-73.977032,21,,1,9,10,Preservation,2023-11-15
64543,LOWER EAST SIDE CLUSTER,3,44,14.7,,,,533 EAST 11 STREET,10009,MN-03,40.728085,-73.980907,14,4,,6,4,Preservation,2023-12-18
65433,2274 ADAM CLAYTON POWELL JR. BLVD. CLUSTER,3,36,12.0,,,,2274 ADAM C POWELL BOULEVARD,10030,MN-10,40.814447,-73.94434,7,,6,,,Preservation,2024-03-19
65433,2274 ADAM CLAYTON POWELL JR. BLVD. CLUSTER,3,36,12.0,,,,24 WEST 132 STREET,10037,MN-10,40.811258,-73.940004,10,,,10,,Preservation,2024-03-19
65433,2274 ADAM CLAYTON POWELL JR. BLVD. CLUSTER,3,36,12.0,,,,202 WEST 133 STREET,10030,MN-10,40.814198,-73.945117,19,,11,7,,Preservation,2024-03-29
65467,EHEBCLT,4,38,9.5,,,,2203 3 AVENUE,10035,MN-11,40.8006,-73.938067,5,2,,3,,Preservation,
65467,EHEBCLT,4,38,9.5,,7,,2018 ADAM C POWELL BOULEVARD,10027,MN-10,40.806268,-73.950314,14,,,10,4,Preservation,
65467,EHEBCLT,4,38,9.5,,3,,53 EAST 110 STREET,10029,MN-11,40.796032,-73.947328,9,,,9,,Preservation,
65467,EHEBCLT,4,38,9.5,,4,,304 EAST 126 STREET,10035,MN-11,40.803196,-73.93256,10,,,10,,Preservation,
68231,MMN1902 - LEMLE WEST 117 STREET,2,41,20.5,,12,14,138 WEST 117 STREET,10026,MN-10,40.803422,-73.95093,27,4,11,11,1,Preservation,2023-03-29
68231,MMN1902 - LEMLE WEST 117 STREET,2,41,20.5,,5,9,264 WEST 117 STREET,10026,MN-10,40.804711,-73.953978,14,4,5,4,1,Preservation,2022-06-16
48996,204 AVENUE A & 535 EAST 12TH STREET PROJECT,2,21,10.5,,,10,204 AVENUE A,10009,MN-03,40.729512,-73.981,10,,8,2,,New Construction,2025-03-11
48996,204 AVENUE A & 535 EAST 12TH STREET PROJECT,2,21,10.5,,,,535 EAST 12 STREET,10009,MN-03,40.728708,-73.980405,11,1,10,,,New Construction,2024-03-01
61840,LENOX AVENUE CLUSTER (ANCP),5,55,11.0,,,,406 LENOX AVENUE,10037,MN-10,40.811095,-73.943049,9,,,9,,Preservation,2022-12-29
61840,LENOX AVENUE CLUSTER (ANCP),5,55,11.0,,,,424 LENOX AVENUE,10037,MN-10,40.81174,-73.942579,7,,4,3,,Preservation,2022-01-31
61840,LENOX AVENUE CLUSTER (ANCP),5,55,11.0,,,,426 LENOX AVENUE,10037,MN-10,40.811779,-73.94255,7,,3,4,,Preservation,2022-02-14
61840,LENOX AVENUE CLUSTER (ANCP),5,55,11.0,,,,432 LENOX AVENUE,10037,MN-10,40.811899,-73.94246,3,,,3,,Preservation,2022-03-25
61840,LENOX AVENUE CLUSTER (ANCP),5,55,11.0,,,,135 WEST 132 STREET,10027,MN-10,40.812676,-73.94337,29,5,1,12,11,Preservation,2024-04-27
48143,MMN1802 - CLOTH AMSTERDAM AVENUE,4,58,14.5,,3,13,2488 ADAM C POWELL BOULEVARD,10030,MN-10,40.821307,-73.93933,16,,6,9,1,Preservation,2022-12-14
48143,MMN1802 - CLOTH AMSTERDAM AVENUE,4,58,14.5,,6,7,2794 FREDERICK DOUGLASS BOULEVARD,10039,MN-10,40.825021,-73.940306,13,,3,5,5,Preservation,2023-04-25
48143,MMN1802 - CLOTH AMSTERDAM AVENUE,4,58,14.5,,11,1,2110 AMSTERDAM AVENUE,10032,MN-12,40.837711,-73.938498,13,4,,9,,Preservation,2023-05-02
48143,MMN1802 - CLOTH AMSTERDAM AVENUE,4,58,14.5,,7,9,2185 AMSTERDAM AVENUE,10032,MN-12,40.840085,-73.936743,16,5,,10,1,Preservation,2023-05-02
60784,105TH STREET & AMSTERDAM AVENUE PROJECT,2,28,14.0,,,,981 AMSTERDAM AVENUE,10025,MN-07,40.801832,-73.964679,13,,,13,,Preservation,2022-11-23
60784,105TH STREET & AMSTERDAM AVENUE PROJECT,2,28,14.0,,,,107 WEST 105 STREET,10025,MN-07,40.798698,-73.963654,15,,,15,,Preservation,2022-12-03
68551,614-20 EAST 9 STREET HDFC,4,32,8.0,,,,614 EAST 9 STREET,10009,MN-03,40.725925,-73.979515,8,,,8,,Preservation,2019-02-28
68551,614-20 EAST 9 STREET HDFC,4,32,8.0,,,,616 EAST 9 STREET,10009,MN-03,40.725914,-73.979486,8,,,8,,Preservation,2019-02-28
68551,614-20 EAST 9 STREET HDFC,4,32,8.0,,,,618 EAST 9 STREET,10009,MN-03,40.7259,-73.979453,8,,,8,,Preservation,2019-02-28
68551,614-20 EAST 9 STREET HDFC,4,32,8.0,,,,620 EAST 9 STREET,10009,MN-03,40.725889,-73.979424,8,,,8,,Preservation,2019-02-28
65847,NHP - HOPE HOMES CLUSTER AMENDMENT,10,32,3.2,,,,118 EAST 117 STREET,10035,MN-11,40.799663,-73.942004,4,,,,4,Preservation,2018-07-18
65847,NHP - HOPE HOMES CLUSTER AMENDMENT,10,32,3.2,,,,217 EAST 118 STREET,10035,MN-11,40.799011,-73.938455,3,,,,3,Preservation,2018-07-18
65847,NHP - HOPE HOMES CLUSTER AMENDMENT,10,32,3.2,,,,219 EAST 118 STREET,10035,MN-11,40.798997,-73.938426,3,,,,3,Preservation,2018-07-18
65847,NHP - HOPE HOMES CLUSTER AMENDMENT,10,32,3.2,,,,425 EAST 118 STREET,10035,MN-11,40.79701,-73.933725,3,,,,3,Preservation,2018-07-18
65847,NHP - HOPE HOMES CLUSTER AMENDMENT,10,32,3.2,,,,345 EAST 119 STREET,10035,MN-11,40.798166,-73.934519,4,,,,4,Preservation,2018-07-18
65847,NHP - HOPE HOMES CLUSTER AMENDMENT,10,32,3.2,,,,424 EAST 119 STREET,10035,MN-11,40.797622,-73.933273,2,,,,2,Preservation,2018-07-18
65847,NHP - HOPE HOMES CLUSTER AMENDMENT,10,32,3.2,,,,215 EAST 120 STREET,10035,MN-11,40.800284,-73.937579,3,,,,3,Preservation,2018-07-18
65847,NHP - HOPE HOMES CLUSTER AMENDMENT,10,32,3.2,,,,328 EAST 120 STREET,10035,MN-11,40.799182,-73.934807,3,,,,3,Preservation,2018-07-18
65847,NHP - HOPE HOMES CLUSTER AMENDMENT,10,32,3.2,,,,38 EAST 126 STREET,10035,MN-11,40.806552,-73.940517,3,,,,3,Preservation,2018-07-18
65847,NHP - HOPE HOMES CLUSTER AMENDMENT,10,32,3.2,,,,50 EAST 127 STREET,10035,MN-11,40.806886,-73.939372,4,,,,4,Preservation,2018-07-18
61837,9 FORT WASHINGTON AVENUE CLUSTER,2,44,22.0,,,,518 WEST 161 STREET,10032,MN-12,40.835673,-73.940983,24,,1,13,10,Preservation,2018-06-19
61837,9 FORT WASHINGTON AVENUE CLUSTER,2,44,22.0,,,,544 WEST 163 STREET,10032,MN-12,40.837265,-73.940884,20,,1,12,7,Preservation,2018-06-19
65364,CASA CECILIA,2,35,17.5,,,,528 WEST 153 STREET,10031,MN-09,40.830669,-73.944886,10,1,,9,,Preservation,2017-12-15
65364,CASA CECILIA,2,35,17.5,,,,536 WEST 153 STREET,10031,MN-09,40.830735,-73.945045,25,,,16,9,Preservation,2017-12-15
48608,TMN904 - PRECISE,6,125,20.8,,2,8,244 LENOX AVENUE,10027,MN-10,40.806126,-73.946677,10,2,8,,,Preservation,2020-03-18
48608,TMN904 - PRECISE,6,125,20.8,,4,18,23 WEST 119 STREET,10026,MN-10,40.803069,-73.946145,23,4,8,6,4,Preservation,2021-08-16
48608,TMN904 - PRECISE,6,125,20.8,,,4,157 WEST 122 STREET,10027,MN-10,40.806495,-73.948428,4,,4,,,Preservation,2020-09-16
48608,TMN904 - PRECISE,6,125,20.8,,8,47,410 WEST 128 STREET,10027,MN-09,40.813098,-73.952169,56,,37,12,7,Preservation,2021-06-21
48608,TMN904 - PRECISE,6,125,20.8,,3,24,116 WEST 129 STREET,10027,MN-10,40.81075,-73.944679,28,4,13,6,4,Preservation,2019-11-07
48608,TMN904 - PRECISE,6,125,20.8,,,4,111 WEST 131 STREET,10027,MN-10,40.811856,-73.943381,4,1,3,,,Preservation,2019-10-25
64892,FH HOMES,2,41,20.5,,6,14,2264 AMSTERDAM AVENUE,10032,MN-12,40.842622,-73.934927,21,,21,,,Preservation,2017-08-17
64892,FH HOMES,2,41,20.5,,6,13,441 WEST 47 STREET,10036,MN-04,40.762138,-73.991553,20,12,8,,,Preservation,2017-08-17
63845,LESPMHA HDFC,18,210,11.7,,5,4,168 ATTORNEY STREET,10002,MN-03,40.720806,-73.983207,10,,1,4,5,Preservation,2017-06-29
63845,LESPMHA HDFC,18,210,11.7,,4,4,169 AVENUE B,10009,MN-03,40.727253,-73.979612,9,,,9,,Preservation,2017-06-29
63845,LESPMHA HDFC,18,210,11.7,,5,4,171 AVENUE B,10009,MN-03,40.727313,-73.979568,9,,,9,,Preservation,2017-06-29
63845,LESPMHA HDFC,18,210,11.7,,5,4,173 AVENUE B,10009,MN-03,40.727374,-73.979525,9,,,,9,Preservation,2017-06-29
63845,LESPMHA HDFC,18,210,11.7,,11,11,134 AVENUE C,10009,MN-03,40.724988,-73.978184,22,,,12,10,Preservation,2017-06-29
63845,LESPMHA HDFC,18,210,11.7,,1,1,17 AVENUE D,10009,MN-03,40.720594,-73.9783,2,1,1,,,Preservation,2017-06-29
63845,LESPMHA HDFC,18,210,11.7,,5,4,45 CLINTON STREET,10002,MN-03,40.719824,-73.9847,9,,,9,,Preservation,2017-06-29
63845,LESPMHA HDFC,18,210,11.7,,13,11,166 EAST 2 STREET,10009,MN-03,40.722654,-73.984898,25,,11,10,4,Preservation,2017-06-29
63845,LESPMHA HDFC,18,210,11.7,,2,3,523 EAST 6 STREET,10009,MN-03,40.725179,-73.983238,5,,,1,4,Preservation,2017-06-29
63845,LESPMHA HDFC,18,210,11.7,,2,3,218 EAST 7 STREET,10009,MN-03,40.724445,-73.979746,5,,,,1,Preservation,2017-06-29
63845,LESPMHA HDFC,18,210,11.7,,7,5,327 EAST 8 STREET,10009,MN-03,40.725043,-73.979212,12,,9,,3,Preservation,2017-06-29
63845,LESPMHA HDFC,18,210,11.7,,2,3,295 EAST 10 STREET,10009,MN-03,40.727679,-73.981812,5,,,1,4,Preservation,2017-06-29
63845,LESPMHA HDFC,18,210,11.7,,3,4,391 EAST 10 STREET,10009,MN-03,40.726138,-73.97814,7,,1,6,,Preservation,2017-06-29
63845,LESPMHA HDFC,18,210,11.7,,6,5,419 EAST 12 STREET,10009,MN-03,40.729606,-73.982548,11,,6,5,,Preservation,2017-06-29
63845,LESPMHA HDFC,18,210,11.7,,8,6,539 EAST 11 STREET,10009,MN-03,40.728041,-73.980809,15,,10,5,,Preservation,2017-06-29
63845,LESPMHA HDFC,18,210,11.7,,9,10,15 CLINTON STREET,10002,MN-03,40.720845,-73.984166,19,,1,18,,Preservation,2017-06-29
63845,LESPMHA HDFC,18,210,11.7,,5,5,28 CLINTON STREET,10002,MN-03,40.720515,-73.984318,10,,2,,8,Preservation,2017-06-29
63845,LESPMHA HDFC,18,210,11.7,,13,12,165 SUFFOLK STREET,10002,MN-03,40.721073,-73.985032,26,,5,19,2,Preservation,2017-06-29
60872,MHANY 2004 HDFC.HPOP.FY17,4,111,27.8,,10,24,428 EAST 117 STREET,10035,MN-11,40.796343,-73.93413,35,,18,,17,Preservation,2017-06-22
60872,MHANY 2004 HDFC.HPOP.FY17,4,111,27.8,,7,9,446 EAST 117 STREET,10035,MN-11,40.79622,-73.933842,16,,5,6,3,Preservation,2017-06-22
60872,MHANY 2004 HDFC.HPOP.FY17,4,111,27.8,,6,24,226 EAST 119 STREET,10035,MN-11,40.799559,-73.937833,30,,1,12,11,Preservation,2017-06-22
60872,MHANY 2004 HDFC.HPOP.FY17,4,111,27.8,,5,24,234 EAST 119 STREET,10035,MN-11,40.799504,-73.937707,30,,1,12,11,Preservation,2017-06-22
64645,39 WEST 23RD STREET,2,44,22.0,,,2,39 WEST 23 STREET,10010,MN-05,40.742131,-73.990931,35,1,1,,,New Construction,
64645,39 WEST 23RD STREET,2,44,22.0,,,,22 WEST 24 STREET,10010,MN-05,40.742595,-73.990051,9,,,2,,New Construction,
61660,ECDO TRANSFERS TO NYC JOE,18,221,12.3,,,10,107 MORNINGSIDE AVENUE,10027,MN-09,40.810423,-73.954693,10,1,,9,,Preservation,2016-07-01
61660,ECDO TRANSFERS TO NYC JOE,18,221,12.3,,,10,109 MORNINGSIDE AVENUE,10027,MN-09,40.810461,-73.954664,10,1,,9,,Preservation,2016-07-01
61660,ECDO TRANSFERS TO NYC JOE,18,221,12.3,,,10,111 MORNINGSIDE AVENUE,10027,MN-09,40.810499,-73.954635,10,1,,9,,Preservation,2016-07-01
61660,ECDO TRANSFERS TO NYC JOE,18,221,12.3,,,18,654 ST NICHOLAS AVENUE,10030,MN-09,40.822556,-73.94545,24,,7,7,10,Preservation,2016-07-01
61660,ECDO TRANSFERS TO NYC JOE,18,221,12.3,,14,1,36 ST NICHOLAS PLACE,10031,MN-09,40.828351,-73.9416,15,6,1,8,,Preservation,2016-07-01
61660,ECDO TRANSFERS TO NYC JOE,18,221,12.3,,4,,122 WEST 119 STREET,10026,MN-10,40.804327,-73.949174,4,,1,3,,Preservation,2016-07-01
61660,ECDO TRANSFERS TO NYC JOE,18,221,12.3,,,16,457 WEST 125 STREET,10027,MN-09,40.812805,-73.95575,16,5,5,,6,Preservation,2016-07-01
61660,ECDO TRANSFERS TO NYC JOE,18,221,12.3,,19,,361 WEST 126 STREET,10027,MN-09,40.811629,-73.952525,20,10,10,,,Preservation,2016-07-01
61660,ECDO TRANSFERS TO NYC JOE,18,221,12.3,,20,,363 WEST 126 STREET,10027,MN-09,40.811649,-73.952564,20,11,9,,,Preservation,2016-07-01
61660,ECDO TRANSFERS TO NYC JOE,18,221,12.3,,9,,367 WEST 126 STREET,10027,MN-09,40.811684,-73.952651,9,,9,,,Preservation,2016-07-01
61660,ECDO TRANSFERS TO NYC JOE,18,221,12.3,,4,,39 WEST 126 STREET,10027,MN-10,40.807656,-73.943088,4,,4,,,Preservation,2016-07-01
61660,ECDO TRANSFERS TO NYC JOE,18,221,12.3,,8,7,433 WEST 126 STREET,10027,MN-09,40.812923,-73.954633,15,1,1,13,,Preservation,2016-07-01
61660,ECDO TRANSFERS TO NYC JOE,18,221,12.3,,4,,44 WEST 126 STREET,10027,MN-10,40.807686,-73.943211,4,,4,,,Preservation,2016-07-01
61660,ECDO TRANSFERS TO NYC JOE,18,221,12.3,,3,16,464 WEST 126 STREET,10027,MN-09,40.813662,-73.955308,19,2,,6,6,Preservation,2016-07-01
61660,ECDO TRANSFERS TO NYC JOE,18,221,12.3,,4,,364 WEST 127 STREET,10027,MN-09,40.812379,-73.952401,8,,3,3,,Preservation,2016-07-01
61660,ECDO TRANSFERS TO NYC JOE,18,221,12.3,,2,,366 WEST 127 STREET,10027,MN-09,40.812395,-73.952437,8,,3,3,,Preservation,2016-07-01
61660,ECDO TRANSFERS TO NYC JOE,18,221,12.3,,10,,452 ST NICHOLAS AVENUE,10027,MN-10,40.815215,-73.948906,10,,,6,4,Preservation,2016-07-01
61660,ECDO TRANSFERS TO NYC JOE,18,221,12.3,,,14,521 WEST 144 STREET,10031,MN-09,40.824907,-73.948898,15,,2,8,,Preservation,2016-07-01
58870,El Caribe Apartments,5,49,9.8,,,13,161 ALLEN STREET,10002,MN-03,40.721038,-73.989448,13,,13,,,Preservation,2016-03-02
58870,El Caribe Apartments,5,49,9.8,,1,1,305 EAST HOUSTON STREET,10002,MN-03,40.72135,-73.983445,4,,3,,1,Preservation,2016-03-02
58870,El Caribe Apartments,5,49,9.8,,5,12,325 EAST HOUSTON STREET,10002,MN-03,40.721111,-73.982662,17,6,1,10,,Preservation,2016-03-02
58870,El Caribe Apartments,5,49,9.8,,2,3,147 RIVINGTON STREET,10002,MN-03,40.719291,-73.98579,7,,6,,1,Preservation,2016-03-02
58870,El Caribe Apartments,5,49,9.8,,2,5,156 STANTON STREET,10002,MN-03,40.720436,-73.985108,8,,8,,,Preservation,2016-03-02
49445,TMN903 - Lemle & Wolff,4,92,23.0,,18,,31 WEST 129 STREET,10027,MN-10,40.809604,-73.941909,18,,,,18,Preservation,2018-01-18
49445,TMN903 - Lemle & Wolff,4,92,23.0,,24,,39 WEST 129 STREET,10027,MN-10,40.809665,-73.942057,25,,,1,14,Preservation,2018-01-18
49445,TMN903 - Lemle & Wolff,4,92,23.0,,,,43 WEST 129 STREET,10027,MN-10,40.809698,-73.942129,25,,,2,12,Preservation,2018-09-05
49445,TMN903 - Lemle & Wolff,4,92,23.0,,24,,53 WEST 129 STREET,10027,MN-10,40.809778,-73.942317,24,,,,13,Preservation,2018-01-18
53551,Lower East Side - Inclusionary Zoning,2,26,13.0,,12,,377 EAST 10 STREET,10009,MN-03,40.726325,-73.978587,12,3,2,3,4,Preservation,2017-11-21
53551,Lower East Side - Inclusionary Zoning,2,26,13.0,,14,,544 EAST 13 STREET,10009,MN-03,40.729166,-73.979553,14,3,3,8,,Preservation,2017-11-21
53392,1766-68 SECOND AVENUE,2,28,14.0,,,22,1766 2 AVENUE,10128,MN-08,40.781779,-73.948884,22,,,19,3,New Construction,2019-08-22
53392,1766-68 SECOND AVENUE,2,28,14.0,,,6,1768 2 AVENUE,10128,MN-08,40.78182,-73.948855,6,5,1,,,New Construction,2019-08-22
54709,HCCI 2 Phase II,7,207,29.6,,,53,60 ST NICHOLAS AVENUE,10026,MN-10,40.800887,-73.952507,53,,,47,6,Preservation,2016-06-13
54709,HCCI 2 Phase II,7,207,29.6,,7,6,210 WEST 140 STREET,10030,MN-10,40.818755,-73.942085,18,,,8,10,Preservation,2016-06-13
54709,HCCI 2 Phase II,7,207,29.6,,7,6,212 WEST 140 STREET,10030,MN-10,40.818772,-73.942125,18,,,8,10,Preservation,2016-06-10
54709,HCCI 2 Phase II,7,207,29.6,,8,5,214 WEST 140 STREET,10030,MN-10,40.818788,-73.942165,18,,,8,6,Preservation,2016-06-10
54709,HCCI 2 Phase II,7,207,29.6,,8,5,216 WEST 140 STREET,10030,MN-10,40.818805,-73.942205,18,,,8,10,Preservation,2016-06-10
54709,HCCI 2 Phase II,7,207,29.6,,,35,239 WEST 145 STREET,10039,MN-10,40.822169,-73.940312,41,,5,31,5,Preservation,2016-06-10
54709,HCCI 2 Phase II,7,207,29.6,,,35,247 WEST 145 STREET,10039,MN-10,40.822238,-73.940471,41,,4,32,5,Preservation,2016-06-13
54948,West 140th Street,5,92,18.4,,2,11,206 WEST 140 STREET,10030,MN-10,40.818722,-73.942006,18,,,18,,Preservation,2015-06-29
54948,West 140th Street,5,92,18.4,,4,9,218 WEST 140 STREET,10030,MN-10,40.818821,-73.942244,18,,5,8,5,Preservation,2015-06-29
54948,West 140th Street,5,92,18.4,,3,10,220 WEST 140 STREET,10030,MN-10,40.818838,-73.942284,18,,,18,,Preservation,2015-06-29
54948,West 140th Street,5,92,18.4,,5,8,222 WEST 140 STREET,10030,MN-10,40.818854,-73.942324,18,,,18,,Preservation,2015-06-29
54948,West 140th Street,5,92,18.4,,4,14,267 WEST 140 STREET,10030,MN-10,40.819236,-73.94318,20,,,20,,Preservation,2015-06-29
52674,Genesis Year 15 Resyndication,28,358,12.8,,,26,2094 5 AVENUE,10035,MN-10,40.808783,-73.940544,27,,13,13,,Preservation,2017-10-03
52674,Genesis Year 15 Resyndication,28,358,12.8,,,9,2407 FREDERICK DOUGLASS BOULEVARD,10027,MN-10,40.812652,-73.949366,9,,5,4,,Preservation,2017-06-09
52674,Genesis Year 15 Resyndication,28,358,12.8,,,8,2451 FREDERICK DOUGLASS BOULEVARD,10027,MN-10,40.814188,-73.948249,9,,1,8,,Preservation,2017-06-15
52674,Genesis Year 15 Resyndication,28,358,12.8,,1,13,2467 FREDERICK DOUGLASS BOULEVARD,10027,MN-10,40.814723,-73.947858,14,,6,8,,Preservation,2017-10-20
52674,Genesis Year 15 Resyndication,28,358,12.8,,,8,418 LENOX AVENUE,10037,MN-10,40.811469,-73.942778,8,,,8,,Preservation,2017-07-06
52674,Genesis Year 15 Resyndication,28,358,12.8,,,10,418 ST NICHOLAS AVENUE,10027,MN-10,40.814568,-73.949289,10,,6,4,,Preservation,2017-06-22
52674,Genesis Year 15 Resyndication,28,358,12.8,,,24,147 WEST 127 STREET,10027,MN-10,40.809653,-73.945883,24,2,10,12,,Preservation,2017-07-06
52674,Genesis Year 15 Resyndication,28,358,12.8,,,23,28 WEST 127 STREET,10027,MN-10,40.808155,-73.942391,24,1,11,12,,Preservation,2017-06-22
52674,Genesis Year 15 Resyndication,28,358,12.8,,3,15,65 WEST 127 STREET,10027,MN-10,40.808524,-73.943218,18,,2,10,6,Preservation,2017-06-15
52674,Genesis Year 15 Resyndication,28,358,12.8,,,29,20 WEST 129 STREET,10027,MN-10,40.809497,-73.9417,29,7,17,5,,Preservation,2017-03-10
52674,Genesis Year 15 Resyndication,28,358,12.8,,,4,24 WEST 129 STREET,10027,MN-10,40.80953,-73.941776,4,,1,3,,Preservation,2017-03-10
52674,Genesis Year 15 Resyndication,28,358,12.8,,,4,26 WEST 129 STREET,10027,MN-10,40.809544,-73.941815,4,,4,,,Preservation,2017-06-15
52674,Genesis Year 15 Resyndication,28,358,12.8,,,4,30 WEST 129 STREET,10027,MN-10,40.809577,-73.941891,4,,1,3,,Preservation,2017-03-10
52674,Genesis Year 15 Resyndication,28,358,12.8,,,13,69 WEST 130 STREET,10037,MN-10,40.810431,-73.941941,14,,,14,,Preservation,2017-06-09
52674,Genesis Year 15 Resyndication,28,358,12.8,,3,21,28 WEST 131 STREET,10037,MN-10,40.810652,-73.940564,25,3,10,7,5,Preservation,2017-06-09
52674,Genesis Year 15 Resyndication,28,358,12.8,,,8,4 WEST 131 STREET,10037,MN-10,40.810421,-73.940016,8,1,4,3,,Preservation,2017-06-15
52674,Genesis Year 15 Resyndication,28,358,12.8,,,4,71 WEST 131 STREET,10037,MN-10,40.811075,-73.941529,4,,4,,,Preservation,2017-07-11
52674,Genesis Year 15 Resyndication,28,358,12.8,,1,3,72 WEST 131 STREET,10037,MN-10,40.811075,-73.941572,4,,4,,,Preservation,2017-07-11
52674,Genesis Year 15 Resyndication,28,358,12.8,,,4,73 WEST 131 STREET,10037,MN-10,40.811095,-73.941575,4,,4,,,Preservation,2017-10-13
52674,Genesis Year 15 Resyndication,28,358,12.8,,1,3,8 WEST 131 STREET,10037,MN-10,40.81046,-73.940109,4,,4,,,Preservation,2017-06-15
52674,Genesis Year 15 Resyndication,28,358,12.8,,,10,103 WEST 137 STREET,10030,MN-10,40.815623,-73.940412,10,1,,9,,Preservation,2017-09-18
52674,Genesis Year 15 Resyndication,28,358,12.8,,2,14,105 WEST 137 STREET,10030,MN-10,40.815639,-73.940448,17,1,12,4,,Preservation,2017-10-13
52674,Genesis Year 15 Resyndication,28,358,12.8,,3,7,125 WEST 137 STREET,10030,MN-10,40.815801,-73.940834,10,,,2,8,Preservation,2018-07-26
52674,Genesis Year 15 Resyndication,28,358,12.8,,1,9,127 WEST 137 STREET,10030,MN-10,40.815818,-73.94087,10,1,,5,4,Preservation,2017-07-21
52674,Genesis Year 15 Resyndication,28,358,12.8,,1,9,129 WEST 137 STREET,10030,MN-10,40.815834,-73.94091,10,1,,5,4,Preservation,2017-07-12
52674,Genesis Year 15 Resyndication,28,358,12.8,,5,14,131 WEST 137 STREET,10030,MN-10,40.815851,-73.94095,19,9,10,,,Preservation,2018-07-30
52674,Genesis Year 15 Resyndication,28,358,12.8,,5,19,106 WEST 138 STREET,10030,MN-10,40.816224,-73.939942,24,,,24,,Preservation,2018-07-26
52674,Genesis Year 15 Resyndication,28,358,12.8,,2,9,137 WEST 138 STREET,10030,MN-10,40.816839,-73.941365,11,1,2,4,4,Preservation,2018-07-30
48763,Dorie Miller Apartments - WHGA,4,54,13.5,,,8,2472 ADAM C POWELL BOULEVARD,10030,MN-10,40.820755,-73.939732,8,,8,,,Preservation,2019-04-05
48763,Dorie Miller Apartments - WHGA,4,54,13.5,,,7,2797 FREDERICK DOUGLASS BOULEVARD,10039,MN-10,40.825166,-73.940226,8,,,8,,Preservation,2018-02-13
48763,Dorie Miller Apartments - WHGA,4,54,13.5,,6,14,204 BRADHURST AVENUE,10039,MN-10,40.827452,-73.939827,20,1,10,4,1,Preservation,2018-03-28
48763,Dorie Miller Apartments - WHGA,4,54,13.5,,11,7,232 WEST 149 STREET,10039,MN-10,40.824655,-73.938359,18,1,5,12,,Preservation,2018-02-07
50184,STRIVERS PLAZA II,10,117,11.7,,,8,2312 ADAM C POWELL BOULEVARD,10030,MN-10,40.815723,-73.943407,8,,,4,4,Preservation,2017-07-13
50184,STRIVERS PLAZA II,10,117,11.7,,3,18,2518 FREDERICK DOUGLASS BOULEVARD,10030,MN-10,40.816084,-73.946838,22,8,10,4,,Preservation,2017-07-13
50184,STRIVERS PLAZA II,10,117,11.7,,7,10,2540 FREDERICK DOUGLASS BOULEVARD,10030,MN-10,40.816732,-73.946365,17,4,9,4,,Preservation,2017-07-13
50184,STRIVERS PLAZA II,10,117,11.7,,,14,488 ST NICHOLAS AVENUE,10030,MN-10,40.81656,-73.948258,15,,2,13,,Preservation,2017-07-13
50184,STRIVERS PLAZA II,10,117,11.7,,3,12,490 ST NICHOLAS AVENUE,10030,MN-10,40.816634,-73.948225,15,1,3,11,,Preservation,2017-07-13
50184,STRIVERS PLAZA II,10,117,11.7,,,8,216 WEST 135 STREET,10030,MN-10,40.815595,-73.944411,8,,8,,,Preservation,2017-07-13
50184,STRIVERS PLAZA II,10,117,11.7,,2,6,229 WEST 135 STREET,10030,MN-10,40.815902,-73.945094,8,,4,4,,Preservation,2017-07-13
50184,STRIVERS PLAZA II,10,117,11.7,,,8,231 WEST 135 STREET,10030,MN-10,40.815933,-73.94517,8,,8,,,Preservation,2017-07-13
50184,STRIVERS PLAZA II,10,117,11.7,,,8,233 WEST 135 STREET,10030,MN-10,40.815966,-73.945242,8,,8,,,Preservation,2017-07-13
50184,STRIVERS PLAZA II,10,117,11.7,,2,6,235 WEST 135 STREET,10030,MN-10,40.815996,-73.945318,8,,4,4,,Preservation,2017-07-13
52733,HCCI 2,20,399,19.9,,,10,2031 ADAM C POWELL BOULEVARD,10027,MN-10,40.806748,-73.949938,11,,1,7,3,Preservation,2017-01-20
52733,HCCI 2,20,399,19.9,,,51,2400 ADAM C POWELL BOULEVARD,10030,MN-10,40.818535,-73.941356,54,,,7,16,Preservation,2014-12-04
52733,HCCI 2,20,399,19.9,,,8,2815 FREDERICK DOUGLASS BOULEVARD,10039,MN-10,40.825893,-73.939694,12,,2,5,5,Preservation,2014-12-04
52733,HCCI 2,20,399,19.9,,,18,2819 FREDERICK DOUGLASS BOULEVARD,10039,MN-10,40.826066,-73.939568,44,,10,1,33,Preservation,2014-12-04
52733,HCCI 2,20,399,19.9,,,9,2844 FREDERICK DOUGLASS BOULEVARD,10039,MN-10,40.82642,-73.939289,27,,17,10,,Preservation,2017-01-20
52733,HCCI 2,20,399,19.9,,,25,2855 8 AVENUE,10039,MN-10,40.82741,-73.938587,49,,10,25,14,Preservation,2017-05-10
52733,HCCI 2,20,399,19.9,,,8,220 BRADHURST AVENUE,10039,MN-10,40.828122,-73.939356,18,,6,10,2,Preservation,2014-12-04
52733,HCCI 2,20,399,19.9,,,13,161 LENOX AVENUE,10026,MN-10,40.803429,-73.948669,13,,4,8,1,Preservation,2017-01-20
52733,HCCI 2,20,399,19.9,,,4,191 LENOX AVENUE,10026,MN-10,40.804318,-73.948022,4,,,4,,Preservation,2017-05-10
52733,HCCI 2,20,399,19.9,,,12,166 WEST 120 STREET,10027,MN-10,40.80531,-73.949549,12,4,,4,4,Preservation,2016-07-12
52733,HCCI 2,20,399,19.9,,,10,203 WEST 140 STREET,10030,MN-10,40.818703,-73.941916,15,,1,12,2,Preservation,2017-01-20
52733,HCCI 2,20,399,19.9,,,2,205 WEST 140 STREET,10030,MN-10,40.81872,-73.941955,10,,,,10,Preservation,2017-07-12
52733,HCCI 2,20,399,19.9,,,3,211 WEST 140 STREET,10030,MN-10,40.818769,-73.942075,10,,,,10,Preservation,2016-12-28
52733,HCCI 2,20,399,19.9,,,8,213 WEST 140 STREET,10030,MN-10,40.818786,-73.942114,15,,1,12,2,Preservation,2016-07-12
52733,HCCI 2,20,399,19.9,,,3,215 WEST 140 STREET,10030,MN-10,40.818802,-73.942154,15,,1,12,2,Preservation,2014-12-04
52733,HCCI 2,20,399,19.9,,,6,223 WEST 145 STREET,10039,MN-10,40.822037,-73.939998,16,,5,10,1,Preservation,2014-12-04
52733,HCCI 2,20,399,19.9,,,16,210 WEST 147 STREET,10039,MN-10,40.823288,-73.938989,41,,,29,12,Preservation,2014-12-04
52733,HCCI 2,20,399,19.9,,,,302 WEST 150 STREET,10039,MN-10,40.826063,-73.93977,7,1,4,2,,Preservation,2014-12-04
52733,HCCI 2,20,399,19.9,,,6,308 WEST 150 STREET,10039,MN-10,40.82608,-73.93981,18,1,,17,,Preservation,2014-12-04
52733,HCCI 2,20,399,19.9,,,8,86 WEST 120 STREET,10027,MN-10,40.804345,-73.947267,8,,4,4,,Preservation,2017-04-13
51177,Edgecombe Preservation Reyndication (Phase),15,254,16.9,,,7,1702 AMSTERDAM AVENUE,10031,MN-09,40.82472,-73.947995,7,,3,4,,Preservation,2015-07-23
51177,Edgecombe Preservation Reyndication (Phase),15,254,16.9,,,12,1780 AMSTERDAM AVENUE,10031,MN-09,40.82725,-73.946143,13,,3,5,5,Preservation,2015-07-23
51177,Edgecombe Preservation Reyndication (Phase),15,254,16.9,,,9,1784 AMSTERDAM AVENUE,10031,MN-09,40.827359,-73.946063,9,,1,8,,Preservation,2015-12-16
51177,Edgecombe Preservation Reyndication (Phase),15,254,16.9,,,9,1786 AMSTERDAM AVENUE,10031,MN-09,40.827414,-73.946024,9,,1,8,,Preservation,2015-08-13
51177,Edgecombe Preservation Reyndication (Phase),15,254,16.9,,,8,115 EDGECOMBE AVENUE,10030,MN-10,40.820352,-73.945556,9,1,3,5,,Preservation,2015-07-14
51177,Edgecombe Preservation Reyndication (Phase),15,254,16.9,,,15,161 EDGECOMBE AVENUE,10030,MN-09,40.821998,-73.944641,15,1,9,1,4,Preservation,2015-12-17
51177,Edgecombe Preservation Reyndication (Phase),15,254,16.9,,,19,165 EDGECOMBE AVENUE,10030,MN-09,40.822059,-73.944612,20,,12,8,,Preservation,2016-03-01
51177,Edgecombe Preservation Reyndication (Phase),15,254,16.9,,,20,169 EDGECOMBE AVENUE,10030,MN-09,40.822119,-73.944586,20,,12,8,,Preservation,2016-02-23
51177,Edgecombe Preservation Reyndication (Phase),15,254,16.9,,,42,180 EDGECOMBE AVENUE,10030,MN-09,40.822218,-73.944514,42,,7,19,16,Preservation,2015-07-30
51177,Edgecombe Preservation Reyndication (Phase),15,254,16.9,,,35,211 EDGECOMBE AVENUE,10030,MN-09,40.822753,-73.944282,36,,22,4,10,Preservation,2016-02-23
51177,Edgecombe Preservation Reyndication (Phase),15,254,16.9,,,15,618 ST NICHOLAS AVENUE,10030,MN-10,40.821068,-73.946159,15,,10,,5,Preservation,2015-07-14
51177,Edgecombe Preservation Reyndication (Phase),15,254,16.9,,,10,347 WEST 141 STREET,10030,MN-09,40.820986,-73.945397,10,1,4,1,4,Preservation,2015-07-14
51177,Edgecombe Preservation Reyndication (Phase),15,254,16.9,,,12,351 WEST 141 STREET,10030,MN-09,40.821005,-73.94544,12,1,,5,6,Preservation,2015-07-14
51177,Edgecombe Preservation Reyndication (Phase),15,254,16.9,,,7,340 WEST 145 STREET,10039,MN-09,40.823697,-73.943985,7,,,7,,Preservation,2015-11-09
51177,Edgecombe Preservation Reyndication (Phase),15,254,16.9,,,30,219 EDGECOMBE AVENUE,10030,MN-09,40.822874,-73.944224,30,,20,10,,Preservation,2015-12-28
50359,FS Development,4,105,26.2,,,41,2394 ADAM C POWELL BOULEVARD,10030,MN-10,40.818324,-73.941511,51,4,,12,12,Preservation,2014-06-25
50359,FS Development,4,105,26.2,,,10,224 WEST 140 STREET,10030,MN-10,40.818871,-73.94236,18,,,18,,Preservation,2014-06-25
50359,FS Development,4,105,26.2,,,10,226 WEST 140 STREET,10030,MN-10,40.818887,-73.9424,18,,,18,,Preservation,2014-06-25
50359,FS Development,4,105,26.2,,,11,228 WEST 140 STREET,10030,MN-10,40.818907,-73.942439,18,,,18,,Preservation,2014-06-25
48128,"Harlem Cluster-Artimus Construction, Inc.",6,100,16.7,,10,,235 WEST 116 STREET,10026,MN-10,40.80386,-73.954018,16,,,11,5,Preservation,2016-08-16
48128,"Harlem Cluster-Artimus Construction, Inc.",6,100,16.7,,,,229 WEST 121 STREET,10027,MN-10,40.806845,-73.951202,21,5,6,10,,Preservation,2016-06-01
48128,"Harlem Cluster-Artimus Construction, Inc.",6,100,16.7,,3,6,119 WEST 133 STREET,10030,MN-10,40.813266,-73.942856,10,5,4,1,,Preservation,2016-06-22
48128,"Harlem Cluster-Artimus Construction, Inc.",6,100,16.7,,11,9,125 WEST 133 STREET,10030,MN-10,40.81331,-73.942957,21,,2,14,5,Preservation,2016-12-08
48128,"Harlem Cluster-Artimus Construction, Inc.",6,100,16.7,,4,6,132 WEST 133 STREET,10030,MN-10,40.813357,-73.94312,11,1,1,9,,Preservation,2016-12-14
48128,"Harlem Cluster-Artimus Construction, Inc.",6,100,16.7,,,,63 WEST 137TH ST,10037,MN-10,40.81484,-73.938548,21,2,8,11,,Preservation,2016-06-16
50252,El Borinquen II,2,27,13.5,,,17,143 AVENUE D,10009,MN-03,40.724749,-73.975269,17,4,,9,4,Preservation,2014-03-31
50252,El Borinquen II,2,27,13.5,,,10,630 EAST 11 STREET,10009,MN-03,40.726965,-73.978298,10,1,,9,,Preservation,2014-03-31
52436,153 Manhattan Ave HDFC Extended Affordability,3,64,21.3,,,21,153 MANHATTAN AVENUE,10025,MN-07,40.799427,-73.960927,22,1,,16,5,Preservation,2014-03-19
52436,153 Manhattan Ave HDFC Extended Affordability,3,64,21.3,,,24,157 MANHATTAN AVENUE,10025,MN-07,40.79949,-73.96088,24,,19,5,,Preservation,2014-03-19
52436,153 Manhattan Ave HDFC Extended Affordability,3,64,21.3,,,18,161 MANHATTAN AVENUE,10025,MN-07,40.799553,-73.960833,18,,10,4,4,Preservation,2014-03-19
